1 1.5 0.75 0 0 1
2 1.5 0.75 0 0 1
3 1.5 0.75 0 0 1
4 1.5 0.75 0 0 1
5 1.5 0.75 0 0 1
1 3 0.75 0 0 1
2 3 0.75 0 0 1
3 3 0.75 0 0 1
4 3 0.75 0 0 1
5 3 0.75 0 0 1
1 4.5 0.75 0 0 1
2 4.5 0.75 0 0 1
3 4.5 0.75 0 0 1
4 4.5 0.75 0 0 1
5 4.5 0.75 0 0 1
1 6 0.75 0 0 1
2 6 0.75 0 0 1
3 6 0.75 0 0 1
4 6 0.75 0 0 1
5 6 0.75 0 0 1
1 7.5 0.75 0 0 1
2 7.5 0.75 0 0 1
3 7.5 0.75 0 0 1
4 7.5 0.75 0 0 1
5 7.5 0.75 0 0 1
9 1.5 0.75 0 0 1
10 1.5 0.75 0 0 1
11 1.5 0.75 0 0 1
12 1.5 0.75 0 0 1
13 1.5 0.75 0 0 1
9 3 0.75 0 0 1
10 3 0.75 0 0 1
11 3 0.75 0 0 1
12 3 0.75 0 0 1
13 3 0.75 0 0 1
9 4.5 0.75 0 0 1
10 4.5 0.75 0 0 1
11 4.5 0.75 0 0 1
12 4.5 0.75 0 0 1
13 4.5 0.75 0 0 1
9 6 0.75 0 0 1
10 6 0.75 0 0 1
11 6 0.75 0 0 1
12 6 0.75 0 0 1
13 6 0.75 0 0 1
9 7.5 0.75 0 0 1
10 7.5 0.75 0 0 1
11 7.5 0.75 0 0 1
12 7.5 0.75 0 0 1
13 7.5 0.75 0 0 1
17 1.5 0.75 0 0 1
18 1.5 0.75 0 0 1
19 1.5 0.75 0 0 1
20 1.5 0.75 0 0 1
21 1.5 0.75 0 0 1
17 3 0.75 0 0 1
18 3 0.75 0 0 1
19 3 0.75 0 0 1
20 3 0.75 0 0 1
21 3 0.75 0 0 1
17 4.5 0.75 0 0 1
18 4.5 0.75 0 0 1
19 4.5 0.75 0 0 1
20 4.5 0.75 0 0 1
21 4.5 0.75 0 0 1
17 6 0.75 0 0 1
18 6 0.75 0 0 1
19 6 0.75 0 0 1
20 6 0.75 0 0 1
21 6 0.75 0 0 1
17 7.5 0.75 0 0 1
18 7.5 0.75 0 0 1
19 7.5 0.75 0 0 1
20 7.5 0.75 0 0 1
21 7.5 0.75 0 0 1
25 1.5 0.75 0 0 1
26 1.5 0.75 0 0 1
27 1.5 0.75 0 0 1
28 1.5 0.75 0 0 1
29 1.5 0.75 0 0 1
25 3 0.75 0 0 1
26 3 0.75 0 0 1
27 3 0.75 0 0 1
28 3 0.75 0 0 1
29 3 0.75 0 0 1
25 4.5 0.75 0 0 1
26 4.5 0.75 0 0 1
27 4.5 0.75 0 0 1
28 4.5 0.75 0 0 1
29 4.5 0.75 0 0 1
25 6 0.75 0 0 1
26 6 0.75 0 0 1
27 6 0.75 0 0 1
28 6 0.75 0 0 1
29 6 0.75 0 0 1
25 7.5 0.75 0 0 1
26 7.5 0.75 0 0 1
27 7.5 0.75 0 0 1
28 7.5 0.75 0 0 1
29 7.5 0.75 0 0 1
33 1.5 0.75 0 0 1
34 1.5 0.75 0 0 1
35 1.5 0.75 0 0 1
36 1.5 0.75 0 0 1
37 1.5 0.75 0 0 1
33 3 0.75 0 0 1
34 3 0.75 0 0 1
35 3 0.75 0 0 1
36 3 0.75 0 0 1
37 3 0.75 0 0 1
33 4.5 0.75 0 0 1
34 4.5 0.75 0 0 1
35 4.5 0.75 0 0 1
36 4.5 0.75 0 0 1
37 4.5 0.75 0 0 1
33 6 0.75 0 0 1
34 6 0.75 0 0 1
35 6 0.75 0 0 1
36 6 0.75 0 0 1
37 6 0.75 0 0 1
33 7.5 0.75 0 0 1
34 7.5 0.75 0 0 1
35 7.5 0.75 0 0 1
36 7.5 0.75 0 0 1
37 7.5 0.75 0 0 1
41 1.5 0.75 0 0 1
42 1.5 0.75 0 0 1
43 1.5 0.75 0 0 1
44 1.5 0.75 0 0 1
45 1.5 0.75 0 0 1
41 3 0.75 0 0 1
42 3 0.75 0 0 1
43 3 0.75 0 0 1
44 3 0.75 0 0 1
45 3 0.75 0 0 1
41 4.5 0.75 0 0 1
42 4.5 0.75 0 0 1
43 4.5 0.75 0 0 1
44 4.5 0.75 0 0 1
45 4.5 0.75 0 0 1
41 6 0.75 0 0 1
42 6 0.75 0 0 1
43 6 0.75 0 0 1
44 6 0.75 0 0 1
45 6 0.75 0 0 1
41 7.5 0.75 0 0 1
42 7.5 0.75 0 0 1
43 7.5 0.75 0 0 1
44 7.5 0.75 0 0 1
45 7.5 0.75 0 0 1
49 1.5 0.75 0 0 1
50 1.5 0.75 0 0 1
51 1.5 0.75 0 0 1
52 1.5 0.75 0 0 1
53 1.5 0.75 0 0 1
49 3 0.75 0 0 1
50 3 0.75 0 0 1
51 3 0.75 0 0 1
52 3 0.75 0 0 1
53 3 0.75 0 0 1
49 4.5 0.75 0 0 1
50 4.5 0.75 0 0 1
51 4.5 0.75 0 0 1
52 4.5 0.75 0 0 1
53 4.5 0.75 0 0 1
49 6 0.75 0 0 1
50 6 0.75 0 0 1
51 6 0.75 0 0 1
52 6 0.75 0 0 1
53 6 0.75 0 0 1
49 7.5 0.75 0 0 1
50 7.5 0.75 0 0 1
51 7.5 0.75 0 0 1
52 7.5 0.75 0 0 1
53 7.5 0.75 0 0 1
57 1.5 0.75 0 0 1
58 1.5 0.75 0 0 1
59 1.5 0.75 0 0 1
60 1.5 0.75 0 0 1
61 1.5 0.75 0 0 1
57 3 0.75 0 0 1
58 3 0.75 0 0 1
59 3 0.75 0 0 1
60 3 0.75 0 0 1
61 3 0.75 0 0 1
57 4.5 0.75 0 0 1
58 4.5 0.75 0 0 1
59 4.5 0.75 0 0 1
60 4.5 0.75 0 0 1
61 4.5 0.75 0 0 1
57 6 0.75 0 0 1
58 6 0.75 0 0 1
59 6 0.75 0 0 1
60 6 0.75 0 0 1
61 6 0.75 0 0 1
57 7.5 0.75 0 0 1
58 7.5 0.75 0 0 1
59 7.5 0.75 0 0 1
60 7.5 0.75 0 0 1
61 7.5 0.75 0 0 1
65 1.5 0.75 0 0 1
66 1.5 0.75 0 0 1
67 1.5 0.75 0 0 1
68 1.5 0.75 0 0 1
69 1.5 0.75 0 0 1
65 3 0.75 0 0 1
66 3 0.75 0 0 1
67 3 0.75 0 0 1
68 3 0.75 0 0 1
69 3 0.75 0 0 1
65 4.5 0.75 0 0 1
66 4.5 0.75 0 0 1
67 4.5 0.75 0 0 1
68 4.5 0.75 0 0 1
69 4.5 0.75 0 0 1
65 6 0.75 0 0 1
66 6 0.75 0 0 1
67 6 0.75 0 0 1
68 6 0.75 0 0 1
69 6 0.75 0 0 1
65 7.5 0.75 0 0 1
66 7.5 0.75 0 0 1
67 7.5 0.75 0 0 1
68 7.5 0.75 0 0 1
69 7.5 0.75 0 0 1
73 1.5 0.75 0 0 1
74 1.5 0.75 0 0 1
75 1.5 0.75 0 0 1
76 1.5 0.75 0 0 1
77 1.5 0.75 0 0 1
73 3 0.75 0 0 1
74 3 0.75 0 0 1
75 3 0.75 0 0 1
76 3 0.75 0 0 1
77 3 0.75 0 0 1
73 4.5 0.75 0 0 1
74 4.5 0.75 0 0 1
75 4.5 0.75 0 0 1
76 4.5 0.75 0 0 1
77 4.5 0.75 0 0 1
73 6 0.75 0 0 1
74 6 0.75 0 0 1
75 6 0.75 0 0 1
76 6 0.75 0 0 1
77 6 0.75 0 0 1
73 7.5 0.75 0 0 1
74 7.5 0.75 0 0 1
75 7.5 0.75 0 0 1
76 7.5 0.75 0 0 1
77 7.5 0.75 0 0 1
81 1.5 0.75 0 0 1
82 1.5 0.75 0 0 1
83 1.5 0.75 0 0 1
84 1.5 0.75 0 0 1
85 1.5 0.75 0 0 1
81 3 0.75 0 0 1
82 3 0.75 0 0 1
83 3 0.75 0 0 1
84 3 0.75 0 0 1
85 3 0.75 0 0 1
81 4.5 0.75 0 0 1
82 4.5 0.75 0 0 1
83 4.5 0.75 0 0 1
84 4.5 0.75 0 0 1
85 4.5 0.75 0 0 1
81 6 0.75 0 0 1
82 6 0.75 0 0 1
83 6 0.75 0 0 1
84 6 0.75 0 0 1
85 6 0.75 0 0 1
81 7.5 0.75 0 0 1
82 7.5 0.75 0 0 1
83 7.5 0.75 0 0 1
84 7.5 0.75 0 0 1
85 7.5 0.75 0 0 1
89 1.5 0.75 0 0 1
90 1.5 0.75 0 0 1
91 1.5 0.75 0 0 1
92 1.5 0.75 0 0 1
93 1.5 0.75 0 0 1
89 3 0.75 0 0 1
90 3 0.75 0 0 1
91 3 0.75 0 0 1
92 3 0.75 0 0 1
93 3 0.75 0 0 1
89 4.5 0.75 0 0 1
90 4.5 0.75 0 0 1
91 4.5 0.75 0 0 1
92 4.5 0.75 0 0 1
93 4.5 0.75 0 0 1
89 6 0.75 0 0 1
90 6 0.75 0 0 1
91 6 0.75 0 0 1
92 6 0.75 0 0 1
93 6 0.75 0 0 1
89 7.5 0.75 0 0 1
90 7.5 0.75 0 0 1
91 7.5 0.75 0 0 1
92 7.5 0.75 0 0 1
93 7.5 0.75 0 0 1
97 1.5 0.75 0 0 1
98 1.5 0.75 0 0 1
99 1.5 0.75 0 0 1
100 1.5 0.75 0 0 1
101 1.5 0.75 0 0 1
97 3 0.75 0 0 1
98 3 0.75 0 0 1
99 3 0.75 0 0 1
100 3 0.75 0 0 1
101 3 0.75 0 0 1
97 4.5 0.75 0 0 1
98 4.5 0.75 0 0 1
99 4.5 0.75 0 0 1
100 4.5 0.75 0 0 1
101 4.5 0.75 0 0 1
97 6 0.75 0 0 1
98 6 0.75 0 0 1
99 6 0.75 0 0 1
100 6 0.75 0 0 1
101 6 0.75 0 0 1
97 7.5 0.75 0 0 1
98 7.5 0.75 0 0 1
99 7.5 0.75 0 0 1
100 7.5 0.75 0 0 1
101 7.5 0.75 0 0 1
105 1.5 0.75 0 0 1
106 1.5 0.75 0 0 1
107 1.5 0.75 0 0 1
108 1.5 0.75 0 0 1
109 1.5 0.75 0 0 1
105 3 0.75 0 0 1
106 3 0.75 0 0 1
107 3 0.75 0 0 1
108 3 0.75 0 0 1
109 3 0.75 0 0 1
105 4.5 0.75 0 0 1
106 4.5 0.75 0 0 1
107 4.5 0.75 0 0 1
108 4.5 0.75 0 0 1
109 4.5 0.75 0 0 1
105 6 0.75 0 0 1
106 6 0.75 0 0 1
107 6 0.75 0 0 1
108 6 0.75 0 0 1
109 6 0.75 0 0 1
105 7.5 0.75 0 0 1
106 7.5 0.75 0 0 1
107 7.5 0.75 0 0 1
108 7.5 0.75 0 0 1
109 7.5 0.75 0 0 1
113 1.5 0.75 0 0 1
114 1.5 0.75 0 0 1
115 1.5 0.75 0 0 1
116 1.5 0.75 0 0 1
117 1.5 0.75 0 0 1
113 3 0.75 0 0 1
114 3 0.75 0 0 1
115 3 0.75 0 0 1
116 3 0.75 0 0 1
117 3 0.75 0 0 1
113 4.5 0.75 0 0 1
114 4.5 0.75 0 0 1
115 4.5 0.75 0 0 1
116 4.5 0.75 0 0 1
117 4.5 0.75 0 0 1
113 6 0.75 0 0 1
114 6 0.75 0 0 1
115 6 0.75 0 0 1
116 6 0.75 0 0 1
117 6 0.75 0 0 1
113 7.5 0.75 0 0 1
114 7.5 0.75 0 0 1
115 7.5 0.75 0 0 1
116 7.5 0.75 0 0 1
117 7.5 0.75 0 0 1
121 1.5 0.75 0 0 1
122 1.5 0.75 0 0 1
123 1.5 0.75 0 0 1
124 1.5 0.75 0 0 1
125 1.5 0.75 0 0 1
121 3 0.75 0 0 1
122 3 0.75 0 0 1
123 3 0.75 0 0 1
124 3 0.75 0 0 1
125 3 0.75 0 0 1
121 4.5 0.75 0 0 1
122 4.5 0.75 0 0 1
123 4.5 0.75 0 0 1
124 4.5 0.75 0 0 1
125 4.5 0.75 0 0 1
121 6 0.75 0 0 1
122 6 0.75 0 0 1
123 6 0.75 0 0 1
124 6 0.75 0 0 1
125 6 0.75 0 0 1
121 7.5 0.75 0 0 1
122 7.5 0.75 0 0 1
123 7.5 0.75 0 0 1
124 7.5 0.75 0 0 1
125 7.5 0.75 0 0 1
129 1.5 0.75 0 0 1
130 1.5 0.75 0 0 1
131 1.5 0.75 0 0 1
132 1.5 0.75 0 0 1
133 1.5 0.75 0 0 1
129 3 0.75 0 0 1
130 3 0.75 0 0 1
131 3 0.75 0 0 1
132 3 0.75 0 0 1
133 3 0.75 0 0 1
129 4.5 0.75 0 0 1
130 4.5 0.75 0 0 1
131 4.5 0.75 0 0 1
132 4.5 0.75 0 0 1
133 4.5 0.75 0 0 1
129 6 0.75 0 0 1
130 6 0.75 0 0 1
131 6 0.75 0 0 1
132 6 0.75 0 0 1
133 6 0.75 0 0 1
129 7.5 0.75 0 0 1
130 7.5 0.75 0 0 1
131 7.5 0.75 0 0 1
132 7.5 0.75 0 0 1
133 7.5 0.75 0 0 1
137 1.5 0.75 0 0 1
138 1.5 0.75 0 0 1
139 1.5 0.75 0 0 1
140 1.5 0.75 0 0 1
141 1.5 0.75 0 0 1
137 3 0.75 0 0 1
138 3 0.75 0 0 1
139 3 0.75 0 0 1
140 3 0.75 0 0 1
141 3 0.75 0 0 1
137 4.5 0.75 0 0 1
138 4.5 0.75 0 0 1
139 4.5 0.75 0 0 1
140 4.5 0.75 0 0 1
141 4.5 0.75 0 0 1
137 6 0.75 0 0 1
138 6 0.75 0 0 1
139 6 0.75 0 0 1
140 6 0.75 0 0 1
141 6 0.75 0 0 1
137 7.5 0.75 0 0 1
138 7.5 0.75 0 0 1
139 7.5 0.75 0 0 1
140 7.5 0.75 0 0 1
141 7.5 0.75 0 0 1
145 1.5 0.75 0 0 1
146 1.5 0.75 0 0 1
147 1.5 0.75 0 0 1
148 1.5 0.75 0 0 1
149 1.5 0.75 0 0 1
145 3 0.75 0 0 1
146 3 0.75 0 0 1
147 3 0.75 0 0 1
148 3 0.75 0 0 1
149 3 0.75 0 0 1
145 4.5 0.75 0 0 1
146 4.5 0.75 0 0 1
147 4.5 0.75 0 0 1
148 4.5 0.75 0 0 1
149 4.5 0.75 0 0 1
145 6 0.75 0 0 1
146 6 0.75 0 0 1
147 6 0.75 0 0 1
148 6 0.75 0 0 1
149 6 0.75 0 0 1
145 7.5 0.75 0 0 1
146 7.5 0.75 0 0 1
147 7.5 0.75 0 0 1
148 7.5 0.75 0 0 1
149 7.5 0.75 0 0 1
153 1.5 0.75 0 0 1
154 1.5 0.75 0 0 1
155 1.5 0.75 0 0 1
156 1.5 0.75 0 0 1
157 1.5 0.75 0 0 1
153 3 0.75 0 0 1
154 3 0.75 0 0 1
155 3 0.75 0 0 1
156 3 0.75 0 0 1
157 3 0.75 0 0 1
153 4.5 0.75 0 0 1
154 4.5 0.75 0 0 1
155 4.5 0.75 0 0 1
156 4.5 0.75 0 0 1
157 4.5 0.75 0 0 1
153 6 0.75 0 0 1
154 6 0.75 0 0 1
155 6 0.75 0 0 1
156 6 0.75 0 0 1
157 6 0.75 0 0 1
153 7.5 0.75 0 0 1
154 7.5 0.75 0 0 1
155 7.5 0.75 0 0 1
156 7.5 0.75 0 0 1
157 7.5 0.75 0 0 1
161 1.5 0.75 0 0 1
162 1.5 0.75 0 0 1
163 1.5 0.75 0 0 1
164 1.5 0.75 0 0 1
165 1.5 0.75 0 0 1
161 3 0.75 0 0 1
162 3 0.75 0 0 1
163 3 0.75 0 0 1
164 3 0.75 0 0 1
165 3 0.75 0 0 1
161 4.5 0.75 0 0 1
162 4.5 0.75 0 0 1
163 4.5 0.75 0 0 1
164 4.5 0.75 0 0 1
165 4.5 0.75 0 0 1
161 6 0.75 0 0 1
162 6 0.75 0 0 1
163 6 0.75 0 0 1
164 6 0.75 0 0 1
165 6 0.75 0 0 1
161 7.5 0.75 0 0 1
162 7.5 0.75 0 0 1
163 7.5 0.75 0 0 1
164 7.5 0.75 0 0 1
165 7.5 0.75 0 0 1
169 1.5 0.75 0 0 1
170 1.5 0.75 0 0 1
171 1.5 0.75 0 0 1
172 1.5 0.75 0 0 1
173 1.5 0.75 0 0 1
169 3 0.75 0 0 1
170 3 0.75 0 0 1
171 3 0.75 0 0 1
172 3 0.75 0 0 1
173 3 0.75 0 0 1
169 4.5 0.75 0 0 1
170 4.5 0.75 0 0 1
171 4.5 0.75 0 0 1
172 4.5 0.75 0 0 1
173 4.5 0.75 0 0 1
169 6 0.75 0 0 1
170 6 0.75 0 0 1
171 6 0.75 0 0 1
172 6 0.75 0 0 1
173 6 0.75 0 0 1
169 7.5 0.75 0 0 1
170 7.5 0.75 0 0 1
171 7.5 0.75 0 0 1
172 7.5 0.75 0 0 1
173 7.5 0.75 0 0 1
177 1.5 0.75 0 0 1
178 1.5 0.75 0 0 1
179 1.5 0.75 0 0 1
180 1.5 0.75 0 0 1
181 1.5 0.75 0 0 1
177 3 0.75 0 0 1
178 3 0.75 0 0 1
179 3 0.75 0 0 1
180 3 0.75 0 0 1
181 3 0.75 0 0 1
177 4.5 0.75 0 0 1
178 4.5 0.75 0 0 1
179 4.5 0.75 0 0 1
180 4.5 0.75 0 0 1
181 4.5 0.75 0 0 1
177 6 0.75 0 0 1
178 6 0.75 0 0 1
179 6 0.75 0 0 1
180 6 0.75 0 0 1
181 6 0.75 0 0 1
177 7.5 0.75 0 0 1
178 7.5 0.75 0 0 1
179 7.5 0.75 0 0 1
180 7.5 0.75 0 0 1
181 7.5 0.75 0 0 1
185 1.5 0.75 0 0 1
186 1.5 0.75 0 0 1
187 1.5 0.75 0 0 1
188 1.5 0.75 0 0 1
189 1.5 0.75 0 0 1
185 3 0.75 0 0 1
186 3 0.75 0 0 1
187 3 0.75 0 0 1
188 3 0.75 0 0 1
189 3 0.75 0 0 1
185 4.5 0.75 0 0 1
186 4.5 0.75 0 0 1
187 4.5 0.75 0 0 1
188 4.5 0.75 0 0 1
189 4.5 0.75 0 0 1
185 6 0.75 0 0 1
186 6 0.75 0 0 1
187 6 0.75 0 0 1
188 6 0.75 0 0 1
189 6 0.75 0 0 1
185 7.5 0.75 0 0 1
186 7.5 0.75 0 0 1
187 7.5 0.75 0 0 1
188 7.5 0.75 0 0 1
189 7.5 0.75 0 0 1
193 1.5 0.75 0 0 1
194 1.5 0.75 0 0 1
195 1.5 0.75 0 0 1
196 1.5 0.75 0 0 1
197 1.5 0.75 0 0 1
193 3 0.75 0 0 1
194 3 0.75 0 0 1
195 3 0.75 0 0 1
196 3 0.75 0 0 1
197 3 0.75 0 0 1
193 4.5 0.75 0 0 1
194 4.5 0.75 0 0 1
195 4.5 0.75 0 0 1
196 4.5 0.75 0 0 1
197 4.5 0.75 0 0 1
193 6 0.75 0 0 1
194 6 0.75 0 0 1
195 6 0.75 0 0 1
196 6 0.75 0 0 1
197 6 0.75 0 0 1
193 7.5 0.75 0 0 1
194 7.5 0.75 0 0 1
195 7.5 0.75 0 0 1
196 7.5 0.75 0 0 1
197 7.5 0.75 0 0 1
201 1.5 0.75 0 0 1
202 1.5 0.75 0 0 1
203 1.5 0.75 0 0 1
204 1.5 0.75 0 0 1
205 1.5 0.75 0 0 1
201 3 0.75 0 0 1
202 3 0.75 0 0 1
203 3 0.75 0 0 1
204 3 0.75 0 0 1
205 3 0.75 0 0 1
201 4.5 0.75 0 0 1
202 4.5 0.75 0 0 1
203 4.5 0.75 0 0 1
204 4.5 0.75 0 0 1
205 4.5 0.75 0 0 1
201 6 0.75 0 0 1
202 6 0.75 0 0 1
203 6 0.75 0 0 1
204 6 0.75 0 0 1
205 6 0.75 0 0 1
201 7.5 0.75 0 0 1
202 7.5 0.75 0 0 1
203 7.5 0.75 0 0 1
204 7.5 0.75 0 0 1
205 7.5 0.75 0 0 1
209 1.5 0.75 0 0 1
210 1.5 0.75 0 0 1
211 1.5 0.75 0 0 1
212 1.5 0.75 0 0 1
213 1.5 0.75 0 0 1
209 3 0.75 0 0 1
210 3 0.75 0 0 1
211 3 0.75 0 0 1
212 3 0.75 0 0 1
213 3 0.75 0 0 1
209 4.5 0.75 0 0 1
210 4.5 0.75 0 0 1
211 4.5 0.75 0 0 1
212 4.5 0.75 0 0 1
213 4.5 0.75 0 0 1
209 6 0.75 0 0 1
210 6 0.75 0 0 1
211 6 0.75 0 0 1
212 6 0.75 0 0 1
213 6 0.75 0 0 1
209 7.5 0.75 0 0 1
210 7.5 0.75 0 0 1
211 7.5 0.75 0 0 1
212 7.5 0.75 0 0 1
213 7.5 0.75 0 0 1
217 1.5 0.75 0 0 1
218 1.5 0.75 0 0 1
219 1.5 0.75 0 0 1
220 1.5 0.75 0 0 1
221 1.5 0.75 0 0 1
217 3 0.75 0 0 1
218 3 0.75 0 0 1
219 3 0.75 0 0 1
220 3 0.75 0 0 1
221 3 0.75 0 0 1
217 4.5 0.75 0 0 1
218 4.5 0.75 0 0 1
219 4.5 0.75 0 0 1
220 4.5 0.75 0 0 1
221 4.5 0.75 0 0 1
217 6 0.75 0 0 1
218 6 0.75 0 0 1
219 6 0.75 0 0 1
220 6 0.75 0 0 1
221 6 0.75 0 0 1
217 7.5 0.75 0 0 1
218 7.5 0.75 0 0 1
219 7.5 0.75 0 0 1
220 7.5 0.75 0 0 1
221 7.5 0.75 0 0 1
225 1.5 0.75 0 0 1
226 1.5 0.75 0 0 1
227 1.5 0.75 0 0 1
228 1.5 0.75 0 0 1
229 1.5 0.75 0 0 1
225 3 0.75 0 0 1
226 3 0.75 0 0 1
227 3 0.75 0 0 1
228 3 0.75 0 0 1
229 3 0.75 0 0 1
225 4.5 0.75 0 0 1
226 4.5 0.75 0 0 1
227 4.5 0.75 0 0 1
228 4.5 0.75 0 0 1
229 4.5 0.75 0 0 1
225 6 0.75 0 0 1
226 6 0.75 0 0 1
227 6 0.75 0 0 1
228 6 0.75 0 0 1
229 6 0.75 0 0 1
225 7.5 0.75 0 0 1
226 7.5 0.75 0 0 1
227 7.5 0.75 0 0 1
228 7.5 0.75 0 0 1
229 7.5 0.75 0 0 1
233 1.5 0.75 0 0 1
234 1.5 0.75 0 0 1
235 1.5 0.75 0 0 1
236 1.5 0.75 0 0 1
237 1.5 0.75 0 0 1
233 3 0.75 0 0 1
234 3 0.75 0 0 1
235 3 0.75 0 0 1
236 3 0.75 0 0 1
237 3 0.75 0 0 1
233 4.5 0.75 0 0 1
234 4.5 0.75 0 0 1
235 4.5 0.75 0 0 1
236 4.5 0.75 0 0 1
237 4.5 0.75 0 0 1
233 6 0.75 0 0 1
234 6 0.75 0 0 1
235 6 0.75 0 0 1
236 6 0.75 0 0 1
237 6 0.75 0 0 1
233 7.5 0.75 0 0 1
234 7.5 0.75 0 0 1
235 7.5 0.75 0 0 1
236 7.5 0.75 0 0 1
237 7.5 0.75 0 0 1
241 1.5 0.75 0 0 1
242 1.5 0.75 0 0 1
243 1.5 0.75 0 0 1
244 1.5 0.75 0 0 1
245 1.5 0.75 0 0 1
241 3 0.75 0 0 1
242 3 0.75 0 0 1
243 3 0.75 0 0 1
244 3 0.75 0 0 1
245 3 0.75 0 0 1
241 4.5 0.75 0 0 1
242 4.5 0.75 0 0 1
243 4.5 0.75 0 0 1
244 4.5 0.75 0 0 1
245 4.5 0.75 0 0 1
241 6 0.75 0 0 1
242 6 0.75 0 0 1
243 6 0.75 0 0 1
244 6 0.75 0 0 1
245 6 0.75 0 0 1
241 7.5 0.75 0 0 1
242 7.5 0.75 0 0 1
243 7.5 0.75 0 0 1
244 7.5 0.75 0 0 1
245 7.5 0.75 0 0 1
249 1.5 0.75 0 0 1
250 1.5 0.75 0 0 1
251 1.5 0.75 0 0 1
252 1.5 0.75 0 0 1
253 1.5 0.75 0 0 1
249 3 0.75 0 0 1
250 3 0.75 0 0 1
251 3 0.75 0 0 1
252 3 0.75 0 0 1
253 3 0.75 0 0 1
249 4.5 0.75 0 0 1
250 4.5 0.75 0 0 1
251 4.5 0.75 0 0 1
252 4.5 0.75 0 0 1
253 4.5 0.75 0 0 1
249 6 0.75 0 0 1
250 6 0.75 0 0 1
251 6 0.75 0 0 1
252 6 0.75 0 0 1
253 6 0.75 0 0 1
249 7.5 0.75 0 0 1
250 7.5 0.75 0 0 1
251 7.5 0.75 0 0 1
252 7.5 0.75 0 0 1
253 7.5 0.75 0 0 1
1 12.5 0.75 0 0 1
2 12.5 0.75 0 0 1
3 12.5 0.75 0 0 1
4 12.5 0.75 0 0 1
5 12.5 0.75 0 0 1
1 14 0.75 0 0 1
2 14 0.75 0 0 1
3 14 0.75 0 0 1
4 14 0.75 0 0 1
5 14 0.75 0 0 1
1 15.5 0.75 0 0 1
2 15.5 0.75 0 0 1
3 15.5 0.75 0 0 1
4 15.5 0.75 0 0 1
5 15.5 0.75 0 0 1
1 17 0.75 0 0 1
2 17 0.75 0 0 1
3 17 0.75 0 0 1
4 17 0.75 0 0 1
5 17 0.75 0 0 1
1 18.5 0.75 0 0 1
2 18.5 0.75 0 0 1
3 18.5 0.75 0 0 1
4 18.5 0.75 0 0 1
5 18.5 0.75 0 0 1
9 12.5 0.75 0 0 1
10 12.5 0.75 0 0 1
11 12.5 0.75 0 0 1
12 12.5 0.75 0 0 1
13 12.5 0.75 0 0 1
9 14 0.75 0 0 1
10 14 0.75 0 0 1
11 14 0.75 0 0 1
12 14 0.75 0 0 1
13 14 0.75 0 0 1
9 15.5 0.75 0 0 1
10 15.5 0.75 0 0 1
11 15.5 0.75 0 0 1
12 15.5 0.75 0 0 1
13 15.5 0.75 0 0 1
9 17 0.75 0 0 1
10 17 0.75 0 0 1
11 17 0.75 0 0 1
12 17 0.75 0 0 1
13 17 0.75 0 0 1
9 18.5 0.75 0 0 1
10 18.5 0.75 0 0 1
11 18.5 0.75 0 0 1
12 18.5 0.75 0 0 1
13 18.5 0.75 0 0 1
17 12.5 0.75 0 0 1
18 12.5 0.75 0 0 1
19 12.5 0.75 0 0 1
20 12.5 0.75 0 0 1
21 12.5 0.75 0 0 1
17 14 0.75 0 0 1
18 14 0.75 0 0 1
19 14 0.75 0 0 1
20 14 0.75 0 0 1
21 14 0.75 0 0 1
17 15.5 0.75 0 0 1
18 15.5 0.75 0 0 1
19 15.5 0.75 0 0 1
20 15.5 0.75 0 0 1
21 15.5 0.75 0 0 1
17 17 0.75 0 0 1
18 17 0.75 0 0 1
19 17 0.75 0 0 1
20 17 0.75 0 0 1
21 17 0.75 0 0 1
17 18.5 0.75 0 0 1
18 18.5 0.75 0 0 1
19 18.5 0.75 0 0 1
20 18.5 0.75 0 0 1
21 18.5 0.75 0 0 1
25 12.5 0.75 0 0 1
26 12.5 0.75 0 0 1
27 12.5 0.75 0 0 1
28 12.5 0.75 0 0 1
29 12.5 0.75 0 0 1
25 14 0.75 0 0 1
26 14 0.75 0 0 1
27 14 0.75 0 0 1
28 14 0.75 0 0 1
29 14 0.75 0 0 1
25 15.5 0.75 0 0 1
26 15.5 0.75 0 0 1
27 15.5 0.75 0 0 1
28 15.5 0.75 0 0 1
29 15.5 0.75 0 0 1
25 17 0.75 0 0 1
26 17 0.75 0 0 1
27 17 0.75 0 0 1
28 17 0.75 0 0 1
29 17 0.75 0 0 1
25 18.5 0.75 0 0 1
26 18.5 0.75 0 0 1
27 18.5 0.75 0 0 1
28 18.5 0.75 0 0 1
29 18.5 0.75 0 0 1
33 12.5 0.75 0 0 1
34 12.5 0.75 0 0 1
35 12.5 0.75 0 0 1
36 12.5 0.75 0 0 1
37 12.5 0.75 0 0 1
33 14 0.75 0 0 1
34 14 0.75 0 0 1
35 14 0.75 0 0 1
36 14 0.75 0 0 1
37 14 0.75 0 0 1
33 15.5 0.75 0 0 1
34 15.5 0.75 0 0 1
35 15.5 0.75 0 0 1
36 15.5 0.75 0 0 1
37 15.5 0.75 0 0 1
33 17 0.75 0 0 1
34 17 0.75 0 0 1
35 17 0.75 0 0 1
36 17 0.75 0 0 1
37 17 0.75 0 0 1
33 18.5 0.75 0 0 1
34 18.5 0.75 0 0 1
35 18.5 0.75 0 0 1
36 18.5 0.75 0 0 1
37 18.5 0.75 0 0 1
41 12.5 0.75 0 0 1
42 12.5 0.75 0 0 1
43 12.5 0.75 0 0 1
44 12.5 0.75 0 0 1
45 12.5 0.75 0 0 1
41 14 0.75 0 0 1
42 14 0.75 0 0 1
43 14 0.75 0 0 1
44 14 0.75 0 0 1
45 14 0.75 0 0 1
41 15.5 0.75 0 0 1
42 15.5 0.75 0 0 1
43 15.5 0.75 0 0 1
44 15.5 0.75 0 0 1
45 15.5 0.75 0 0 1
41 17 0.75 0 0 1
42 17 0.75 0 0 1
43 17 0.75 0 0 1
44 17 0.75 0 0 1
45 17 0.75 0 0 1
41 18.5 0.75 0 0 1
42 18.5 0.75 0 0 1
43 18.5 0.75 0 0 1
44 18.5 0.75 0 0 1
45 18.5 0.75 0 0 1
49 12.5 0.75 0 0 1
50 12.5 0.75 0 0 1
51 12.5 0.75 0 0 1
52 12.5 0.75 0 0 1
53 12.5 0.75 0 0 1
49 14 0.75 0 0 1
50 14 0.75 0 0 1
51 14 0.75 0 0 1
52 14 0.75 0 0 1
53 14 0.75 0 0 1
49 15.5 0.75 0 0 1
50 15.5 0.75 0 0 1
51 15.5 0.75 0 0 1
52 15.5 0.75 0 0 1
53 15.5 0.75 0 0 1
49 17 0.75 0 0 1
50 17 0.75 0 0 1
51 17 0.75 0 0 1
52 17 0.75 0 0 1
53 17 0.75 0 0 1
49 18.5 0.75 0 0 1
50 18.5 0.75 0 0 1
51 18.5 0.75 0 0 1
52 18.5 0.75 0 0 1
53 18.5 0.75 0 0 1
57 12.5 0.75 0 0 1
58 12.5 0.75 0 0 1
59 12.5 0.75 0 0 1
60 12.5 0.75 0 0 1
61 12.5 0.75 0 0 1
57 14 0.75 0 0 1
58 14 0.75 0 0 1
59 14 0.75 0 0 1
60 14 0.75 0 0 1
61 14 0.75 0 0 1
57 15.5 0.75 0 0 1
58 15.5 0.75 0 0 1
59 15.5 0.75 0 0 1
60 15.5 0.75 0 0 1
61 15.5 0.75 0 0 1
57 17 0.75 0 0 1
58 17 0.75 0 0 1
59 17 0.75 0 0 1
60 17 0.75 0 0 1
61 17 0.75 0 0 1
57 18.5 0.75 0 0 1
58 18.5 0.75 0 0 1
59 18.5 0.75 0 0 1
60 18.5 0.75 0 0 1
61 18.5 0.75 0 0 1
65 12.5 0.75 0 0 1
66 12.5 0.75 0 0 1
67 12.5 0.75 0 0 1
68 12.5 0.75 0 0 1
69 12.5 0.75 0 0 1
65 14 0.75 0 0 1
66 14 0.75 0 0 1
67 14 0.75 0 0 1
68 14 0.75 0 0 1
69 14 0.75 0 0 1
65 15.5 0.75 0 0 1
66 15.5 0.75 0 0 1
67 15.5 0.75 0 0 1
68 15.5 0.75 0 0 1
69 15.5 0.75 0 0 1
65 17 0.75 0 0 1
66 17 0.75 0 0 1
67 17 0.75 0 0 1
68 17 0.75 0 0 1
69 17 0.75 0 0 1
65 18.5 0.75 0 0 1
66 18.5 0.75 0 0 1
67 18.5 0.75 0 0 1
68 18.5 0.75 0 0 1
69 18.5 0.75 0 0 1
73 12.5 0.75 0 0 1
74 12.5 0.75 0 0 1
75 12.5 0.75 0 0 1
76 12.5 0.75 0 0 1
77 12.5 0.75 0 0 1
73 14 0.75 0 0 1
74 14 0.75 0 0 1
75 14 0.75 0 0 1
76 14 0.75 0 0 1
77 14 0.75 0 0 1
73 15.5 0.75 0 0 1
74 15.5 0.75 0 0 1
75 15.5 0.75 0 0 1
76 15.5 0.75 0 0 1
77 15.5 0.75 0 0 1
73 17 0.75 0 0 1
74 17 0.75 0 0 1
75 17 0.75 0 0 1
76 17 0.75 0 0 1
77 17 0.75 0 0 1
73 18.5 0.75 0 0 1
74 18.5 0.75 0 0 1
75 18.5 0.75 0 0 1
76 18.5 0.75 0 0 1
77 18.5 0.75 0 0 1
81 12.5 0.75 0 0 1
82 12.5 0.75 0 0 1
83 12.5 0.75 0 0 1
84 12.5 0.75 0 0 1
85 12.5 0.75 0 0 1
81 14 0.75 0 0 1
82 14 0.75 0 0 1
83 14 0.75 0 0 1
84 14 0.75 0 0 1
85 14 0.75 0 0 1
81 15.5 0.75 0 0 1
82 15.5 0.75 0 0 1
83 15.5 0.75 0 0 1
84 15.5 0.75 0 0 1
85 15.5 0.75 0 0 1
81 17 0.75 0 0 1
82 17 0.75 0 0 1
83 17 0.75 0 0 1
84 17 0.75 0 0 1
85 17 0.75 0 0 1
81 18.5 0.75 0 0 1
82 18.5 0.75 0 0 1
83 18.5 0.75 0 0 1
84 18.5 0.75 0 0 1
85 18.5 0.75 0 0 1
89 12.5 0.75 0 0 1
90 12.5 0.75 0 0 1
91 12.5 0.75 0 0 1
92 12.5 0.75 0 0 1
93 12.5 0.75 0 0 1
89 14 0.75 0 0 1
90 14 0.75 0 0 1
91 14 0.75 0 0 1
92 14 0.75 0 0 1
93 14 0.75 0 0 1
89 15.5 0.75 0 0 1
90 15.5 0.75 0 0 1
91 15.5 0.75 0 0 1
92 15.5 0.75 0 0 1
93 15.5 0.75 0 0 1
89 17 0.75 0 0 1
90 17 0.75 0 0 1
91 17 0.75 0 0 1
92 17 0.75 0 0 1
93 17 0.75 0 0 1
89 18.5 0.75 0 0 1
90 18.5 0.75 0 0 1
91 18.5 0.75 0 0 1
92 18.5 0.75 0 0 1
93 18.5 0.75 0 0 1
97 12.5 0.75 0 0 1
98 12.5 0.75 0 0 1
99 12.5 0.75 0 0 1
100 12.5 0.75 0 0 1
101 12.5 0.75 0 0 1
97 14 0.75 0 0 1
98 14 0.75 0 0 1
99 14 0.75 0 0 1
100 14 0.75 0 0 1
101 14 0.75 0 0 1
97 15.5 0.75 0 0 1
98 15.5 0.75 0 0 1
99 15.5 0.75 0 0 1
100 15.5 0.75 0 0 1
101 15.5 0.75 0 0 1
97 17 0.75 0 0 1
98 17 0.75 0 0 1
99 17 0.75 0 0 1
100 17 0.75 0 0 1
101 17 0.75 0 0 1
97 18.5 0.75 0 0 1
98 18.5 0.75 0 0 1
99 18.5 0.75 0 0 1
100 18.5 0.75 0 0 1
101 18.5 0.75 0 0 1
105 12.5 0.75 0 0 1
106 12.5 0.75 0 0 1
107 12.5 0.75 0 0 1
108 12.5 0.75 0 0 1
109 12.5 0.75 0 0 1
105 14 0.75 0 0 1
106 14 0.75 0 0 1
107 14 0.75 0 0 1
108 14 0.75 0 0 1
109 14 0.75 0 0 1
105 15.5 0.75 0 0 1
106 15.5 0.75 0 0 1
107 15.5 0.75 0 0 1
108 15.5 0.75 0 0 1
109 15.5 0.75 0 0 1
105 17 0.75 0 0 1
106 17 0.75 0 0 1
107 17 0.75 0 0 1
108 17 0.75 0 0 1
109 17 0.75 0 0 1
105 18.5 0.75 0 0 1
106 18.5 0.75 0 0 1
107 18.5 0.75 0 0 1
108 18.5 0.75 0 0 1
109 18.5 0.75 0 0 1
113 12.5 0.75 0 0 1
114 12.5 0.75 0 0 1
115 12.5 0.75 0 0 1
116 12.5 0.75 0 0 1
117 12.5 0.75 0 0 1
113 14 0.75 0 0 1
114 14 0.75 0 0 1
115 14 0.75 0 0 1
116 14 0.75 0 0 1
117 14 0.75 0 0 1
113 15.5 0.75 0 0 1
114 15.5 0.75 0 0 1
115 15.5 0.75 0 0 1
116 15.5 0.75 0 0 1
117 15.5 0.75 0 0 1
113 17 0.75 0 0 1
114 17 0.75 0 0 1
115 17 0.75 0 0 1
116 17 0.75 0 0 1
117 17 0.75 0 0 1
113 18.5 0.75 0 0 1
114 18.5 0.75 0 0 1
115 18.5 0.75 0 0 1
116 18.5 0.75 0 0 1
117 18.5 0.75 0 0 1
121 12.5 0.75 0 0 1
122 12.5 0.75 0 0 1
123 12.5 0.75 0 0 1
124 12.5 0.75 0 0 1
125 12.5 0.75 0 0 1
121 14 0.75 0 0 1
122 14 0.75 0 0 1
123 14 0.75 0 0 1
124 14 0.75 0 0 1
125 14 0.75 0 0 1
121 15.5 0.75 0 0 1
122 15.5 0.75 0 0 1
123 15.5 0.75 0 0 1
124 15.5 0.75 0 0 1
125 15.5 0.75 0 0 1
121 17 0.75 0 0 1
122 17 0.75 0 0 1
123 17 0.75 0 0 1
124 17 0.75 0 0 1
125 17 0.75 0 0 1
121 18.5 0.75 0 0 1
122 18.5 0.75 0 0 1
123 18.5 0.75 0 0 1
124 18.5 0.75 0 0 1
125 18.5 0.75 0 0 1
129 12.5 0.75 0 0 1
130 12.5 0.75 0 0 1
131 12.5 0.75 0 0 1
132 12.5 0.75 0 0 1
133 12.5 0.75 0 0 1
129 14 0.75 0 0 1
130 14 0.75 0 0 1
131 14 0.75 0 0 1
132 14 0.75 0 0 1
133 14 0.75 0 0 1
129 15.5 0.75 0 0 1
130 15.5 0.75 0 0 1
131 15.5 0.75 0 0 1
132 15.5 0.75 0 0 1
133 15.5 0.75 0 0 1
129 17 0.75 0 0 1
130 17 0.75 0 0 1
131 17 0.75 0 0 1
132 17 0.75 0 0 1
133 17 0.75 0 0 1
129 18.5 0.75 0 0 1
130 18.5 0.75 0 0 1
131 18.5 0.75 0 0 1
132 18.5 0.75 0 0 1
133 18.5 0.75 0 0 1
137 12.5 0.75 0 0 1
138 12.5 0.75 0 0 1
139 12.5 0.75 0 0 1
140 12.5 0.75 0 0 1
141 12.5 0.75 0 0 1
137 14 0.75 0 0 1
138 14 0.75 0 0 1
139 14 0.75 0 0 1
140 14 0.75 0 0 1
141 14 0.75 0 0 1
137 15.5 0.75 0 0 1
138 15.5 0.75 0 0 1
139 15.5 0.75 0 0 1
140 15.5 0.75 0 0 1
141 15.5 0.75 0 0 1
137 17 0.75 0 0 1
138 17 0.75 0 0 1
139 17 0.75 0 0 1
140 17 0.75 0 0 1
141 17 0.75 0 0 1
137 18.5 0.75 0 0 1
138 18.5 0.75 0 0 1
139 18.5 0.75 0 0 1
140 18.5 0.75 0 0 1
141 18.5 0.75 0 0 1
145 12.5 0.75 0 0 1
146 12.5 0.75 0 0 1
147 12.5 0.75 0 0 1
148 12.5 0.75 0 0 1
149 12.5 0.75 0 0 1
145 14 0.75 0 0 1
146 14 0.75 0 0 1
147 14 0.75 0 0 1
148 14 0.75 0 0 1
149 14 0.75 0 0 1
145 15.5 0.75 0 0 1
146 15.5 0.75 0 0 1
147 15.5 0.75 0 0 1
148 15.5 0.75 0 0 1
149 15.5 0.75 0 0 1
145 17 0.75 0 0 1
146 17 0.75 0 0 1
147 17 0.75 0 0 1
148 17 0.75 0 0 1
149 17 0.75 0 0 1
145 18.5 0.75 0 0 1
146 18.5 0.75 0 0 1
147 18.5 0.75 0 0 1
148 18.5 0.75 0 0 1
149 18.5 0.75 0 0 1
153 12.5 0.75 0 0 1
154 12.5 0.75 0 0 1
155 12.5 0.75 0 0 1
156 12.5 0.75 0 0 1
157 12.5 0.75 0 0 1
153 14 0.75 0 0 1
154 14 0.75 0 0 1
155 14 0.75 0 0 1
156 14 0.75 0 0 1
157 14 0.75 0 0 1
153 15.5 0.75 0 0 1
154 15.5 0.75 0 0 1
155 15.5 0.75 0 0 1
156 15.5 0.75 0 0 1
157 15.5 0.75 0 0 1
153 17 0.75 0 0 1
154 17 0.75 0 0 1
155 17 0.75 0 0 1
156 17 0.75 0 0 1
157 17 0.75 0 0 1
153 18.5 0.75 0 0 1
154 18.5 0.75 0 0 1
155 18.5 0.75 0 0 1
156 18.5 0.75 0 0 1
157 18.5 0.75 0 0 1
161 12.5 0.75 0 0 1
162 12.5 0.75 0 0 1
163 12.5 0.75 0 0 1
164 12.5 0.75 0 0 1
165 12.5 0.75 0 0 1
161 14 0.75 0 0 1
162 14 0.75 0 0 1
163 14 0.75 0 0 1
164 14 0.75 0 0 1
165 14 0.75 0 0 1
161 15.5 0.75 0 0 1
162 15.5 0.75 0 0 1
163 15.5 0.75 0 0 1
164 15.5 0.75 0 0 1
165 15.5 0.75 0 0 1
161 17 0.75 0 0 1
162 17 0.75 0 0 1
163 17 0.75 0 0 1
164 17 0.75 0 0 1
165 17 0.75 0 0 1
161 18.5 0.75 0 0 1
162 18.5 0.75 0 0 1
163 18.5 0.75 0 0 1
164 18.5 0.75 0 0 1
165 18.5 0.75 0 0 1
169 12.5 0.75 0 0 1
170 12.5 0.75 0 0 1
171 12.5 0.75 0 0 1
172 12.5 0.75 0 0 1
173 12.5 0.75 0 0 1
169 14 0.75 0 0 1
170 14 0.75 0 0 1
171 14 0.75 0 0 1
172 14 0.75 0 0 1
173 14 0.75 0 0 1
169 15.5 0.75 0 0 1
170 15.5 0.75 0 0 1
171 15.5 0.75 0 0 1
172 15.5 0.75 0 0 1
173 15.5 0.75 0 0 1
169 17 0.75 0 0 1
170 17 0.75 0 0 1
171 17 0.75 0 0 1
172 17 0.75 0 0 1
173 17 0.75 0 0 1
169 18.5 0.75 0 0 1
170 18.5 0.75 0 0 1
171 18.5 0.75 0 0 1
172 18.5 0.75 0 0 1
173 18.5 0.75 0 0 1
177 12.5 0.75 0 0 1
178 12.5 0.75 0 0 1
179 12.5 0.75 0 0 1
180 12.5 0.75 0 0 1
181 12.5 0.75 0 0 1
177 14 0.75 0 0 1
178 14 0.75 0 0 1
179 14 0.75 0 0 1
180 14 0.75 0 0 1
181 14 0.75 0 0 1
177 15.5 0.75 0 0 1
178 15.5 0.75 0 0 1
179 15.5 0.75 0 0 1
180 15.5 0.75 0 0 1
181 15.5 0.75 0 0 1
177 17 0.75 0 0 1
178 17 0.75 0 0 1
179 17 0.75 0 0 1
180 17 0.75 0 0 1
181 17 0.75 0 0 1
177 18.5 0.75 0 0 1
178 18.5 0.75 0 0 1
179 18.5 0.75 0 0 1
180 18.5 0.75 0 0 1
181 18.5 0.75 0 0 1
185 12.5 0.75 0 0 1
186 12.5 0.75 0 0 1
187 12.5 0.75 0 0 1
188 12.5 0.75 0 0 1
189 12.5 0.75 0 0 1
185 14 0.75 0 0 1
186 14 0.75 0 0 1
187 14 0.75 0 0 1
188 14 0.75 0 0 1
189 14 0.75 0 0 1
185 15.5 0.75 0 0 1
186 15.5 0.75 0 0 1
187 15.5 0.75 0 0 1
188 15.5 0.75 0 0 1
189 15.5 0.75 0 0 1
185 17 0.75 0 0 1
186 17 0.75 0 0 1
187 17 0.75 0 0 1
188 17 0.75 0 0 1
189 17 0.75 0 0 1
185 18.5 0.75 0 0 1
186 18.5 0.75 0 0 1
187 18.5 0.75 0 0 1
188 18.5 0.75 0 0 1
189 18.5 0.75 0 0 1
193 12.5 0.75 0 0 1
194 12.5 0.75 0 0 1
195 12.5 0.75 0 0 1
196 12.5 0.75 0 0 1
197 12.5 0.75 0 0 1
193 14 0.75 0 0 1
194 14 0.75 0 0 1
195 14 0.75 0 0 1
196 14 0.75 0 0 1
197 14 0.75 0 0 1
193 15.5 0.75 0 0 1
194 15.5 0.75 0 0 1
195 15.5 0.75 0 0 1
196 15.5 0.75 0 0 1
197 15.5 0.75 0 0 1
193 17 0.75 0 0 1
194 17 0.75 0 0 1
195 17 0.75 0 0 1
196 17 0.75 0 0 1
197 17 0.75 0 0 1
193 18.5 0.75 0 0 1
194 18.5 0.75 0 0 1
195 18.5 0.75 0 0 1
196 18.5 0.75 0 0 1
197 18.5 0.75 0 0 1
201 12.5 0.75 0 0 1
202 12.5 0.75 0 0 1
203 12.5 0.75 0 0 1
204 12.5 0.75 0 0 1
205 12.5 0.75 0 0 1
201 14 0.75 0 0 1
202 14 0.75 0 0 1
203 14 0.75 0 0 1
204 14 0.75 0 0 1
205 14 0.75 0 0 1
201 15.5 0.75 0 0 1
202 15.5 0.75 0 0 1
203 15.5 0.75 0 0 1
204 15.5 0.75 0 0 1
205 15.5 0.75 0 0 1
201 17 0.75 0 0 1
202 17 0.75 0 0 1
203 17 0.75 0 0 1
204 17 0.75 0 0 1
205 17 0.75 0 0 1
201 18.5 0.75 0 0 1
202 18.5 0.75 0 0 1
203 18.5 0.75 0 0 1
204 18.5 0.75 0 0 1
205 18.5 0.75 0 0 1
209 12.5 0.75 0 0 1
210 12.5 0.75 0 0 1
211 12.5 0.75 0 0 1
212 12.5 0.75 0 0 1
213 12.5 0.75 0 0 1
209 14 0.75 0 0 1
210 14 0.75 0 0 1
211 14 0.75 0 0 1
212 14 0.75 0 0 1
213 14 0.75 0 0 1
209 15.5 0.75 0 0 1
210 15.5 0.75 0 0 1
211 15.5 0.75 0 0 1
212 15.5 0.75 0 0 1
213 15.5 0.75 0 0 1
209 17 0.75 0 0 1
210 17 0.75 0 0 1
211 17 0.75 0 0 1
212 17 0.75 0 0 1
213 17 0.75 0 0 1
209 18.5 0.75 0 0 1
210 18.5 0.75 0 0 1
211 18.5 0.75 0 0 1
212 18.5 0.75 0 0 1
213 18.5 0.75 0 0 1
217 12.5 0.75 0 0 1
218 12.5 0.75 0 0 1
219 12.5 0.75 0 0 1
220 12.5 0.75 0 0 1
221 12.5 0.75 0 0 1
217 14 0.75 0 0 1
218 14 0.75 0 0 1
219 14 0.75 0 0 1
220 14 0.75 0 0 1
221 14 0.75 0 0 1
217 15.5 0.75 0 0 1
218 15.5 0.75 0 0 1
219 15.5 0.75 0 0 1
220 15.5 0.75 0 0 1
221 15.5 0.75 0 0 1
217 17 0.75 0 0 1
218 17 0.75 0 0 1
219 17 0.75 0 0 1
220 17 0.75 0 0 1
221 17 0.75 0 0 1
217 18.5 0.75 0 0 1
218 18.5 0.75 0 0 1
219 18.5 0.75 0 0 1
220 18.5 0.75 0 0 1
221 18.5 0.75 0 0 1
225 12.5 0.75 0 0 1
226 12.5 0.75 0 0 1
227 12.5 0.75 0 0 1
228 12.5 0.75 0 0 1
229 12.5 0.75 0 0 1
225 14 0.75 0 0 1
226 14 0.75 0 0 1
227 14 0.75 0 0 1
228 14 0.75 0 0 1
229 14 0.75 0 0 1
225 15.5 0.75 0 0 1
226 15.5 0.75 0 0 1
227 15.5 0.75 0 0 1
228 15.5 0.75 0 0 1
229 15.5 0.75 0 0 1
225 17 0.75 0 0 1
226 17 0.75 0 0 1
227 17 0.75 0 0 1
228 17 0.75 0 0 1
229 17 0.75 0 0 1
225 18.5 0.75 0 0 1
226 18.5 0.75 0 0 1
227 18.5 0.75 0 0 1
228 18.5 0.75 0 0 1
229 18.5 0.75 0 0 1
233 12.5 0.75 0 0 1
234 12.5 0.75 0 0 1
235 12.5 0.75 0 0 1
236 12.5 0.75 0 0 1
237 12.5 0.75 0 0 1
233 14 0.75 0 0 1
234 14 0.75 0 0 1
235 14 0.75 0 0 1
236 14 0.75 0 0 1
237 14 0.75 0 0 1
233 15.5 0.75 0 0 1
234 15.5 0.75 0 0 1
235 15.5 0.75 0 0 1
236 15.5 0.75 0 0 1
237 15.5 0.75 0 0 1
233 17 0.75 0 0 1
234 17 0.75 0 0 1
235 17 0.75 0 0 1
236 17 0.75 0 0 1
237 17 0.75 0 0 1
233 18.5 0.75 0 0 1
234 18.5 0.75 0 0 1
235 18.5 0.75 0 0 1
236 18.5 0.75 0 0 1
237 18.5 0.75 0 0 1
241 12.5 0.75 0 0 1
242 12.5 0.75 0 0 1
243 12.5 0.75 0 0 1
244 12.5 0.75 0 0 1
245 12.5 0.75 0 0 1
241 14 0.75 0 0 1
242 14 0.75 0 0 1
243 14 0.75 0 0 1
244 14 0.75 0 0 1
245 14 0.75 0 0 1
241 15.5 0.75 0 0 1
242 15.5 0.75 0 0 1
243 15.5 0.75 0 0 1
244 15.5 0.75 0 0 1
245 15.5 0.75 0 0 1
241 17 0.75 0 0 1
242 17 0.75 0 0 1
243 17 0.75 0 0 1
244 17 0.75 0 0 1
245 17 0.75 0 0 1
241 18.5 0.75 0 0 1
242 18.5 0.75 0 0 1
243 18.5 0.75 0 0 1
244 18.5 0.75 0 0 1
245 18.5 0.75 0 0 1
249 12.5 0.75 0 0 1
250 12.5 0.75 0 0 1
251 12.5 0.75 0 0 1
252 12.5 0.75 0 0 1
253 12.5 0.75 0 0 1
249 14 0.75 0 0 1
250 14 0.75 0 0 1
251 14 0.75 0 0 1
252 14 0.75 0 0 1
253 14 0.75 0 0 1
249 15.5 0.75 0 0 1
250 15.5 0.75 0 0 1
251 15.5 0.75 0 0 1
252 15.5 0.75 0 0 1
253 15.5 0.75 0 0 1
249 17 0.75 0 0 1
250 17 0.75 0 0 1
251 17 0.75 0 0 1
252 17 0.75 0 0 1
253 17 0.75 0 0 1
249 18.5 0.75 0 0 1
250 18.5 0.75 0 0 1
251 18.5 0.75 0 0 1
252 18.5 0.75 0 0 1
253 18.5 0.75 0 0 1
1 23.5 0.75 0 0 1
2 23.5 0.75 0 0 1
3 23.5 0.75 0 0 1
4 23.5 0.75 0 0 1
5 23.5 0.75 0 0 1
1 25 0.75 0 0 1
2 25 0.75 0 0 1
3 25 0.75 0 0 1
4 25 0.75 0 0 1
5 25 0.75 0 0 1
1 26.5 0.75 0 0 1
2 26.5 0.75 0 0 1
3 26.5 0.75 0 0 1
4 26.5 0.75 0 0 1
5 26.5 0.75 0 0 1
1 28 0.75 0 0 1
2 28 0.75 0 0 1
3 28 0.75 0 0 1
4 28 0.75 0 0 1
5 28 0.75 0 0 1
1 29.5 0.75 0 0 1
2 29.5 0.75 0 0 1
3 29.5 0.75 0 0 1
4 29.5 0.75 0 0 1
5 29.5 0.75 0 0 1
9 23.5 0.75 0 0 1
10 23.5 0.75 0 0 1
11 23.5 0.75 0 0 1
12 23.5 0.75 0 0 1
13 23.5 0.75 0 0 1
9 25 0.75 0 0 1
10 25 0.75 0 0 1
11 25 0.75 0 0 1
12 25 0.75 0 0 1
13 25 0.75 0 0 1
9 26.5 0.75 0 0 1
10 26.5 0.75 0 0 1
11 26.5 0.75 0 0 1
12 26.5 0.75 0 0 1
13 26.5 0.75 0 0 1
9 28 0.75 0 0 1
10 28 0.75 0 0 1
11 28 0.75 0 0 1
12 28 0.75 0 0 1
13 28 0.75 0 0 1
9 29.5 0.75 0 0 1
10 29.5 0.75 0 0 1
11 29.5 0.75 0 0 1
12 29.5 0.75 0 0 1
13 29.5 0.75 0 0 1
17 23.5 0.75 0 0 1
18 23.5 0.75 0 0 1
19 23.5 0.75 0 0 1
20 23.5 0.75 0 0 1
21 23.5 0.75 0 0 1
17 25 0.75 0 0 1
18 25 0.75 0 0 1
19 25 0.75 0 0 1
20 25 0.75 0 0 1
21 25 0.75 0 0 1
17 26.5 0.75 0 0 1
18 26.5 0.75 0 0 1
19 26.5 0.75 0 0 1
20 26.5 0.75 0 0 1
21 26.5 0.75 0 0 1
17 28 0.75 0 0 1
18 28 0.75 0 0 1
19 28 0.75 0 0 1
20 28 0.75 0 0 1
21 28 0.75 0 0 1
17 29.5 0.75 0 0 1
18 29.5 0.75 0 0 1
19 29.5 0.75 0 0 1
20 29.5 0.75 0 0 1
21 29.5 0.75 0 0 1
25 23.5 0.75 0 0 1
26 23.5 0.75 0 0 1
27 23.5 0.75 0 0 1
28 23.5 0.75 0 0 1
29 23.5 0.75 0 0 1
25 25 0.75 0 0 1
26 25 0.75 0 0 1
27 25 0.75 0 0 1
28 25 0.75 0 0 1
29 25 0.75 0 0 1
25 26.5 0.75 0 0 1
26 26.5 0.75 0 0 1
27 26.5 0.75 0 0 1
28 26.5 0.75 0 0 1
29 26.5 0.75 0 0 1
25 28 0.75 0 0 1
26 28 0.75 0 0 1
27 28 0.75 0 0 1
28 28 0.75 0 0 1
29 28 0.75 0 0 1
25 29.5 0.75 0 0 1
26 29.5 0.75 0 0 1
27 29.5 0.75 0 0 1
28 29.5 0.75 0 0 1
29 29.5 0.75 0 0 1
33 23.5 0.75 0 0 1
34 23.5 0.75 0 0 1
35 23.5 0.75 0 0 1
36 23.5 0.75 0 0 1
37 23.5 0.75 0 0 1
33 25 0.75 0 0 1
34 25 0.75 0 0 1
35 25 0.75 0 0 1
36 25 0.75 0 0 1
37 25 0.75 0 0 1
33 26.5 0.75 0 0 1
34 26.5 0.75 0 0 1
35 26.5 0.75 0 0 1
36 26.5 0.75 0 0 1
37 26.5 0.75 0 0 1
33 28 0.75 0 0 1
34 28 0.75 0 0 1
35 28 0.75 0 0 1
36 28 0.75 0 0 1
37 28 0.75 0 0 1
33 29.5 0.75 0 0 1
34 29.5 0.75 0 0 1
35 29.5 0.75 0 0 1
36 29.5 0.75 0 0 1
37 29.5 0.75 0 0 1
41 23.5 0.75 0 0 1
42 23.5 0.75 0 0 1
43 23.5 0.75 0 0 1
44 23.5 0.75 0 0 1
45 23.5 0.75 0 0 1
41 25 0.75 0 0 1
42 25 0.75 0 0 1
43 25 0.75 0 0 1
44 25 0.75 0 0 1
45 25 0.75 0 0 1
41 26.5 0.75 0 0 1
42 26.5 0.75 0 0 1
43 26.5 0.75 0 0 1
44 26.5 0.75 0 0 1
45 26.5 0.75 0 0 1
41 28 0.75 0 0 1
42 28 0.75 0 0 1
43 28 0.75 0 0 1
44 28 0.75 0 0 1
45 28 0.75 0 0 1
41 29.5 0.75 0 0 1
42 29.5 0.75 0 0 1
43 29.5 0.75 0 0 1
44 29.5 0.75 0 0 1
45 29.5 0.75 0 0 1
49 23.5 0.75 0 0 1
50 23.5 0.75 0 0 1
51 23.5 0.75 0 0 1
52 23.5 0.75 0 0 1
53 23.5 0.75 0 0 1
49 25 0.75 0 0 1
50 25 0.75 0 0 1
51 25 0.75 0 0 1
52 25 0.75 0 0 1
53 25 0.75 0 0 1
49 26.5 0.75 0 0 1
50 26.5 0.75 0 0 1
51 26.5 0.75 0 0 1
52 26.5 0.75 0 0 1
53 26.5 0.75 0 0 1
49 28 0.75 0 0 1
50 28 0.75 0 0 1
51 28 0.75 0 0 1
52 28 0.75 0 0 1
53 28 0.75 0 0 1
49 29.5 0.75 0 0 1
50 29.5 0.75 0 0 1
51 29.5 0.75 0 0 1
52 29.5 0.75 0 0 1
53 29.5 0.75 0 0 1
57 23.5 0.75 0 0 1
58 23.5 0.75 0 0 1
59 23.5 0.75 0 0 1
60 23.5 0.75 0 0 1
61 23.5 0.75 0 0 1
57 25 0.75 0 0 1
58 25 0.75 0 0 1
59 25 0.75 0 0 1
60 25 0.75 0 0 1
61 25 0.75 0 0 1
57 26.5 0.75 0 0 1
58 26.5 0.75 0 0 1
59 26.5 0.75 0 0 1
60 26.5 0.75 0 0 1
61 26.5 0.75 0 0 1
57 28 0.75 0 0 1
58 28 0.75 0 0 1
59 28 0.75 0 0 1
60 28 0.75 0 0 1
61 28 0.75 0 0 1
57 29.5 0.75 0 0 1
58 29.5 0.75 0 0 1
59 29.5 0.75 0 0 1
60 29.5 0.75 0 0 1
61 29.5 0.75 0 0 1
65 23.5 0.75 0 0 1
66 23.5 0.75 0 0 1
67 23.5 0.75 0 0 1
68 23.5 0.75 0 0 1
69 23.5 0.75 0 0 1
65 25 0.75 0 0 1
66 25 0.75 0 0 1
67 25 0.75 0 0 1
68 25 0.75 0 0 1
69 25 0.75 0 0 1
65 26.5 0.75 0 0 1
66 26.5 0.75 0 0 1
67 26.5 0.75 0 0 1
68 26.5 0.75 0 0 1
69 26.5 0.75 0 0 1
65 28 0.75 0 0 1
66 28 0.75 0 0 1
67 28 0.75 0 0 1
68 28 0.75 0 0 1
69 28 0.75 0 0 1
65 29.5 0.75 0 0 1
66 29.5 0.75 0 0 1
67 29.5 0.75 0 0 1
68 29.5 0.75 0 0 1
69 29.5 0.75 0 0 1
73 23.5 0.75 0 0 1
74 23.5 0.75 0 0 1
75 23.5 0.75 0 0 1
76 23.5 0.75 0 0 1
77 23.5 0.75 0 0 1
73 25 0.75 0 0 1
74 25 0.75 0 0 1
75 25 0.75 0 0 1
76 25 0.75 0 0 1
77 25 0.75 0 0 1
73 26.5 0.75 0 0 1
74 26.5 0.75 0 0 1
75 26.5 0.75 0 0 1
76 26.5 0.75 0 0 1
77 26.5 0.75 0 0 1
73 28 0.75 0 0 1
74 28 0.75 0 0 1
75 28 0.75 0 0 1
76 28 0.75 0 0 1
77 28 0.75 0 0 1
73 29.5 0.75 0 0 1
74 29.5 0.75 0 0 1
75 29.5 0.75 0 0 1
76 29.5 0.75 0 0 1
77 29.5 0.75 0 0 1
81 23.5 0.75 0 0 1
82 23.5 0.75 0 0 1
83 23.5 0.75 0 0 1
84 23.5 0.75 0 0 1
85 23.5 0.75 0 0 1
81 25 0.75 0 0 1
82 25 0.75 0 0 1
83 25 0.75 0 0 1
84 25 0.75 0 0 1
85 25 0.75 0 0 1
81 26.5 0.75 0 0 1
82 26.5 0.75 0 0 1
83 26.5 0.75 0 0 1
84 26.5 0.75 0 0 1
85 26.5 0.75 0 0 1
81 28 0.75 0 0 1
82 28 0.75 0 0 1
83 28 0.75 0 0 1
84 28 0.75 0 0 1
85 28 0.75 0 0 1
81 29.5 0.75 0 0 1
82 29.5 0.75 0 0 1
83 29.5 0.75 0 0 1
84 29.5 0.75 0 0 1
85 29.5 0.75 0 0 1
89 23.5 0.75 0 0 1
90 23.5 0.75 0 0 1
91 23.5 0.75 0 0 1
92 23.5 0.75 0 0 1
93 23.5 0.75 0 0 1
89 25 0.75 0 0 1
90 25 0.75 0 0 1
91 25 0.75 0 0 1
92 25 0.75 0 0 1
93 25 0.75 0 0 1
89 26.5 0.75 0 0 1
90 26.5 0.75 0 0 1
91 26.5 0.75 0 0 1
92 26.5 0.75 0 0 1
93 26.5 0.75 0 0 1
89 28 0.75 0 0 1
90 28 0.75 0 0 1
91 28 0.75 0 0 1
92 28 0.75 0 0 1
93 28 0.75 0 0 1
89 29.5 0.75 0 0 1
90 29.5 0.75 0 0 1
91 29.5 0.75 0 0 1
92 29.5 0.75 0 0 1
93 29.5 0.75 0 0 1
97 23.5 0.75 0 0 1
98 23.5 0.75 0 0 1
99 23.5 0.75 0 0 1
100 23.5 0.75 0 0 1
101 23.5 0.75 0 0 1
97 25 0.75 0 0 1
98 25 0.75 0 0 1
99 25 0.75 0 0 1
100 25 0.75 0 0 1
101 25 0.75 0 0 1
97 26.5 0.75 0 0 1
98 26.5 0.75 0 0 1
99 26.5 0.75 0 0 1
100 26.5 0.75 0 0 1
101 26.5 0.75 0 0 1
97 28 0.75 0 0 1
98 28 0.75 0 0 1
99 28 0.75 0 0 1
100 28 0.75 0 0 1
101 28 0.75 0 0 1
97 29.5 0.75 0 0 1
98 29.5 0.75 0 0 1
99 29.5 0.75 0 0 1
100 29.5 0.75 0 0 1
101 29.5 0.75 0 0 1
105 23.5 0.75 0 0 1
106 23.5 0.75 0 0 1
107 23.5 0.75 0 0 1
108 23.5 0.75 0 0 1
109 23.5 0.75 0 0 1
105 25 0.75 0 0 1
106 25 0.75 0 0 1
107 25 0.75 0 0 1
108 25 0.75 0 0 1
109 25 0.75 0 0 1
105 26.5 0.75 0 0 1
106 26.5 0.75 0 0 1
107 26.5 0.75 0 0 1
108 26.5 0.75 0 0 1
109 26.5 0.75 0 0 1
105 28 0.75 0 0 1
106 28 0.75 0 0 1
107 28 0.75 0 0 1
108 28 0.75 0 0 1
109 28 0.75 0 0 1
105 29.5 0.75 0 0 1
106 29.5 0.75 0 0 1
107 29.5 0.75 0 0 1
108 29.5 0.75 0 0 1
109 29.5 0.75 0 0 1
113 23.5 0.75 0 0 1
114 23.5 0.75 0 0 1
115 23.5 0.75 0 0 1
116 23.5 0.75 0 0 1
117 23.5 0.75 0 0 1
113 25 0.75 0 0 1
114 25 0.75 0 0 1
115 25 0.75 0 0 1
116 25 0.75 0 0 1
117 25 0.75 0 0 1
113 26.5 0.75 0 0 1
114 26.5 0.75 0 0 1
115 26.5 0.75 0 0 1
116 26.5 0.75 0 0 1
117 26.5 0.75 0 0 1
113 28 0.75 0 0 1
114 28 0.75 0 0 1
115 28 0.75 0 0 1
116 28 0.75 0 0 1
117 28 0.75 0 0 1
113 29.5 0.75 0 0 1
114 29.5 0.75 0 0 1
115 29.5 0.75 0 0 1
116 29.5 0.75 0 0 1
117 29.5 0.75 0 0 1
121 23.5 0.75 0 0 1
122 23.5 0.75 0 0 1
123 23.5 0.75 0 0 1
124 23.5 0.75 0 0 1
125 23.5 0.75 0 0 1
121 25 0.75 0 0 1
122 25 0.75 0 0 1
123 25 0.75 0 0 1
124 25 0.75 0 0 1
125 25 0.75 0 0 1
121 26.5 0.75 0 0 1
122 26.5 0.75 0 0 1
123 26.5 0.75 0 0 1
124 26.5 0.75 0 0 1
125 26.5 0.75 0 0 1
121 28 0.75 0 0 1
122 28 0.75 0 0 1
123 28 0.75 0 0 1
124 28 0.75 0 0 1
125 28 0.75 0 0 1
121 29.5 0.75 0 0 1
122 29.5 0.75 0 0 1
123 29.5 0.75 0 0 1
124 29.5 0.75 0 0 1
125 29.5 0.75 0 0 1
129 23.5 0.75 0 0 1
130 23.5 0.75 0 0 1
131 23.5 0.75 0 0 1
132 23.5 0.75 0 0 1
133 23.5 0.75 0 0 1
129 25 0.75 0 0 1
130 25 0.75 0 0 1
131 25 0.75 0 0 1
132 25 0.75 0 0 1
133 25 0.75 0 0 1
129 26.5 0.75 0 0 1
130 26.5 0.75 0 0 1
131 26.5 0.75 0 0 1
132 26.5 0.75 0 0 1
133 26.5 0.75 0 0 1
129 28 0.75 0 0 1
130 28 0.75 0 0 1
131 28 0.75 0 0 1
132 28 0.75 0 0 1
133 28 0.75 0 0 1
129 29.5 0.75 0 0 1
130 29.5 0.75 0 0 1
131 29.5 0.75 0 0 1
132 29.5 0.75 0 0 1
133 29.5 0.75 0 0 1
137 23.5 0.75 0 0 1
138 23.5 0.75 0 0 1
139 23.5 0.75 0 0 1
140 23.5 0.75 0 0 1
141 23.5 0.75 0 0 1
137 25 0.75 0 0 1
138 25 0.75 0 0 1
139 25 0.75 0 0 1
140 25 0.75 0 0 1
141 25 0.75 0 0 1
137 26.5 0.75 0 0 1
138 26.5 0.75 0 0 1
139 26.5 0.75 0 0 1
140 26.5 0.75 0 0 1
141 26.5 0.75 0 0 1
137 28 0.75 0 0 1
138 28 0.75 0 0 1
139 28 0.75 0 0 1
140 28 0.75 0 0 1
141 28 0.75 0 0 1
137 29.5 0.75 0 0 1
138 29.5 0.75 0 0 1
139 29.5 0.75 0 0 1
140 29.5 0.75 0 0 1
141 29.5 0.75 0 0 1
145 23.5 0.75 0 0 1
146 23.5 0.75 0 0 1
147 23.5 0.75 0 0 1
148 23.5 0.75 0 0 1
149 23.5 0.75 0 0 1
145 25 0.75 0 0 1
146 25 0.75 0 0 1
147 25 0.75 0 0 1
148 25 0.75 0 0 1
149 25 0.75 0 0 1
145 26.5 0.75 0 0 1
146 26.5 0.75 0 0 1
147 26.5 0.75 0 0 1
148 26.5 0.75 0 0 1
149 26.5 0.75 0 0 1
145 28 0.75 0 0 1
146 28 0.75 0 0 1
147 28 0.75 0 0 1
148 28 0.75 0 0 1
149 28 0.75 0 0 1
145 29.5 0.75 0 0 1
146 29.5 0.75 0 0 1
147 29.5 0.75 0 0 1
148 29.5 0.75 0 0 1
149 29.5 0.75 0 0 1
153 23.5 0.75 0 0 1
154 23.5 0.75 0 0 1
155 23.5 0.75 0 0 1
156 23.5 0.75 0 0 1
157 23.5 0.75 0 0 1
153 25 0.75 0 0 1
154 25 0.75 0 0 1
155 25 0.75 0 0 1
156 25 0.75 0 0 1
157 25 0.75 0 0 1
153 26.5 0.75 0 0 1
154 26.5 0.75 0 0 1
155 26.5 0.75 0 0 1
156 26.5 0.75 0 0 1
157 26.5 0.75 0 0 1
153 28 0.75 0 0 1
154 28 0.75 0 0 1
155 28 0.75 0 0 1
156 28 0.75 0 0 1
157 28 0.75 0 0 1
153 29.5 0.75 0 0 1
154 29.5 0.75 0 0 1
155 29.5 0.75 0 0 1
156 29.5 0.75 0 0 1
157 29.5 0.75 0 0 1
161 23.5 0.75 0 0 1
162 23.5 0.75 0 0 1
163 23.5 0.75 0 0 1
164 23.5 0.75 0 0 1
165 23.5 0.75 0 0 1
161 25 0.75 0 0 1
162 25 0.75 0 0 1
163 25 0.75 0 0 1
164 25 0.75 0 0 1
165 25 0.75 0 0 1
161 26.5 0.75 0 0 1
162 26.5 0.75 0 0 1
163 26.5 0.75 0 0 1
164 26.5 0.75 0 0 1
165 26.5 0.75 0 0 1
161 28 0.75 0 0 1
162 28 0.75 0 0 1
163 28 0.75 0 0 1
164 28 0.75 0 0 1
165 28 0.75 0 0 1
161 29.5 0.75 0 0 1
162 29.5 0.75 0 0 1
163 29.5 0.75 0 0 1
164 29.5 0.75 0 0 1
165 29.5 0.75 0 0 1
169 23.5 0.75 0 0 1
170 23.5 0.75 0 0 1
171 23.5 0.75 0 0 1
172 23.5 0.75 0 0 1
173 23.5 0.75 0 0 1
169 25 0.75 0 0 1
170 25 0.75 0 0 1
171 25 0.75 0 0 1
172 25 0.75 0 0 1
173 25 0.75 0 0 1
169 26.5 0.75 0 0 1
170 26.5 0.75 0 0 1
171 26.5 0.75 0 0 1
172 26.5 0.75 0 0 1
173 26.5 0.75 0 0 1
169 28 0.75 0 0 1
170 28 0.75 0 0 1
171 28 0.75 0 0 1
172 28 0.75 0 0 1
173 28 0.75 0 0 1
169 29.5 0.75 0 0 1
170 29.5 0.75 0 0 1
171 29.5 0.75 0 0 1
172 29.5 0.75 0 0 1
173 29.5 0.75 0 0 1
177 23.5 0.75 0 0 1
178 23.5 0.75 0 0 1
179 23.5 0.75 0 0 1
180 23.5 0.75 0 0 1
181 23.5 0.75 0 0 1
177 25 0.75 0 0 1
178 25 0.75 0 0 1
179 25 0.75 0 0 1
180 25 0.75 0 0 1
181 25 0.75 0 0 1
177 26.5 0.75 0 0 1
178 26.5 0.75 0 0 1
179 26.5 0.75 0 0 1
180 26.5 0.75 0 0 1
181 26.5 0.75 0 0 1
177 28 0.75 0 0 1
178 28 0.75 0 0 1
179 28 0.75 0 0 1
180 28 0.75 0 0 1
181 28 0.75 0 0 1
177 29.5 0.75 0 0 1
178 29.5 0.75 0 0 1
179 29.5 0.75 0 0 1
180 29.5 0.75 0 0 1
181 29.5 0.75 0 0 1
185 23.5 0.75 0 0 1
186 23.5 0.75 0 0 1
187 23.5 0.75 0 0 1
188 23.5 0.75 0 0 1
189 23.5 0.75 0 0 1
185 25 0.75 0 0 1
186 25 0.75 0 0 1
187 25 0.75 0 0 1
188 25 0.75 0 0 1
189 25 0.75 0 0 1
185 26.5 0.75 0 0 1
186 26.5 0.75 0 0 1
187 26.5 0.75 0 0 1
188 26.5 0.75 0 0 1
189 26.5 0.75 0 0 1
185 28 0.75 0 0 1
186 28 0.75 0 0 1
187 28 0.75 0 0 1
188 28 0.75 0 0 1
189 28 0.75 0 0 1
185 29.5 0.75 0 0 1
186 29.5 0.75 0 0 1
187 29.5 0.75 0 0 1
188 29.5 0.75 0 0 1
189 29.5 0.75 0 0 1
193 23.5 0.75 0 0 1
194 23.5 0.75 0 0 1
195 23.5 0.75 0 0 1
196 23.5 0.75 0 0 1
197 23.5 0.75 0 0 1
193 25 0.75 0 0 1
194 25 0.75 0 0 1
195 25 0.75 0 0 1
196 25 0.75 0 0 1
197 25 0.75 0 0 1
193 26.5 0.75 0 0 1
194 26.5 0.75 0 0 1
195 26.5 0.75 0 0 1
196 26.5 0.75 0 0 1
197 26.5 0.75 0 0 1
193 28 0.75 0 0 1
194 28 0.75 0 0 1
195 28 0.75 0 0 1
196 28 0.75 0 0 1
197 28 0.75 0 0 1
193 29.5 0.75 0 0 1
194 29.5 0.75 0 0 1
195 29.5 0.75 0 0 1
196 29.5 0.75 0 0 1
197 29.5 0.75 0 0 1
201 23.5 0.75 0 0 1
202 23.5 0.75 0 0 1
203 23.5 0.75 0 0 1
204 23.5 0.75 0 0 1
205 23.5 0.75 0 0 1
201 25 0.75 0 0 1
202 25 0.75 0 0 1
203 25 0.75 0 0 1
204 25 0.75 0 0 1
205 25 0.75 0 0 1
201 26.5 0.75 0 0 1
202 26.5 0.75 0 0 1
203 26.5 0.75 0 0 1
204 26.5 0.75 0 0 1
205 26.5 0.75 0 0 1
201 28 0.75 0 0 1
202 28 0.75 0 0 1
203 28 0.75 0 0 1
204 28 0.75 0 0 1
205 28 0.75 0 0 1
201 29.5 0.75 0 0 1
202 29.5 0.75 0 0 1
203 29.5 0.75 0 0 1
204 29.5 0.75 0 0 1
205 29.5 0.75 0 0 1
209 23.5 0.75 0 0 1
210 23.5 0.75 0 0 1
211 23.5 0.75 0 0 1
212 23.5 0.75 0 0 1
213 23.5 0.75 0 0 1
209 25 0.75 0 0 1
210 25 0.75 0 0 1
211 25 0.75 0 0 1
212 25 0.75 0 0 1
213 25 0.75 0 0 1
209 26.5 0.75 0 0 1
210 26.5 0.75 0 0 1
211 26.5 0.75 0 0 1
212 26.5 0.75 0 0 1
213 26.5 0.75 0 0 1
209 28 0.75 0 0 1
210 28 0.75 0 0 1
211 28 0.75 0 0 1
212 28 0.75 0 0 1
213 28 0.75 0 0 1
209 29.5 0.75 0 0 1
210 29.5 0.75 0 0 1
211 29.5 0.75 0 0 1
212 29.5 0.75 0 0 1
213 29.5 0.75 0 0 1
217 23.5 0.75 0 0 1
218 23.5 0.75 0 0 1
219 23.5 0.75 0 0 1
220 23.5 0.75 0 0 1
221 23.5 0.75 0 0 1
217 25 0.75 0 0 1
218 25 0.75 0 0 1
219 25 0.75 0 0 1
220 25 0.75 0 0 1
221 25 0.75 0 0 1
217 26.5 0.75 0 0 1
218 26.5 0.75 0 0 1
219 26.5 0.75 0 0 1
220 26.5 0.75 0 0 1
221 26.5 0.75 0 0 1
217 28 0.75 0 0 1
218 28 0.75 0 0 1
219 28 0.75 0 0 1
220 28 0.75 0 0 1
221 28 0.75 0 0 1
217 29.5 0.75 0 0 1
218 29.5 0.75 0 0 1
219 29.5 0.75 0 0 1
220 29.5 0.75 0 0 1
221 29.5 0.75 0 0 1
225 23.5 0.75 0 0 1
226 23.5 0.75 0 0 1
227 23.5 0.75 0 0 1
228 23.5 0.75 0 0 1
229 23.5 0.75 0 0 1
225 25 0.75 0 0 1
226 25 0.75 0 0 1
227 25 0.75 0 0 1
228 25 0.75 0 0 1
229 25 0.75 0 0 1
225 26.5 0.75 0 0 1
226 26.5 0.75 0 0 1
227 26.5 0.75 0 0 1
228 26.5 0.75 0 0 1
229 26.5 0.75 0 0 1
225 28 0.75 0 0 1
226 28 0.75 0 0 1
227 28 0.75 0 0 1
228 28 0.75 0 0 1
229 28 0.75 0 0 1
225 29.5 0.75 0 0 1
226 29.5 0.75 0 0 1
227 29.5 0.75 0 0 1
228 29.5 0.75 0 0 1
229 29.5 0.75 0 0 1
233 23.5 0.75 0 0 1
234 23.5 0.75 0 0 1
235 23.5 0.75 0 0 1
236 23.5 0.75 0 0 1
237 23.5 0.75 0 0 1
233 25 0.75 0 0 1
234 25 0.75 0 0 1
235 25 0.75 0 0 1
236 25 0.75 0 0 1
237 25 0.75 0 0 1
233 26.5 0.75 0 0 1
234 26.5 0.75 0 0 1
235 26.5 0.75 0 0 1
236 26.5 0.75 0 0 1
237 26.5 0.75 0 0 1
233 28 0.75 0 0 1
234 28 0.75 0 0 1
235 28 0.75 0 0 1
236 28 0.75 0 0 1
237 28 0.75 0 0 1
233 29.5 0.75 0 0 1
234 29.5 0.75 0 0 1
235 29.5 0.75 0 0 1
236 29.5 0.75 0 0 1
237 29.5 0.75 0 0 1
241 23.5 0.75 0 0 1
242 23.5 0.75 0 0 1
243 23.5 0.75 0 0 1
244 23.5 0.75 0 0 1
245 23.5 0.75 0 0 1
241 25 0.75 0 0 1
242 25 0.75 0 0 1
243 25 0.75 0 0 1
244 25 0.75 0 0 1
245 25 0.75 0 0 1
241 26.5 0.75 0 0 1
242 26.5 0.75 0 0 1
243 26.5 0.75 0 0 1
244 26.5 0.75 0 0 1
245 26.5 0.75 0 0 1
241 28 0.75 0 0 1
242 28 0.75 0 0 1
243 28 0.75 0 0 1
244 28 0.75 0 0 1
245 28 0.75 0 0 1
241 29.5 0.75 0 0 1
242 29.5 0.75 0 0 1
243 29.5 0.75 0 0 1
244 29.5 0.75 0 0 1
245 29.5 0.75 0 0 1
249 23.5 0.75 0 0 1
250 23.5 0.75 0 0 1
251 23.5 0.75 0 0 1
252 23.5 0.75 0 0 1
253 23.5 0.75 0 0 1
249 25 0.75 0 0 1
250 25 0.75 0 0 1
251 25 0.75 0 0 1
252 25 0.75 0 0 1
253 25 0.75 0 0 1
249 26.5 0.75 0 0 1
250 26.5 0.75 0 0 1
251 26.5 0.75 0 0 1
252 26.5 0.75 0 0 1
253 26.5 0.75 0 0 1
249 28 0.75 0 0 1
250 28 0.75 0 0 1
251 28 0.75 0 0 1
252 28 0.75 0 0 1
253 28 0.75 0 0 1
249 29.5 0.75 0 0 1
250 29.5 0.75 0 0 1
251 29.5 0.75 0 0 1
252 29.5 0.75 0 0 1
253 29.5 0.75 0 0 1
1 34.5 0.75 0 0 1
2 34.5 0.75 0 0 1
3 34.5 0.75 0 0 1
4 34.5 0.75 0 0 1
5 34.5 0.75 0 0 1
1 36 0.75 0 0 1
2 36 0.75 0 0 1
3 36 0.75 0 0 1
4 36 0.75 0 0 1
5 36 0.75 0 0 1
1 37.5 0.75 0 0 1
2 37.5 0.75 0 0 1
3 37.5 0.75 0 0 1
4 37.5 0.75 0 0 1
5 37.5 0.75 0 0 1
1 39 0.75 0 0 1
2 39 0.75 0 0 1
3 39 0.75 0 0 1
4 39 0.75 0 0 1
5 39 0.75 0 0 1
1 40.5 0.75 0 0 1
2 40.5 0.75 0 0 1
3 40.5 0.75 0 0 1
4 40.5 0.75 0 0 1
5 40.5 0.75 0 0 1
9 34.5 0.75 0 0 1
10 34.5 0.75 0 0 1
11 34.5 0.75 0 0 1
12 34.5 0.75 0 0 1
13 34.5 0.75 0 0 1
9 36 0.75 0 0 1
10 36 0.75 0 0 1
11 36 0.75 0 0 1
12 36 0.75 0 0 1
13 36 0.75 0 0 1
9 37.5 0.75 0 0 1
10 37.5 0.75 0 0 1
11 37.5 0.75 0 0 1
12 37.5 0.75 0 0 1
13 37.5 0.75 0 0 1
9 39 0.75 0 0 1
10 39 0.75 0 0 1
11 39 0.75 0 0 1
12 39 0.75 0 0 1
13 39 0.75 0 0 1
9 40.5 0.75 0 0 1
10 40.5 0.75 0 0 1
11 40.5 0.75 0 0 1
12 40.5 0.75 0 0 1
13 40.5 0.75 0 0 1
17 34.5 0.75 0 0 1
18 34.5 0.75 0 0 1
19 34.5 0.75 0 0 1
20 34.5 0.75 0 0 1
21 34.5 0.75 0 0 1
17 36 0.75 0 0 1
18 36 0.75 0 0 1
19 36 0.75 0 0 1
20 36 0.75 0 0 1
21 36 0.75 0 0 1
17 37.5 0.75 0 0 1
18 37.5 0.75 0 0 1
19 37.5 0.75 0 0 1
20 37.5 0.75 0 0 1
21 37.5 0.75 0 0 1
17 39 0.75 0 0 1
18 39 0.75 0 0 1
19 39 0.75 0 0 1
20 39 0.75 0 0 1
21 39 0.75 0 0 1
17 40.5 0.75 0 0 1
18 40.5 0.75 0 0 1
19 40.5 0.75 0 0 1
20 40.5 0.75 0 0 1
21 40.5 0.75 0 0 1
25 34.5 0.75 0 0 1
26 34.5 0.75 0 0 1
27 34.5 0.75 0 0 1
28 34.5 0.75 0 0 1
29 34.5 0.75 0 0 1
25 36 0.75 0 0 1
26 36 0.75 0 0 1
27 36 0.75 0 0 1
28 36 0.75 0 0 1
29 36 0.75 0 0 1
25 37.5 0.75 0 0 1
26 37.5 0.75 0 0 1
27 37.5 0.75 0 0 1
28 37.5 0.75 0 0 1
29 37.5 0.75 0 0 1
25 39 0.75 0 0 1
26 39 0.75 0 0 1
27 39 0.75 0 0 1
28 39 0.75 0 0 1
29 39 0.75 0 0 1
25 40.5 0.75 0 0 1
26 40.5 0.75 0 0 1
27 40.5 0.75 0 0 1
28 40.5 0.75 0 0 1
29 40.5 0.75 0 0 1
33 34.5 0.75 0 0 1
34 34.5 0.75 0 0 1
35 34.5 0.75 0 0 1
36 34.5 0.75 0 0 1
37 34.5 0.75 0 0 1
33 36 0.75 0 0 1
34 36 0.75 0 0 1
35 36 0.75 0 0 1
36 36 0.75 0 0 1
37 36 0.75 0 0 1
33 37.5 0.75 0 0 1
34 37.5 0.75 0 0 1
35 37.5 0.75 0 0 1
36 37.5 0.75 0 0 1
37 37.5 0.75 0 0 1
33 39 0.75 0 0 1
34 39 0.75 0 0 1
35 39 0.75 0 0 1
36 39 0.75 0 0 1
37 39 0.75 0 0 1
33 40.5 0.75 0 0 1
34 40.5 0.75 0 0 1
35 40.5 0.75 0 0 1
36 40.5 0.75 0 0 1
37 40.5 0.75 0 0 1
41 34.5 0.75 0 0 1
42 34.5 0.75 0 0 1
43 34.5 0.75 0 0 1
44 34.5 0.75 0 0 1
45 34.5 0.75 0 0 1
41 36 0.75 0 0 1
42 36 0.75 0 0 1
43 36 0.75 0 0 1
44 36 0.75 0 0 1
45 36 0.75 0 0 1
41 37.5 0.75 0 0 1
42 37.5 0.75 0 0 1
43 37.5 0.75 0 0 1
44 37.5 0.75 0 0 1
45 37.5 0.75 0 0 1
41 39 0.75 0 0 1
42 39 0.75 0 0 1
43 39 0.75 0 0 1
44 39 0.75 0 0 1
45 39 0.75 0 0 1
41 40.5 0.75 0 0 1
42 40.5 0.75 0 0 1
43 40.5 0.75 0 0 1
44 40.5 0.75 0 0 1
45 40.5 0.75 0 0 1
49 34.5 0.75 0 0 1
50 34.5 0.75 0 0 1
51 34.5 0.75 0 0 1
52 34.5 0.75 0 0 1
53 34.5 0.75 0 0 1
49 36 0.75 0 0 1
50 36 0.75 0 0 1
51 36 0.75 0 0 1
52 36 0.75 0 0 1
53 36 0.75 0 0 1
49 37.5 0.75 0 0 1
50 37.5 0.75 0 0 1
51 37.5 0.75 0 0 1
52 37.5 0.75 0 0 1
53 37.5 0.75 0 0 1
49 39 0.75 0 0 1
50 39 0.75 0 0 1
51 39 0.75 0 0 1
52 39 0.75 0 0 1
53 39 0.75 0 0 1
49 40.5 0.75 0 0 1
50 40.5 0.75 0 0 1
51 40.5 0.75 0 0 1
52 40.5 0.75 0 0 1
53 40.5 0.75 0 0 1
57 34.5 0.75 0 0 1
58 34.5 0.75 0 0 1
59 34.5 0.75 0 0 1
60 34.5 0.75 0 0 1
61 34.5 0.75 0 0 1
57 36 0.75 0 0 1
58 36 0.75 0 0 1
59 36 0.75 0 0 1
60 36 0.75 0 0 1
61 36 0.75 0 0 1
57 37.5 0.75 0 0 1
58 37.5 0.75 0 0 1
59 37.5 0.75 0 0 1
60 37.5 0.75 0 0 1
61 37.5 0.75 0 0 1
57 39 0.75 0 0 1
58 39 0.75 0 0 1
59 39 0.75 0 0 1
60 39 0.75 0 0 1
61 39 0.75 0 0 1
57 40.5 0.75 0 0 1
58 40.5 0.75 0 0 1
59 40.5 0.75 0 0 1
60 40.5 0.75 0 0 1
61 40.5 0.75 0 0 1
65 34.5 0.75 0 0 1
66 34.5 0.75 0 0 1
67 34.5 0.75 0 0 1
68 34.5 0.75 0 0 1
69 34.5 0.75 0 0 1
65 36 0.75 0 0 1
66 36 0.75 0 0 1
67 36 0.75 0 0 1
68 36 0.75 0 0 1
69 36 0.75 0 0 1
65 37.5 0.75 0 0 1
66 37.5 0.75 0 0 1
67 37.5 0.75 0 0 1
68 37.5 0.75 0 0 1
69 37.5 0.75 0 0 1
65 39 0.75 0 0 1
66 39 0.75 0 0 1
67 39 0.75 0 0 1
68 39 0.75 0 0 1
69 39 0.75 0 0 1
65 40.5 0.75 0 0 1
66 40.5 0.75 0 0 1
67 40.5 0.75 0 0 1
68 40.5 0.75 0 0 1
69 40.5 0.75 0 0 1
73 34.5 0.75 0 0 1
74 34.5 0.75 0 0 1
75 34.5 0.75 0 0 1
76 34.5 0.75 0 0 1
77 34.5 0.75 0 0 1
73 36 0.75 0 0 1
74 36 0.75 0 0 1
75 36 0.75 0 0 1
76 36 0.75 0 0 1
77 36 0.75 0 0 1
73 37.5 0.75 0 0 1
74 37.5 0.75 0 0 1
75 37.5 0.75 0 0 1
76 37.5 0.75 0 0 1
77 37.5 0.75 0 0 1
73 39 0.75 0 0 1
74 39 0.75 0 0 1
75 39 0.75 0 0 1
76 39 0.75 0 0 1
77 39 0.75 0 0 1
73 40.5 0.75 0 0 1
74 40.5 0.75 0 0 1
75 40.5 0.75 0 0 1
76 40.5 0.75 0 0 1
77 40.5 0.75 0 0 1
81 34.5 0.75 0 0 1
82 34.5 0.75 0 0 1
83 34.5 0.75 0 0 1
84 34.5 0.75 0 0 1
85 34.5 0.75 0 0 1
81 36 0.75 0 0 1
82 36 0.75 0 0 1
83 36 0.75 0 0 1
84 36 0.75 0 0 1
85 36 0.75 0 0 1
81 37.5 0.75 0 0 1
82 37.5 0.75 0 0 1
83 37.5 0.75 0 0 1
84 37.5 0.75 0 0 1
85 37.5 0.75 0 0 1
81 39 0.75 0 0 1
82 39 0.75 0 0 1
83 39 0.75 0 0 1
84 39 0.75 0 0 1
85 39 0.75 0 0 1
81 40.5 0.75 0 0 1
82 40.5 0.75 0 0 1
83 40.5 0.75 0 0 1
84 40.5 0.75 0 0 1
85 40.5 0.75 0 0 1
89 34.5 0.75 0 0 1
90 34.5 0.75 0 0 1
91 34.5 0.75 0 0 1
92 34.5 0.75 0 0 1
93 34.5 0.75 0 0 1
89 36 0.75 0 0 1
90 36 0.75 0 0 1
91 36 0.75 0 0 1
92 36 0.75 0 0 1
93 36 0.75 0 0 1
89 37.5 0.75 0 0 1
90 37.5 0.75 0 0 1
91 37.5 0.75 0 0 1
92 37.5 0.75 0 0 1
93 37.5 0.75 0 0 1
89 39 0.75 0 0 1
90 39 0.75 0 0 1
91 39 0.75 0 0 1
92 39 0.75 0 0 1
93 39 0.75 0 0 1
89 40.5 0.75 0 0 1
90 40.5 0.75 0 0 1
91 40.5 0.75 0 0 1
92 40.5 0.75 0 0 1
93 40.5 0.75 0 0 1
97 34.5 0.75 0 0 1
98 34.5 0.75 0 0 1
99 34.5 0.75 0 0 1
100 34.5 0.75 0 0 1
101 34.5 0.75 0 0 1
97 36 0.75 0 0 1
98 36 0.75 0 0 1
99 36 0.75 0 0 1
100 36 0.75 0 0 1
101 36 0.75 0 0 1
97 37.5 0.75 0 0 1
98 37.5 0.75 0 0 1
99 37.5 0.75 0 0 1
100 37.5 0.75 0 0 1
101 37.5 0.75 0 0 1
97 39 0.75 0 0 1
98 39 0.75 0 0 1
99 39 0.75 0 0 1
100 39 0.75 0 0 1
101 39 0.75 0 0 1
97 40.5 0.75 0 0 1
98 40.5 0.75 0 0 1
99 40.5 0.75 0 0 1
100 40.5 0.75 0 0 1
101 40.5 0.75 0 0 1
105 34.5 0.75 0 0 1
106 34.5 0.75 0 0 1
107 34.5 0.75 0 0 1
108 34.5 0.75 0 0 1
109 34.5 0.75 0 0 1
105 36 0.75 0 0 1
106 36 0.75 0 0 1
107 36 0.75 0 0 1
108 36 0.75 0 0 1
109 36 0.75 0 0 1
105 37.5 0.75 0 0 1
106 37.5 0.75 0 0 1
107 37.5 0.75 0 0 1
108 37.5 0.75 0 0 1
109 37.5 0.75 0 0 1
105 39 0.75 0 0 1
106 39 0.75 0 0 1
107 39 0.75 0 0 1
108 39 0.75 0 0 1
109 39 0.75 0 0 1
105 40.5 0.75 0 0 1
106 40.5 0.75 0 0 1
107 40.5 0.75 0 0 1
108 40.5 0.75 0 0 1
109 40.5 0.75 0 0 1
113 34.5 0.75 0 0 1
114 34.5 0.75 0 0 1
115 34.5 0.75 0 0 1
116 34.5 0.75 0 0 1
117 34.5 0.75 0 0 1
113 36 0.75 0 0 1
114 36 0.75 0 0 1
115 36 0.75 0 0 1
116 36 0.75 0 0 1
117 36 0.75 0 0 1
113 37.5 0.75 0 0 1
114 37.5 0.75 0 0 1
115 37.5 0.75 0 0 1
116 37.5 0.75 0 0 1
117 37.5 0.75 0 0 1
113 39 0.75 0 0 1
114 39 0.75 0 0 1
115 39 0.75 0 0 1
116 39 0.75 0 0 1
117 39 0.75 0 0 1
113 40.5 0.75 0 0 1
114 40.5 0.75 0 0 1
115 40.5 0.75 0 0 1
116 40.5 0.75 0 0 1
117 40.5 0.75 0 0 1
121 34.5 0.75 0 0 1
122 34.5 0.75 0 0 1
123 34.5 0.75 0 0 1
124 34.5 0.75 0 0 1
125 34.5 0.75 0 0 1
121 36 0.75 0 0 1
122 36 0.75 0 0 1
123 36 0.75 0 0 1
124 36 0.75 0 0 1
125 36 0.75 0 0 1
121 37.5 0.75 0 0 1
122 37.5 0.75 0 0 1
123 37.5 0.75 0 0 1
124 37.5 0.75 0 0 1
125 37.5 0.75 0 0 1
121 39 0.75 0 0 1
122 39 0.75 0 0 1
123 39 0.75 0 0 1
124 39 0.75 0 0 1
125 39 0.75 0 0 1
121 40.5 0.75 0 0 1
122 40.5 0.75 0 0 1
123 40.5 0.75 0 0 1
124 40.5 0.75 0 0 1
125 40.5 0.75 0 0 1
129 34.5 0.75 0 0 1
130 34.5 0.75 0 0 1
131 34.5 0.75 0 0 1
132 34.5 0.75 0 0 1
133 34.5 0.75 0 0 1
129 36 0.75 0 0 1
130 36 0.75 0 0 1
131 36 0.75 0 0 1
132 36 0.75 0 0 1
133 36 0.75 0 0 1
129 37.5 0.75 0 0 1
130 37.5 0.75 0 0 1
131 37.5 0.75 0 0 1
132 37.5 0.75 0 0 1
133 37.5 0.75 0 0 1
129 39 0.75 0 0 1
130 39 0.75 0 0 1
131 39 0.75 0 0 1
132 39 0.75 0 0 1
133 39 0.75 0 0 1
129 40.5 0.75 0 0 1
130 40.5 0.75 0 0 1
131 40.5 0.75 0 0 1
132 40.5 0.75 0 0 1
133 40.5 0.75 0 0 1
137 34.5 0.75 0 0 1
138 34.5 0.75 0 0 1
139 34.5 0.75 0 0 1
140 34.5 0.75 0 0 1
141 34.5 0.75 0 0 1
137 36 0.75 0 0 1
138 36 0.75 0 0 1
139 36 0.75 0 0 1
140 36 0.75 0 0 1
141 36 0.75 0 0 1
137 37.5 0.75 0 0 1
138 37.5 0.75 0 0 1
139 37.5 0.75 0 0 1
140 37.5 0.75 0 0 1
141 37.5 0.75 0 0 1
137 39 0.75 0 0 1
138 39 0.75 0 0 1
139 39 0.75 0 0 1
140 39 0.75 0 0 1
141 39 0.75 0 0 1
137 40.5 0.75 0 0 1
138 40.5 0.75 0 0 1
139 40.5 0.75 0 0 1
140 40.5 0.75 0 0 1
141 40.5 0.75 0 0 1
145 34.5 0.75 0 0 1
146 34.5 0.75 0 0 1
147 34.5 0.75 0 0 1
148 34.5 0.75 0 0 1
149 34.5 0.75 0 0 1
145 36 0.75 0 0 1
146 36 0.75 0 0 1
147 36 0.75 0 0 1
148 36 0.75 0 0 1
149 36 0.75 0 0 1
145 37.5 0.75 0 0 1
146 37.5 0.75 0 0 1
147 37.5 0.75 0 0 1
148 37.5 0.75 0 0 1
149 37.5 0.75 0 0 1
145 39 0.75 0 0 1
146 39 0.75 0 0 1
147 39 0.75 0 0 1
148 39 0.75 0 0 1
149 39 0.75 0 0 1
145 40.5 0.75 0 0 1
146 40.5 0.75 0 0 1
147 40.5 0.75 0 0 1
148 40.5 0.75 0 0 1
149 40.5 0.75 0 0 1
153 34.5 0.75 0 0 1
154 34.5 0.75 0 0 1
155 34.5 0.75 0 0 1
156 34.5 0.75 0 0 1
157 34.5 0.75 0 0 1
153 36 0.75 0 0 1
154 36 0.75 0 0 1
155 36 0.75 0 0 1
156 36 0.75 0 0 1
157 36 0.75 0 0 1
153 37.5 0.75 0 0 1
154 37.5 0.75 0 0 1
155 37.5 0.75 0 0 1
156 37.5 0.75 0 0 1
157 37.5 0.75 0 0 1
153 39 0.75 0 0 1
154 39 0.75 0 0 1
155 39 0.75 0 0 1
156 39 0.75 0 0 1
157 39 0.75 0 0 1
153 40.5 0.75 0 0 1
154 40.5 0.75 0 0 1
155 40.5 0.75 0 0 1
156 40.5 0.75 0 0 1
157 40.5 0.75 0 0 1
161 34.5 0.75 0 0 1
162 34.5 0.75 0 0 1
163 34.5 0.75 0 0 1
164 34.5 0.75 0 0 1
165 34.5 0.75 0 0 1
161 36 0.75 0 0 1
162 36 0.75 0 0 1
163 36 0.75 0 0 1
164 36 0.75 0 0 1
165 36 0.75 0 0 1
161 37.5 0.75 0 0 1
162 37.5 0.75 0 0 1
163 37.5 0.75 0 0 1
164 37.5 0.75 0 0 1
165 37.5 0.75 0 0 1
161 39 0.75 0 0 1
162 39 0.75 0 0 1
163 39 0.75 0 0 1
164 39 0.75 0 0 1
165 39 0.75 0 0 1
161 40.5 0.75 0 0 1
162 40.5 0.75 0 0 1
163 40.5 0.75 0 0 1
164 40.5 0.75 0 0 1
165 40.5 0.75 0 0 1
169 34.5 0.75 0 0 1
170 34.5 0.75 0 0 1
171 34.5 0.75 0 0 1
172 34.5 0.75 0 0 1
173 34.5 0.75 0 0 1
169 36 0.75 0 0 1
170 36 0.75 0 0 1
171 36 0.75 0 0 1
172 36 0.75 0 0 1
173 36 0.75 0 0 1
169 37.5 0.75 0 0 1
170 37.5 0.75 0 0 1
171 37.5 0.75 0 0 1
172 37.5 0.75 0 0 1
173 37.5 0.75 0 0 1
169 39 0.75 0 0 1
170 39 0.75 0 0 1
171 39 0.75 0 0 1
172 39 0.75 0 0 1
173 39 0.75 0 0 1
169 40.5 0.75 0 0 1
170 40.5 0.75 0 0 1
171 40.5 0.75 0 0 1
172 40.5 0.75 0 0 1
173 40.5 0.75 0 0 1
177 34.5 0.75 0 0 1
178 34.5 0.75 0 0 1
179 34.5 0.75 0 0 1
180 34.5 0.75 0 0 1
181 34.5 0.75 0 0 1
177 36 0.75 0 0 1
178 36 0.75 0 0 1
179 36 0.75 0 0 1
180 36 0.75 0 0 1
181 36 0.75 0 0 1
177 37.5 0.75 0 0 1
178 37.5 0.75 0 0 1
179 37.5 0.75 0 0 1
180 37.5 0.75 0 0 1
181 37.5 0.75 0 0 1
177 39 0.75 0 0 1
178 39 0.75 0 0 1
179 39 0.75 0 0 1
180 39 0.75 0 0 1
181 39 0.75 0 0 1
177 40.5 0.75 0 0 1
178 40.5 0.75 0 0 1
179 40.5 0.75 0 0 1
180 40.5 0.75 0 0 1
181 40.5 0.75 0 0 1
185 34.5 0.75 0 0 1
186 34.5 0.75 0 0 1
187 34.5 0.75 0 0 1
188 34.5 0.75 0 0 1
189 34.5 0.75 0 0 1
185 36 0.75 0 0 1
186 36 0.75 0 0 1
187 36 0.75 0 0 1
188 36 0.75 0 0 1
189 36 0.75 0 0 1
185 37.5 0.75 0 0 1
186 37.5 0.75 0 0 1
187 37.5 0.75 0 0 1
188 37.5 0.75 0 0 1
189 37.5 0.75 0 0 1
185 39 0.75 0 0 1
186 39 0.75 0 0 1
187 39 0.75 0 0 1
188 39 0.75 0 0 1
189 39 0.75 0 0 1
185 40.5 0.75 0 0 1
186 40.5 0.75 0 0 1
187 40.5 0.75 0 0 1
188 40.5 0.75 0 0 1
189 40.5 0.75 0 0 1
193 34.5 0.75 0 0 1
194 34.5 0.75 0 0 1
195 34.5 0.75 0 0 1
196 34.5 0.75 0 0 1
197 34.5 0.75 0 0 1
193 36 0.75 0 0 1
194 36 0.75 0 0 1
195 36 0.75 0 0 1
196 36 0.75 0 0 1
197 36 0.75 0 0 1
193 37.5 0.75 0 0 1
194 37.5 0.75 0 0 1
195 37.5 0.75 0 0 1
196 37.5 0.75 0 0 1
197 37.5 0.75 0 0 1
193 39 0.75 0 0 1
194 39 0.75 0 0 1
195 39 0.75 0 0 1
196 39 0.75 0 0 1
197 39 0.75 0 0 1
193 40.5 0.75 0 0 1
194 40.5 0.75 0 0 1
195 40.5 0.75 0 0 1
196 40.5 0.75 0 0 1
197 40.5 0.75 0 0 1
201 34.5 0.75 0 0 1
202 34.5 0.75 0 0 1
203 34.5 0.75 0 0 1
204 34.5 0.75 0 0 1
205 34.5 0.75 0 0 1
201 36 0.75 0 0 1
202 36 0.75 0 0 1
203 36 0.75 0 0 1
204 36 0.75 0 0 1
205 36 0.75 0 0 1
201 37.5 0.75 0 0 1
202 37.5 0.75 0 0 1
203 37.5 0.75 0 0 1
204 37.5 0.75 0 0 1
205 37.5 0.75 0 0 1
201 39 0.75 0 0 1
202 39 0.75 0 0 1
203 39 0.75 0 0 1
204 39 0.75 0 0 1
205 39 0.75 0 0 1
201 40.5 0.75 0 0 1
202 40.5 0.75 0 0 1
203 40.5 0.75 0 0 1
204 40.5 0.75 0 0 1
205 40.5 0.75 0 0 1
209 34.5 0.75 0 0 1
210 34.5 0.75 0 0 1
211 34.5 0.75 0 0 1
212 34.5 0.75 0 0 1
213 34.5 0.75 0 0 1
209 36 0.75 0 0 1
210 36 0.75 0 0 1
211 36 0.75 0 0 1
212 36 0.75 0 0 1
213 36 0.75 0 0 1
209 37.5 0.75 0 0 1
210 37.5 0.75 0 0 1
211 37.5 0.75 0 0 1
212 37.5 0.75 0 0 1
213 37.5 0.75 0 0 1
209 39 0.75 0 0 1
210 39 0.75 0 0 1
211 39 0.75 0 0 1
212 39 0.75 0 0 1
213 39 0.75 0 0 1
209 40.5 0.75 0 0 1
210 40.5 0.75 0 0 1
211 40.5 0.75 0 0 1
212 40.5 0.75 0 0 1
213 40.5 0.75 0 0 1
217 34.5 0.75 0 0 1
218 34.5 0.75 0 0 1
219 34.5 0.75 0 0 1
220 34.5 0.75 0 0 1
221 34.5 0.75 0 0 1
217 36 0.75 0 0 1
218 36 0.75 0 0 1
219 36 0.75 0 0 1
220 36 0.75 0 0 1
221 36 0.75 0 0 1
217 37.5 0.75 0 0 1
218 37.5 0.75 0 0 1
219 37.5 0.75 0 0 1
220 37.5 0.75 0 0 1
221 37.5 0.75 0 0 1
217 39 0.75 0 0 1
218 39 0.75 0 0 1
219 39 0.75 0 0 1
220 39 0.75 0 0 1
221 39 0.75 0 0 1
217 40.5 0.75 0 0 1
218 40.5 0.75 0 0 1
219 40.5 0.75 0 0 1
220 40.5 0.75 0 0 1
221 40.5 0.75 0 0 1
225 34.5 0.75 0 0 1
226 34.5 0.75 0 0 1
227 34.5 0.75 0 0 1
228 34.5 0.75 0 0 1
229 34.5 0.75 0 0 1
225 36 0.75 0 0 1
226 36 0.75 0 0 1
227 36 0.75 0 0 1
228 36 0.75 0 0 1
229 36 0.75 0 0 1
225 37.5 0.75 0 0 1
226 37.5 0.75 0 0 1
227 37.5 0.75 0 0 1
228 37.5 0.75 0 0 1
229 37.5 0.75 0 0 1
225 39 0.75 0 0 1
226 39 0.75 0 0 1
227 39 0.75 0 0 1
228 39 0.75 0 0 1
229 39 0.75 0 0 1
225 40.5 0.75 0 0 1
226 40.5 0.75 0 0 1
227 40.5 0.75 0 0 1
228 40.5 0.75 0 0 1
229 40.5 0.75 0 0 1
233 34.5 0.75 0 0 1
234 34.5 0.75 0 0 1
235 34.5 0.75 0 0 1
236 34.5 0.75 0 0 1
237 34.5 0.75 0 0 1
233 36 0.75 0 0 1
234 36 0.75 0 0 1
235 36 0.75 0 0 1
236 36 0.75 0 0 1
237 36 0.75 0 0 1
233 37.5 0.75 0 0 1
234 37.5 0.75 0 0 1
235 37.5 0.75 0 0 1
236 37.5 0.75 0 0 1
237 37.5 0.75 0 0 1
233 39 0.75 0 0 1
234 39 0.75 0 0 1
235 39 0.75 0 0 1
236 39 0.75 0 0 1
237 39 0.75 0 0 1
233 40.5 0.75 0 0 1
234 40.5 0.75 0 0 1
235 40.5 0.75 0 0 1
236 40.5 0.75 0 0 1
237 40.5 0.75 0 0 1
241 34.5 0.75 0 0 1
242 34.5 0.75 0 0 1
243 34.5 0.75 0 0 1
244 34.5 0.75 0 0 1
245 34.5 0.75 0 0 1
241 36 0.75 0 0 1
242 36 0.75 0 0 1
243 36 0.75 0 0 1
244 36 0.75 0 0 1
245 36 0.75 0 0 1
241 37.5 0.75 0 0 1
242 37.5 0.75 0 0 1
243 37.5 0.75 0 0 1
244 37.5 0.75 0 0 1
245 37.5 0.75 0 0 1
241 39 0.75 0 0 1
242 39 0.75 0 0 1
243 39 0.75 0 0 1
244 39 0.75 0 0 1
245 39 0.75 0 0 1
241 40.5 0.75 0 0 1
242 40.5 0.75 0 0 1
243 40.5 0.75 0 0 1
244 40.5 0.75 0 0 1
245 40.5 0.75 0 0 1
249 34.5 0.75 0 0 1
250 34.5 0.75 0 0 1
251 34.5 0.75 0 0 1
252 34.5 0.75 0 0 1
253 34.5 0.75 0 0 1
249 36 0.75 0 0 1
250 36 0.75 0 0 1
251 36 0.75 0 0 1
252 36 0.75 0 0 1
253 36 0.75 0 0 1
249 37.5 0.75 0 0 1
250 37.5 0.75 0 0 1
251 37.5 0.75 0 0 1
252 37.5 0.75 0 0 1
253 37.5 0.75 0 0 1
249 39 0.75 0 0 1
250 39 0.75 0 0 1
251 39 0.75 0 0 1
252 39 0.75 0 0 1
253 39 0.75 0 0 1
249 40.5 0.75 0 0 1
250 40.5 0.75 0 0 1
251 40.5 0.75 0 0 1
252 40.5 0.75 0 0 1
253 40.5 0.75 0 0 1
1 45.5 0.75 0 0 1
2 45.5 0.75 0 0 1
3 45.5 0.75 0 0 1
4 45.5 0.75 0 0 1
5 45.5 0.75 0 0 1
1 47 0.75 0 0 1
2 47 0.75 0 0 1
3 47 0.75 0 0 1
4 47 0.75 0 0 1
5 47 0.75 0 0 1
1 48.5 0.75 0 0 1
2 48.5 0.75 0 0 1
3 48.5 0.75 0 0 1
4 48.5 0.75 0 0 1
5 48.5 0.75 0 0 1
1 50 0.75 0 0 1
2 50 0.75 0 0 1
3 50 0.75 0 0 1
4 50 0.75 0 0 1
5 50 0.75 0 0 1
1 51.5 0.75 0 0 1
2 51.5 0.75 0 0 1
3 51.5 0.75 0 0 1
4 51.5 0.75 0 0 1
5 51.5 0.75 0 0 1
9 45.5 0.75 0 0 1
10 45.5 0.75 0 0 1
11 45.5 0.75 0 0 1
12 45.5 0.75 0 0 1
13 45.5 0.75 0 0 1
9 47 0.75 0 0 1
10 47 0.75 0 0 1
11 47 0.75 0 0 1
12 47 0.75 0 0 1
13 47 0.75 0 0 1
9 48.5 0.75 0 0 1
10 48.5 0.75 0 0 1
11 48.5 0.75 0 0 1
12 48.5 0.75 0 0 1
13 48.5 0.75 0 0 1
9 50 0.75 0 0 1
10 50 0.75 0 0 1
11 50 0.75 0 0 1
12 50 0.75 0 0 1
13 50 0.75 0 0 1
9 51.5 0.75 0 0 1
10 51.5 0.75 0 0 1
11 51.5 0.75 0 0 1
12 51.5 0.75 0 0 1
13 51.5 0.75 0 0 1
17 45.5 0.75 0 0 1
18 45.5 0.75 0 0 1
19 45.5 0.75 0 0 1
20 45.5 0.75 0 0 1
21 45.5 0.75 0 0 1
17 47 0.75 0 0 1
18 47 0.75 0 0 1
19 47 0.75 0 0 1
20 47 0.75 0 0 1
21 47 0.75 0 0 1
17 48.5 0.75 0 0 1
18 48.5 0.75 0 0 1
19 48.5 0.75 0 0 1
20 48.5 0.75 0 0 1
21 48.5 0.75 0 0 1
17 50 0.75 0 0 1
18 50 0.75 0 0 1
19 50 0.75 0 0 1
20 50 0.75 0 0 1
21 50 0.75 0 0 1
17 51.5 0.75 0 0 1
18 51.5 0.75 0 0 1
19 51.5 0.75 0 0 1
20 51.5 0.75 0 0 1
21 51.5 0.75 0 0 1
25 45.5 0.75 0 0 1
26 45.5 0.75 0 0 1
27 45.5 0.75 0 0 1
28 45.5 0.75 0 0 1
29 45.5 0.75 0 0 1
25 47 0.75 0 0 1
26 47 0.75 0 0 1
27 47 0.75 0 0 1
28 47 0.75 0 0 1
29 47 0.75 0 0 1
25 48.5 0.75 0 0 1
26 48.5 0.75 0 0 1
27 48.5 0.75 0 0 1
28 48.5 0.75 0 0 1
29 48.5 0.75 0 0 1
25 50 0.75 0 0 1
26 50 0.75 0 0 1
27 50 0.75 0 0 1
28 50 0.75 0 0 1
29 50 0.75 0 0 1
25 51.5 0.75 0 0 1
26 51.5 0.75 0 0 1
27 51.5 0.75 0 0 1
28 51.5 0.75 0 0 1
29 51.5 0.75 0 0 1
33 45.5 0.75 0 0 1
34 45.5 0.75 0 0 1
35 45.5 0.75 0 0 1
36 45.5 0.75 0 0 1
37 45.5 0.75 0 0 1
33 47 0.75 0 0 1
34 47 0.75 0 0 1
35 47 0.75 0 0 1
36 47 0.75 0 0 1
37 47 0.75 0 0 1
33 48.5 0.75 0 0 1
34 48.5 0.75 0 0 1
35 48.5 0.75 0 0 1
36 48.5 0.75 0 0 1
37 48.5 0.75 0 0 1
33 50 0.75 0 0 1
34 50 0.75 0 0 1
35 50 0.75 0 0 1
36 50 0.75 0 0 1
37 50 0.75 0 0 1
33 51.5 0.75 0 0 1
34 51.5 0.75 0 0 1
35 51.5 0.75 0 0 1
36 51.5 0.75 0 0 1
37 51.5 0.75 0 0 1
41 45.5 0.75 0 0 1
42 45.5 0.75 0 0 1
43 45.5 0.75 0 0 1
44 45.5 0.75 0 0 1
45 45.5 0.75 0 0 1
41 47 0.75 0 0 1
42 47 0.75 0 0 1
43 47 0.75 0 0 1
44 47 0.75 0 0 1
45 47 0.75 0 0 1
41 48.5 0.75 0 0 1
42 48.5 0.75 0 0 1
43 48.5 0.75 0 0 1
44 48.5 0.75 0 0 1
45 48.5 0.75 0 0 1
41 50 0.75 0 0 1
42 50 0.75 0 0 1
43 50 0.75 0 0 1
44 50 0.75 0 0 1
45 50 0.75 0 0 1
41 51.5 0.75 0 0 1
42 51.5 0.75 0 0 1
43 51.5 0.75 0 0 1
44 51.5 0.75 0 0 1
45 51.5 0.75 0 0 1
49 45.5 0.75 0 0 1
50 45.5 0.75 0 0 1
51 45.5 0.75 0 0 1
52 45.5 0.75 0 0 1
53 45.5 0.75 0 0 1
49 47 0.75 0 0 1
50 47 0.75 0 0 1
51 47 0.75 0 0 1
52 47 0.75 0 0 1
53 47 0.75 0 0 1
49 48.5 0.75 0 0 1
50 48.5 0.75 0 0 1
51 48.5 0.75 0 0 1
52 48.5 0.75 0 0 1
53 48.5 0.75 0 0 1
49 50 0.75 0 0 1
50 50 0.75 0 0 1
51 50 0.75 0 0 1
52 50 0.75 0 0 1
53 50 0.75 0 0 1
49 51.5 0.75 0 0 1
50 51.5 0.75 0 0 1
51 51.5 0.75 0 0 1
52 51.5 0.75 0 0 1
53 51.5 0.75 0 0 1
57 45.5 0.75 0 0 1
58 45.5 0.75 0 0 1
59 45.5 0.75 0 0 1
60 45.5 0.75 0 0 1
61 45.5 0.75 0 0 1
57 47 0.75 0 0 1
58 47 0.75 0 0 1
59 47 0.75 0 0 1
60 47 0.75 0 0 1
61 47 0.75 0 0 1
57 48.5 0.75 0 0 1
58 48.5 0.75 0 0 1
59 48.5 0.75 0 0 1
60 48.5 0.75 0 0 1
61 48.5 0.75 0 0 1
57 50 0.75 0 0 1
58 50 0.75 0 0 1
59 50 0.75 0 0 1
60 50 0.75 0 0 1
61 50 0.75 0 0 1
57 51.5 0.75 0 0 1
58 51.5 0.75 0 0 1
59 51.5 0.75 0 0 1
60 51.5 0.75 0 0 1
61 51.5 0.75 0 0 1
65 45.5 0.75 0 0 1
66 45.5 0.75 0 0 1
67 45.5 0.75 0 0 1
68 45.5 0.75 0 0 1
69 45.5 0.75 0 0 1
65 47 0.75 0 0 1
66 47 0.75 0 0 1
67 47 0.75 0 0 1
68 47 0.75 0 0 1
69 47 0.75 0 0 1
65 48.5 0.75 0 0 1
66 48.5 0.75 0 0 1
67 48.5 0.75 0 0 1
68 48.5 0.75 0 0 1
69 48.5 0.75 0 0 1
65 50 0.75 0 0 1
66 50 0.75 0 0 1
67 50 0.75 0 0 1
68 50 0.75 0 0 1
69 50 0.75 0 0 1
65 51.5 0.75 0 0 1
66 51.5 0.75 0 0 1
67 51.5 0.75 0 0 1
68 51.5 0.75 0 0 1
69 51.5 0.75 0 0 1
73 45.5 0.75 0 0 1
74 45.5 0.75 0 0 1
75 45.5 0.75 0 0 1
76 45.5 0.75 0 0 1
77 45.5 0.75 0 0 1
73 47 0.75 0 0 1
74 47 0.75 0 0 1
75 47 0.75 0 0 1
76 47 0.75 0 0 1
77 47 0.75 0 0 1
73 48.5 0.75 0 0 1
74 48.5 0.75 0 0 1
75 48.5 0.75 0 0 1
76 48.5 0.75 0 0 1
77 48.5 0.75 0 0 1
73 50 0.75 0 0 1
74 50 0.75 0 0 1
75 50 0.75 0 0 1
76 50 0.75 0 0 1
77 50 0.75 0 0 1
73 51.5 0.75 0 0 1
74 51.5 0.75 0 0 1
75 51.5 0.75 0 0 1
76 51.5 0.75 0 0 1
77 51.5 0.75 0 0 1
81 45.5 0.75 0 0 1
82 45.5 0.75 0 0 1
83 45.5 0.75 0 0 1
84 45.5 0.75 0 0 1
85 45.5 0.75 0 0 1
81 47 0.75 0 0 1
82 47 0.75 0 0 1
83 47 0.75 0 0 1
84 47 0.75 0 0 1
85 47 0.75 0 0 1
81 48.5 0.75 0 0 1
82 48.5 0.75 0 0 1
83 48.5 0.75 0 0 1
84 48.5 0.75 0 0 1
85 48.5 0.75 0 0 1
81 50 0.75 0 0 1
82 50 0.75 0 0 1
83 50 0.75 0 0 1
84 50 0.75 0 0 1
85 50 0.75 0 0 1
81 51.5 0.75 0 0 1
82 51.5 0.75 0 0 1
83 51.5 0.75 0 0 1
84 51.5 0.75 0 0 1
85 51.5 0.75 0 0 1
89 45.5 0.75 0 0 1
90 45.5 0.75 0 0 1
91 45.5 0.75 0 0 1
92 45.5 0.75 0 0 1
93 45.5 0.75 0 0 1
89 47 0.75 0 0 1
90 47 0.75 0 0 1
91 47 0.75 0 0 1
92 47 0.75 0 0 1
93 47 0.75 0 0 1
89 48.5 0.75 0 0 1
90 48.5 0.75 0 0 1
91 48.5 0.75 0 0 1
92 48.5 0.75 0 0 1
93 48.5 0.75 0 0 1
89 50 0.75 0 0 1
90 50 0.75 0 0 1
91 50 0.75 0 0 1
92 50 0.75 0 0 1
93 50 0.75 0 0 1
89 51.5 0.75 0 0 1
90 51.5 0.75 0 0 1
91 51.5 0.75 0 0 1
92 51.5 0.75 0 0 1
93 51.5 0.75 0 0 1
97 45.5 0.75 0 0 1
98 45.5 0.75 0 0 1
99 45.5 0.75 0 0 1
100 45.5 0.75 0 0 1
101 45.5 0.75 0 0 1
97 47 0.75 0 0 1
98 47 0.75 0 0 1
99 47 0.75 0 0 1
100 47 0.75 0 0 1
101 47 0.75 0 0 1
97 48.5 0.75 0 0 1
98 48.5 0.75 0 0 1
99 48.5 0.75 0 0 1
100 48.5 0.75 0 0 1
101 48.5 0.75 0 0 1
97 50 0.75 0 0 1
98 50 0.75 0 0 1
99 50 0.75 0 0 1
100 50 0.75 0 0 1
101 50 0.75 0 0 1
97 51.5 0.75 0 0 1
98 51.5 0.75 0 0 1
99 51.5 0.75 0 0 1
100 51.5 0.75 0 0 1
101 51.5 0.75 0 0 1
105 45.5 0.75 0 0 1
106 45.5 0.75 0 0 1
107 45.5 0.75 0 0 1
108 45.5 0.75 0 0 1
109 45.5 0.75 0 0 1
105 47 0.75 0 0 1
106 47 0.75 0 0 1
107 47 0.75 0 0 1
108 47 0.75 0 0 1
109 47 0.75 0 0 1
105 48.5 0.75 0 0 1
106 48.5 0.75 0 0 1
107 48.5 0.75 0 0 1
108 48.5 0.75 0 0 1
109 48.5 0.75 0 0 1
105 50 0.75 0 0 1
106 50 0.75 0 0 1
107 50 0.75 0 0 1
108 50 0.75 0 0 1
109 50 0.75 0 0 1
105 51.5 0.75 0 0 1
106 51.5 0.75 0 0 1
107 51.5 0.75 0 0 1
108 51.5 0.75 0 0 1
109 51.5 0.75 0 0 1
113 45.5 0.75 0 0 1
114 45.5 0.75 0 0 1
115 45.5 0.75 0 0 1
116 45.5 0.75 0 0 1
117 45.5 0.75 0 0 1
113 47 0.75 0 0 1
114 47 0.75 0 0 1
115 47 0.75 0 0 1
116 47 0.75 0 0 1
117 47 0.75 0 0 1
113 48.5 0.75 0 0 1
114 48.5 0.75 0 0 1
115 48.5 0.75 0 0 1
116 48.5 0.75 0 0 1
117 48.5 0.75 0 0 1
113 50 0.75 0 0 1
114 50 0.75 0 0 1
115 50 0.75 0 0 1
116 50 0.75 0 0 1
117 50 0.75 0 0 1
113 51.5 0.75 0 0 1
114 51.5 0.75 0 0 1
115 51.5 0.75 0 0 1
116 51.5 0.75 0 0 1
117 51.5 0.75 0 0 1
121 45.5 0.75 0 0 1
122 45.5 0.75 0 0 1
123 45.5 0.75 0 0 1
124 45.5 0.75 0 0 1
125 45.5 0.75 0 0 1
121 47 0.75 0 0 1
122 47 0.75 0 0 1
123 47 0.75 0 0 1
124 47 0.75 0 0 1
125 47 0.75 0 0 1
121 48.5 0.75 0 0 1
122 48.5 0.75 0 0 1
123 48.5 0.75 0 0 1
124 48.5 0.75 0 0 1
125 48.5 0.75 0 0 1
121 50 0.75 0 0 1
122 50 0.75 0 0 1
123 50 0.75 0 0 1
124 50 0.75 0 0 1
125 50 0.75 0 0 1
121 51.5 0.75 0 0 1
122 51.5 0.75 0 0 1
123 51.5 0.75 0 0 1
124 51.5 0.75 0 0 1
125 51.5 0.75 0 0 1
129 45.5 0.75 0 0 1
130 45.5 0.75 0 0 1
131 45.5 0.75 0 0 1
132 45.5 0.75 0 0 1
133 45.5 0.75 0 0 1
129 47 0.75 0 0 1
130 47 0.75 0 0 1
131 47 0.75 0 0 1
132 47 0.75 0 0 1
133 47 0.75 0 0 1
129 48.5 0.75 0 0 1
130 48.5 0.75 0 0 1
131 48.5 0.75 0 0 1
132 48.5 0.75 0 0 1
133 48.5 0.75 0 0 1
129 50 0.75 0 0 1
130 50 0.75 0 0 1
131 50 0.75 0 0 1
132 50 0.75 0 0 1
133 50 0.75 0 0 1
129 51.5 0.75 0 0 1
130 51.5 0.75 0 0 1
131 51.5 0.75 0 0 1
132 51.5 0.75 0 0 1
133 51.5 0.75 0 0 1
137 45.5 0.75 0 0 1
138 45.5 0.75 0 0 1
139 45.5 0.75 0 0 1
140 45.5 0.75 0 0 1
141 45.5 0.75 0 0 1
137 47 0.75 0 0 1
138 47 0.75 0 0 1
139 47 0.75 0 0 1
140 47 0.75 0 0 1
141 47 0.75 0 0 1
137 48.5 0.75 0 0 1
138 48.5 0.75 0 0 1
139 48.5 0.75 0 0 1
140 48.5 0.75 0 0 1
141 48.5 0.75 0 0 1
137 50 0.75 0 0 1
138 50 0.75 0 0 1
139 50 0.75 0 0 1
140 50 0.75 0 0 1
141 50 0.75 0 0 1
137 51.5 0.75 0 0 1
138 51.5 0.75 0 0 1
139 51.5 0.75 0 0 1
140 51.5 0.75 0 0 1
141 51.5 0.75 0 0 1
145 45.5 0.75 0 0 1
146 45.5 0.75 0 0 1
147 45.5 0.75 0 0 1
148 45.5 0.75 0 0 1
149 45.5 0.75 0 0 1
145 47 0.75 0 0 1
146 47 0.75 0 0 1
147 47 0.75 0 0 1
148 47 0.75 0 0 1
149 47 0.75 0 0 1
145 48.5 0.75 0 0 1
146 48.5 0.75 0 0 1
147 48.5 0.75 0 0 1
148 48.5 0.75 0 0 1
149 48.5 0.75 0 0 1
145 50 0.75 0 0 1
146 50 0.75 0 0 1
147 50 0.75 0 0 1
148 50 0.75 0 0 1
149 50 0.75 0 0 1
145 51.5 0.75 0 0 1
146 51.5 0.75 0 0 1
147 51.5 0.75 0 0 1
148 51.5 0.75 0 0 1
149 51.5 0.75 0 0 1
153 45.5 0.75 0 0 1
154 45.5 0.75 0 0 1
155 45.5 0.75 0 0 1
156 45.5 0.75 0 0 1
157 45.5 0.75 0 0 1
153 47 0.75 0 0 1
154 47 0.75 0 0 1
155 47 0.75 0 0 1
156 47 0.75 0 0 1
157 47 0.75 0 0 1
153 48.5 0.75 0 0 1
154 48.5 0.75 0 0 1
155 48.5 0.75 0 0 1
156 48.5 0.75 0 0 1
157 48.5 0.75 0 0 1
153 50 0.75 0 0 1
154 50 0.75 0 0 1
155 50 0.75 0 0 1
156 50 0.75 0 0 1
157 50 0.75 0 0 1
153 51.5 0.75 0 0 1
154 51.5 0.75 0 0 1
155 51.5 0.75 0 0 1
156 51.5 0.75 0 0 1
157 51.5 0.75 0 0 1
161 45.5 0.75 0 0 1
162 45.5 0.75 0 0 1
163 45.5 0.75 0 0 1
164 45.5 0.75 0 0 1
165 45.5 0.75 0 0 1
161 47 0.75 0 0 1
162 47 0.75 0 0 1
163 47 0.75 0 0 1
164 47 0.75 0 0 1
165 47 0.75 0 0 1
161 48.5 0.75 0 0 1
162 48.5 0.75 0 0 1
163 48.5 0.75 0 0 1
164 48.5 0.75 0 0 1
165 48.5 0.75 0 0 1
161 50 0.75 0 0 1
162 50 0.75 0 0 1
163 50 0.75 0 0 1
164 50 0.75 0 0 1
165 50 0.75 0 0 1
161 51.5 0.75 0 0 1
162 51.5 0.75 0 0 1
163 51.5 0.75 0 0 1
164 51.5 0.75 0 0 1
165 51.5 0.75 0 0 1
169 45.5 0.75 0 0 1
170 45.5 0.75 0 0 1
171 45.5 0.75 0 0 1
172 45.5 0.75 0 0 1
173 45.5 0.75 0 0 1
169 47 0.75 0 0 1
170 47 0.75 0 0 1
171 47 0.75 0 0 1
172 47 0.75 0 0 1
173 47 0.75 0 0 1
169 48.5 0.75 0 0 1
170 48.5 0.75 0 0 1
171 48.5 0.75 0 0 1
172 48.5 0.75 0 0 1
173 48.5 0.75 0 0 1
169 50 0.75 0 0 1
170 50 0.75 0 0 1
171 50 0.75 0 0 1
172 50 0.75 0 0 1
173 50 0.75 0 0 1
169 51.5 0.75 0 0 1
170 51.5 0.75 0 0 1
171 51.5 0.75 0 0 1
172 51.5 0.75 0 0 1
173 51.5 0.75 0 0 1
177 45.5 0.75 0 0 1
178 45.5 0.75 0 0 1
179 45.5 0.75 0 0 1
180 45.5 0.75 0 0 1
181 45.5 0.75 0 0 1
177 47 0.75 0 0 1
178 47 0.75 0 0 1
179 47 0.75 0 0 1
180 47 0.75 0 0 1
181 47 0.75 0 0 1
177 48.5 0.75 0 0 1
178 48.5 0.75 0 0 1
179 48.5 0.75 0 0 1
180 48.5 0.75 0 0 1
181 48.5 0.75 0 0 1
177 50 0.75 0 0 1
178 50 0.75 0 0 1
179 50 0.75 0 0 1
180 50 0.75 0 0 1
181 50 0.75 0 0 1
177 51.5 0.75 0 0 1
178 51.5 0.75 0 0 1
179 51.5 0.75 0 0 1
180 51.5 0.75 0 0 1
181 51.5 0.75 0 0 1
185 45.5 0.75 0 0 1
186 45.5 0.75 0 0 1
187 45.5 0.75 0 0 1
188 45.5 0.75 0 0 1
189 45.5 0.75 0 0 1
185 47 0.75 0 0 1
186 47 0.75 0 0 1
187 47 0.75 0 0 1
188 47 0.75 0 0 1
189 47 0.75 0 0 1
185 48.5 0.75 0 0 1
186 48.5 0.75 0 0 1
187 48.5 0.75 0 0 1
188 48.5 0.75 0 0 1
189 48.5 0.75 0 0 1
185 50 0.75 0 0 1
186 50 0.75 0 0 1
187 50 0.75 0 0 1
188 50 0.75 0 0 1
189 50 0.75 0 0 1
185 51.5 0.75 0 0 1
186 51.5 0.75 0 0 1
187 51.5 0.75 0 0 1
188 51.5 0.75 0 0 1
189 51.5 0.75 0 0 1
193 45.5 0.75 0 0 1
194 45.5 0.75 0 0 1
195 45.5 0.75 0 0 1
196 45.5 0.75 0 0 1
197 45.5 0.75 0 0 1
193 47 0.75 0 0 1
194 47 0.75 0 0 1
195 47 0.75 0 0 1
196 47 0.75 0 0 1
197 47 0.75 0 0 1
193 48.5 0.75 0 0 1
194 48.5 0.75 0 0 1
195 48.5 0.75 0 0 1
196 48.5 0.75 0 0 1
197 48.5 0.75 0 0 1
193 50 0.75 0 0 1
194 50 0.75 0 0 1
195 50 0.75 0 0 1
196 50 0.75 0 0 1
197 50 0.75 0 0 1
193 51.5 0.75 0 0 1
194 51.5 0.75 0 0 1
195 51.5 0.75 0 0 1
196 51.5 0.75 0 0 1
197 51.5 0.75 0 0 1
201 45.5 0.75 0 0 1
202 45.5 0.75 0 0 1
203 45.5 0.75 0 0 1
204 45.5 0.75 0 0 1
205 45.5 0.75 0 0 1
201 47 0.75 0 0 1
202 47 0.75 0 0 1
203 47 0.75 0 0 1
204 47 0.75 0 0 1
205 47 0.75 0 0 1
201 48.5 0.75 0 0 1
202 48.5 0.75 0 0 1
203 48.5 0.75 0 0 1
204 48.5 0.75 0 0 1
205 48.5 0.75 0 0 1
201 50 0.75 0 0 1
202 50 0.75 0 0 1
203 50 0.75 0 0 1
204 50 0.75 0 0 1
205 50 0.75 0 0 1
201 51.5 0.75 0 0 1
202 51.5 0.75 0 0 1
203 51.5 0.75 0 0 1
204 51.5 0.75 0 0 1
205 51.5 0.75 0 0 1
209 45.5 0.75 0 0 1
210 45.5 0.75 0 0 1
211 45.5 0.75 0 0 1
212 45.5 0.75 0 0 1
213 45.5 0.75 0 0 1
209 47 0.75 0 0 1
210 47 0.75 0 0 1
211 47 0.75 0 0 1
212 47 0.75 0 0 1
213 47 0.75 0 0 1
209 48.5 0.75 0 0 1
210 48.5 0.75 0 0 1
211 48.5 0.75 0 0 1
212 48.5 0.75 0 0 1
213 48.5 0.75 0 0 1
209 50 0.75 0 0 1
210 50 0.75 0 0 1
211 50 0.75 0 0 1
212 50 0.75 0 0 1
213 50 0.75 0 0 1
209 51.5 0.75 0 0 1
210 51.5 0.75 0 0 1
211 51.5 0.75 0 0 1
212 51.5 0.75 0 0 1
213 51.5 0.75 0 0 1
217 45.5 0.75 0 0 1
218 45.5 0.75 0 0 1
219 45.5 0.75 0 0 1
220 45.5 0.75 0 0 1
221 45.5 0.75 0 0 1
217 47 0.75 0 0 1
218 47 0.75 0 0 1
219 47 0.75 0 0 1
220 47 0.75 0 0 1
221 47 0.75 0 0 1
217 48.5 0.75 0 0 1
218 48.5 0.75 0 0 1
219 48.5 0.75 0 0 1
220 48.5 0.75 0 0 1
221 48.5 0.75 0 0 1
217 50 0.75 0 0 1
218 50 0.75 0 0 1
219 50 0.75 0 0 1
220 50 0.75 0 0 1
221 50 0.75 0 0 1
217 51.5 0.75 0 0 1
218 51.5 0.75 0 0 1
219 51.5 0.75 0 0 1
220 51.5 0.75 0 0 1
221 51.5 0.75 0 0 1
225 45.5 0.75 0 0 1
226 45.5 0.75 0 0 1
227 45.5 0.75 0 0 1
228 45.5 0.75 0 0 1
229 45.5 0.75 0 0 1
225 47 0.75 0 0 1
226 47 0.75 0 0 1
227 47 0.75 0 0 1
228 47 0.75 0 0 1
229 47 0.75 0 0 1
225 48.5 0.75 0 0 1
226 48.5 0.75 0 0 1
227 48.5 0.75 0 0 1
228 48.5 0.75 0 0 1
229 48.5 0.75 0 0 1
225 50 0.75 0 0 1
226 50 0.75 0 0 1
227 50 0.75 0 0 1
228 50 0.75 0 0 1
229 50 0.75 0 0 1
225 51.5 0.75 0 0 1
226 51.5 0.75 0 0 1
227 51.5 0.75 0 0 1
228 51.5 0.75 0 0 1
229 51.5 0.75 0 0 1
233 45.5 0.75 0 0 1
234 45.5 0.75 0 0 1
235 45.5 0.75 0 0 1
236 45.5 0.75 0 0 1
237 45.5 0.75 0 0 1
233 47 0.75 0 0 1
234 47 0.75 0 0 1
235 47 0.75 0 0 1
236 47 0.75 0 0 1
237 47 0.75 0 0 1
233 48.5 0.75 0 0 1
234 48.5 0.75 0 0 1
235 48.5 0.75 0 0 1
236 48.5 0.75 0 0 1
237 48.5 0.75 0 0 1
233 50 0.75 0 0 1
234 50 0.75 0 0 1
235 50 0.75 0 0 1
236 50 0.75 0 0 1
237 50 0.75 0 0 1
233 51.5 0.75 0 0 1
234 51.5 0.75 0 0 1
235 51.5 0.75 0 0 1
236 51.5 0.75 0 0 1
237 51.5 0.75 0 0 1
241 45.5 0.75 0 0 1
242 45.5 0.75 0 0 1
243 45.5 0.75 0 0 1
244 45.5 0.75 0 0 1
245 45.5 0.75 0 0 1
241 47 0.75 0 0 1
242 47 0.75 0 0 1
243 47 0.75 0 0 1
244 47 0.75 0 0 1
245 47 0.75 0 0 1
241 48.5 0.75 0 0 1
242 48.5 0.75 0 0 1
243 48.5 0.75 0 0 1
244 48.5 0.75 0 0 1
245 48.5 0.75 0 0 1
241 50 0.75 0 0 1
242 50 0.75 0 0 1
243 50 0.75 0 0 1
244 50 0.75 0 0 1
245 50 0.75 0 0 1
241 51.5 0.75 0 0 1
242 51.5 0.75 0 0 1
243 51.5 0.75 0 0 1
244 51.5 0.75 0 0 1
245 51.5 0.75 0 0 1
249 45.5 0.75 0 0 1
250 45.5 0.75 0 0 1
251 45.5 0.75 0 0 1
252 45.5 0.75 0 0 1
253 45.5 0.75 0 0 1
249 47 0.75 0 0 1
250 47 0.75 0 0 1
251 47 0.75 0 0 1
252 47 0.75 0 0 1
253 47 0.75 0 0 1
249 48.5 0.75 0 0 1
250 48.5 0.75 0 0 1
251 48.5 0.75 0 0 1
252 48.5 0.75 0 0 1
253 48.5 0.75 0 0 1
249 50 0.75 0 0 1
250 50 0.75 0 0 1
251 50 0.75 0 0 1
252 50 0.75 0 0 1
253 50 0.75 0 0 1
249 51.5 0.75 0 0 1
250 51.5 0.75 0 0 1
251 51.5 0.75 0 0 1
252 51.5 0.75 0 0 1
253 51.5 0.75 0 0 1
1 56.5 0.75 0 0 1
2 56.5 0.75 0 0 1
3 56.5 0.75 0 0 1
4 56.5 0.75 0 0 1
5 56.5 0.75 0 0 1
1 58 0.75 0 0 1
2 58 0.75 0 0 1
3 58 0.75 0 0 1
4 58 0.75 0 0 1
5 58 0.75 0 0 1
1 59.5 0.75 0 0 1
2 59.5 0.75 0 0 1
3 59.5 0.75 0 0 1
4 59.5 0.75 0 0 1
5 59.5 0.75 0 0 1
1 61 0.75 0 0 1
2 61 0.75 0 0 1
3 61 0.75 0 0 1
4 61 0.75 0 0 1
5 61 0.75 0 0 1
1 62.5 0.75 0 0 1
2 62.5 0.75 0 0 1
3 62.5 0.75 0 0 1
4 62.5 0.75 0 0 1
5 62.5 0.75 0 0 1
9 56.5 0.75 0 0 1
10 56.5 0.75 0 0 1
11 56.5 0.75 0 0 1
12 56.5 0.75 0 0 1
13 56.5 0.75 0 0 1
9 58 0.75 0 0 1
10 58 0.75 0 0 1
11 58 0.75 0 0 1
12 58 0.75 0 0 1
13 58 0.75 0 0 1
9 59.5 0.75 0 0 1
10 59.5 0.75 0 0 1
11 59.5 0.75 0 0 1
12 59.5 0.75 0 0 1
13 59.5 0.75 0 0 1
9 61 0.75 0 0 1
10 61 0.75 0 0 1
11 61 0.75 0 0 1
12 61 0.75 0 0 1
13 61 0.75 0 0 1
9 62.5 0.75 0 0 1
10 62.5 0.75 0 0 1
11 62.5 0.75 0 0 1
12 62.5 0.75 0 0 1
13 62.5 0.75 0 0 1
17 56.5 0.75 0 0 1
18 56.5 0.75 0 0 1
19 56.5 0.75 0 0 1
20 56.5 0.75 0 0 1
21 56.5 0.75 0 0 1
17 58 0.75 0 0 1
18 58 0.75 0 0 1
19 58 0.75 0 0 1
20 58 0.75 0 0 1
21 58 0.75 0 0 1
17 59.5 0.75 0 0 1
18 59.5 0.75 0 0 1
19 59.5 0.75 0 0 1
20 59.5 0.75 0 0 1
21 59.5 0.75 0 0 1
17 61 0.75 0 0 1
18 61 0.75 0 0 1
19 61 0.75 0 0 1
20 61 0.75 0 0 1
21 61 0.75 0 0 1
17 62.5 0.75 0 0 1
18 62.5 0.75 0 0 1
19 62.5 0.75 0 0 1
20 62.5 0.75 0 0 1
21 62.5 0.75 0 0 1
25 56.5 0.75 0 0 1
26 56.5 0.75 0 0 1
27 56.5 0.75 0 0 1
28 56.5 0.75 0 0 1
29 56.5 0.75 0 0 1
25 58 0.75 0 0 1
26 58 0.75 0 0 1
27 58 0.75 0 0 1
28 58 0.75 0 0 1
29 58 0.75 0 0 1
25 59.5 0.75 0 0 1
26 59.5 0.75 0 0 1
27 59.5 0.75 0 0 1
28 59.5 0.75 0 0 1
29 59.5 0.75 0 0 1
25 61 0.75 0 0 1
26 61 0.75 0 0 1
27 61 0.75 0 0 1
28 61 0.75 0 0 1
29 61 0.75 0 0 1
25 62.5 0.75 0 0 1
26 62.5 0.75 0 0 1
27 62.5 0.75 0 0 1
28 62.5 0.75 0 0 1
29 62.5 0.75 0 0 1
33 56.5 0.75 0 0 1
34 56.5 0.75 0 0 1
35 56.5 0.75 0 0 1
36 56.5 0.75 0 0 1
37 56.5 0.75 0 0 1
33 58 0.75 0 0 1
34 58 0.75 0 0 1
35 58 0.75 0 0 1
36 58 0.75 0 0 1
37 58 0.75 0 0 1
33 59.5 0.75 0 0 1
34 59.5 0.75 0 0 1
35 59.5 0.75 0 0 1
36 59.5 0.75 0 0 1
37 59.5 0.75 0 0 1
33 61 0.75 0 0 1
34 61 0.75 0 0 1
35 61 0.75 0 0 1
36 61 0.75 0 0 1
37 61 0.75 0 0 1
33 62.5 0.75 0 0 1
34 62.5 0.75 0 0 1
35 62.5 0.75 0 0 1
36 62.5 0.75 0 0 1
37 62.5 0.75 0 0 1
41 56.5 0.75 0 0 1
42 56.5 0.75 0 0 1
43 56.5 0.75 0 0 1
44 56.5 0.75 0 0 1
45 56.5 0.75 0 0 1
41 58 0.75 0 0 1
42 58 0.75 0 0 1
43 58 0.75 0 0 1
44 58 0.75 0 0 1
45 58 0.75 0 0 1
41 59.5 0.75 0 0 1
42 59.5 0.75 0 0 1
43 59.5 0.75 0 0 1
44 59.5 0.75 0 0 1
45 59.5 0.75 0 0 1
41 61 0.75 0 0 1
42 61 0.75 0 0 1
43 61 0.75 0 0 1
44 61 0.75 0 0 1
45 61 0.75 0 0 1
41 62.5 0.75 0 0 1
42 62.5 0.75 0 0 1
43 62.5 0.75 0 0 1
44 62.5 0.75 0 0 1
45 62.5 0.75 0 0 1
49 56.5 0.75 0 0 1
50 56.5 0.75 0 0 1
51 56.5 0.75 0 0 1
52 56.5 0.75 0 0 1
53 56.5 0.75 0 0 1
49 58 0.75 0 0 1
50 58 0.75 0 0 1
51 58 0.75 0 0 1
52 58 0.75 0 0 1
53 58 0.75 0 0 1
49 59.5 0.75 0 0 1
50 59.5 0.75 0 0 1
51 59.5 0.75 0 0 1
52 59.5 0.75 0 0 1
53 59.5 0.75 0 0 1
49 61 0.75 0 0 1
50 61 0.75 0 0 1
51 61 0.75 0 0 1
52 61 0.75 0 0 1
53 61 0.75 0 0 1
49 62.5 0.75 0 0 1
50 62.5 0.75 0 0 1
51 62.5 0.75 0 0 1
52 62.5 0.75 0 0 1
53 62.5 0.75 0 0 1
57 56.5 0.75 0 0 1
58 56.5 0.75 0 0 1
59 56.5 0.75 0 0 1
60 56.5 0.75 0 0 1
61 56.5 0.75 0 0 1
57 58 0.75 0 0 1
58 58 0.75 0 0 1
59 58 0.75 0 0 1
60 58 0.75 0 0 1
61 58 0.75 0 0 1
57 59.5 0.75 0 0 1
58 59.5 0.75 0 0 1
59 59.5 0.75 0 0 1
60 59.5 0.75 0 0 1
61 59.5 0.75 0 0 1
57 61 0.75 0 0 1
58 61 0.75 0 0 1
59 61 0.75 0 0 1
60 61 0.75 0 0 1
61 61 0.75 0 0 1
57 62.5 0.75 0 0 1
58 62.5 0.75 0 0 1
59 62.5 0.75 0 0 1
60 62.5 0.75 0 0 1
61 62.5 0.75 0 0 1
65 56.5 0.75 0 0 1
66 56.5 0.75 0 0 1
67 56.5 0.75 0 0 1
68 56.5 0.75 0 0 1
69 56.5 0.75 0 0 1
65 58 0.75 0 0 1
66 58 0.75 0 0 1
67 58 0.75 0 0 1
68 58 0.75 0 0 1
69 58 0.75 0 0 1
65 59.5 0.75 0 0 1
66 59.5 0.75 0 0 1
67 59.5 0.75 0 0 1
68 59.5 0.75 0 0 1
69 59.5 0.75 0 0 1
65 61 0.75 0 0 1
66 61 0.75 0 0 1
67 61 0.75 0 0 1
68 61 0.75 0 0 1
69 61 0.75 0 0 1
65 62.5 0.75 0 0 1
66 62.5 0.75 0 0 1
67 62.5 0.75 0 0 1
68 62.5 0.75 0 0 1
69 62.5 0.75 0 0 1
73 56.5 0.75 0 0 1
74 56.5 0.75 0 0 1
75 56.5 0.75 0 0 1
76 56.5 0.75 0 0 1
77 56.5 0.75 0 0 1
73 58 0.75 0 0 1
74 58 0.75 0 0 1
75 58 0.75 0 0 1
76 58 0.75 0 0 1
77 58 0.75 0 0 1
73 59.5 0.75 0 0 1
74 59.5 0.75 0 0 1
75 59.5 0.75 0 0 1
76 59.5 0.75 0 0 1
77 59.5 0.75 0 0 1
73 61 0.75 0 0 1
74 61 0.75 0 0 1
75 61 0.75 0 0 1
76 61 0.75 0 0 1
77 61 0.75 0 0 1
73 62.5 0.75 0 0 1
74 62.5 0.75 0 0 1
75 62.5 0.75 0 0 1
76 62.5 0.75 0 0 1
77 62.5 0.75 0 0 1
81 56.5 0.75 0 0 1
82 56.5 0.75 0 0 1
83 56.5 0.75 0 0 1
84 56.5 0.75 0 0 1
85 56.5 0.75 0 0 1
81 58 0.75 0 0 1
82 58 0.75 0 0 1
83 58 0.75 0 0 1
84 58 0.75 0 0 1
85 58 0.75 0 0 1
81 59.5 0.75 0 0 1
82 59.5 0.75 0 0 1
83 59.5 0.75 0 0 1
84 59.5 0.75 0 0 1
85 59.5 0.75 0 0 1
81 61 0.75 0 0 1
82 61 0.75 0 0 1
83 61 0.75 0 0 1
84 61 0.75 0 0 1
85 61 0.75 0 0 1
81 62.5 0.75 0 0 1
82 62.5 0.75 0 0 1
83 62.5 0.75 0 0 1
84 62.5 0.75 0 0 1
85 62.5 0.75 0 0 1
89 56.5 0.75 0 0 1
90 56.5 0.75 0 0 1
91 56.5 0.75 0 0 1
92 56.5 0.75 0 0 1
93 56.5 0.75 0 0 1
89 58 0.75 0 0 1
90 58 0.75 0 0 1
91 58 0.75 0 0 1
92 58 0.75 0 0 1
93 58 0.75 0 0 1
89 59.5 0.75 0 0 1
90 59.5 0.75 0 0 1
91 59.5 0.75 0 0 1
92 59.5 0.75 0 0 1
93 59.5 0.75 0 0 1
89 61 0.75 0 0 1
90 61 0.75 0 0 1
91 61 0.75 0 0 1
92 61 0.75 0 0 1
93 61 0.75 0 0 1
89 62.5 0.75 0 0 1
90 62.5 0.75 0 0 1
91 62.5 0.75 0 0 1
92 62.5 0.75 0 0 1
93 62.5 0.75 0 0 1
97 56.5 0.75 0 0 1
98 56.5 0.75 0 0 1
99 56.5 0.75 0 0 1
100 56.5 0.75 0 0 1
101 56.5 0.75 0 0 1
97 58 0.75 0 0 1
98 58 0.75 0 0 1
99 58 0.75 0 0 1
100 58 0.75 0 0 1
101 58 0.75 0 0 1
97 59.5 0.75 0 0 1
98 59.5 0.75 0 0 1
99 59.5 0.75 0 0 1
100 59.5 0.75 0 0 1
101 59.5 0.75 0 0 1
97 61 0.75 0 0 1
98 61 0.75 0 0 1
99 61 0.75 0 0 1
100 61 0.75 0 0 1
101 61 0.75 0 0 1
97 62.5 0.75 0 0 1
98 62.5 0.75 0 0 1
99 62.5 0.75 0 0 1
100 62.5 0.75 0 0 1
101 62.5 0.75 0 0 1
105 56.5 0.75 0 0 1
106 56.5 0.75 0 0 1
107 56.5 0.75 0 0 1
108 56.5 0.75 0 0 1
109 56.5 0.75 0 0 1
105 58 0.75 0 0 1
106 58 0.75 0 0 1
107 58 0.75 0 0 1
108 58 0.75 0 0 1
109 58 0.75 0 0 1
105 59.5 0.75 0 0 1
106 59.5 0.75 0 0 1
107 59.5 0.75 0 0 1
108 59.5 0.75 0 0 1
109 59.5 0.75 0 0 1
105 61 0.75 0 0 1
106 61 0.75 0 0 1
107 61 0.75 0 0 1
108 61 0.75 0 0 1
109 61 0.75 0 0 1
105 62.5 0.75 0 0 1
106 62.5 0.75 0 0 1
107 62.5 0.75 0 0 1
108 62.5 0.75 0 0 1
109 62.5 0.75 0 0 1
113 56.5 0.75 0 0 1
114 56.5 0.75 0 0 1
115 56.5 0.75 0 0 1
116 56.5 0.75 0 0 1
117 56.5 0.75 0 0 1
113 58 0.75 0 0 1
114 58 0.75 0 0 1
115 58 0.75 0 0 1
116 58 0.75 0 0 1
117 58 0.75 0 0 1
113 59.5 0.75 0 0 1
114 59.5 0.75 0 0 1
115 59.5 0.75 0 0 1
116 59.5 0.75 0 0 1
117 59.5 0.75 0 0 1
113 61 0.75 0 0 1
114 61 0.75 0 0 1
115 61 0.75 0 0 1
116 61 0.75 0 0 1
117 61 0.75 0 0 1
113 62.5 0.75 0 0 1
114 62.5 0.75 0 0 1
115 62.5 0.75 0 0 1
116 62.5 0.75 0 0 1
117 62.5 0.75 0 0 1
121 56.5 0.75 0 0 1
122 56.5 0.75 0 0 1
123 56.5 0.75 0 0 1
124 56.5 0.75 0 0 1
125 56.5 0.75 0 0 1
121 58 0.75 0 0 1
122 58 0.75 0 0 1
123 58 0.75 0 0 1
124 58 0.75 0 0 1
125 58 0.75 0 0 1
121 59.5 0.75 0 0 1
122 59.5 0.75 0 0 1
123 59.5 0.75 0 0 1
124 59.5 0.75 0 0 1
125 59.5 0.75 0 0 1
121 61 0.75 0 0 1
122 61 0.75 0 0 1
123 61 0.75 0 0 1
124 61 0.75 0 0 1
125 61 0.75 0 0 1
121 62.5 0.75 0 0 1
122 62.5 0.75 0 0 1
123 62.5 0.75 0 0 1
124 62.5 0.75 0 0 1
125 62.5 0.75 0 0 1
129 56.5 0.75 0 0 1
130 56.5 0.75 0 0 1
131 56.5 0.75 0 0 1
132 56.5 0.75 0 0 1
133 56.5 0.75 0 0 1
129 58 0.75 0 0 1
130 58 0.75 0 0 1
131 58 0.75 0 0 1
132 58 0.75 0 0 1
133 58 0.75 0 0 1
129 59.5 0.75 0 0 1
130 59.5 0.75 0 0 1
131 59.5 0.75 0 0 1
132 59.5 0.75 0 0 1
133 59.5 0.75 0 0 1
129 61 0.75 0 0 1
130 61 0.75 0 0 1
131 61 0.75 0 0 1
132 61 0.75 0 0 1
133 61 0.75 0 0 1
129 62.5 0.75 0 0 1
130 62.5 0.75 0 0 1
131 62.5 0.75 0 0 1
132 62.5 0.75 0 0 1
133 62.5 0.75 0 0 1
137 56.5 0.75 0 0 1
138 56.5 0.75 0 0 1
139 56.5 0.75 0 0 1
140 56.5 0.75 0 0 1
141 56.5 0.75 0 0 1
137 58 0.75 0 0 1
138 58 0.75 0 0 1
139 58 0.75 0 0 1
140 58 0.75 0 0 1
141 58 0.75 0 0 1
137 59.5 0.75 0 0 1
138 59.5 0.75 0 0 1
139 59.5 0.75 0 0 1
140 59.5 0.75 0 0 1
141 59.5 0.75 0 0 1
137 61 0.75 0 0 1
138 61 0.75 0 0 1
139 61 0.75 0 0 1
140 61 0.75 0 0 1
141 61 0.75 0 0 1
137 62.5 0.75 0 0 1
138 62.5 0.75 0 0 1
139 62.5 0.75 0 0 1
140 62.5 0.75 0 0 1
141 62.5 0.75 0 0 1
145 56.5 0.75 0 0 1
146 56.5 0.75 0 0 1
147 56.5 0.75 0 0 1
148 56.5 0.75 0 0 1
149 56.5 0.75 0 0 1
145 58 0.75 0 0 1
146 58 0.75 0 0 1
147 58 0.75 0 0 1
148 58 0.75 0 0 1
149 58 0.75 0 0 1
145 59.5 0.75 0 0 1
146 59.5 0.75 0 0 1
147 59.5 0.75 0 0 1
148 59.5 0.75 0 0 1
149 59.5 0.75 0 0 1
145 61 0.75 0 0 1
146 61 0.75 0 0 1
147 61 0.75 0 0 1
148 61 0.75 0 0 1
149 61 0.75 0 0 1
145 62.5 0.75 0 0 1
146 62.5 0.75 0 0 1
147 62.5 0.75 0 0 1
148 62.5 0.75 0 0 1
149 62.5 0.75 0 0 1
153 56.5 0.75 0 0 1
154 56.5 0.75 0 0 1
155 56.5 0.75 0 0 1
156 56.5 0.75 0 0 1
157 56.5 0.75 0 0 1
153 58 0.75 0 0 1
154 58 0.75 0 0 1
155 58 0.75 0 0 1
156 58 0.75 0 0 1
157 58 0.75 0 0 1
153 59.5 0.75 0 0 1
154 59.5 0.75 0 0 1
155 59.5 0.75 0 0 1
156 59.5 0.75 0 0 1
157 59.5 0.75 0 0 1
153 61 0.75 0 0 1
154 61 0.75 0 0 1
155 61 0.75 0 0 1
156 61 0.75 0 0 1
157 61 0.75 0 0 1
153 62.5 0.75 0 0 1
154 62.5 0.75 0 0 1
155 62.5 0.75 0 0 1
156 62.5 0.75 0 0 1
157 62.5 0.75 0 0 1
161 56.5 0.75 0 0 1
162 56.5 0.75 0 0 1
163 56.5 0.75 0 0 1
164 56.5 0.75 0 0 1
165 56.5 0.75 0 0 1
161 58 0.75 0 0 1
162 58 0.75 0 0 1
163 58 0.75 0 0 1
164 58 0.75 0 0 1
165 58 0.75 0 0 1
161 59.5 0.75 0 0 1
162 59.5 0.75 0 0 1
163 59.5 0.75 0 0 1
164 59.5 0.75 0 0 1
165 59.5 0.75 0 0 1
161 61 0.75 0 0 1
162 61 0.75 0 0 1
163 61 0.75 0 0 1
164 61 0.75 0 0 1
165 61 0.75 0 0 1
161 62.5 0.75 0 0 1
162 62.5 0.75 0 0 1
163 62.5 0.75 0 0 1
164 62.5 0.75 0 0 1
165 62.5 0.75 0 0 1
169 56.5 0.75 0 0 1
170 56.5 0.75 0 0 1
171 56.5 0.75 0 0 1
172 56.5 0.75 0 0 1
173 56.5 0.75 0 0 1
169 58 0.75 0 0 1
170 58 0.75 0 0 1
171 58 0.75 0 0 1
172 58 0.75 0 0 1
173 58 0.75 0 0 1
169 59.5 0.75 0 0 1
170 59.5 0.75 0 0 1
171 59.5 0.75 0 0 1
172 59.5 0.75 0 0 1
173 59.5 0.75 0 0 1
169 61 0.75 0 0 1
170 61 0.75 0 0 1
171 61 0.75 0 0 1
172 61 0.75 0 0 1
173 61 0.75 0 0 1
169 62.5 0.75 0 0 1
170 62.5 0.75 0 0 1
171 62.5 0.75 0 0 1
172 62.5 0.75 0 0 1
173 62.5 0.75 0 0 1
177 56.5 0.75 0 0 1
178 56.5 0.75 0 0 1
179 56.5 0.75 0 0 1
180 56.5 0.75 0 0 1
181 56.5 0.75 0 0 1
177 58 0.75 0 0 1
178 58 0.75 0 0 1
179 58 0.75 0 0 1
180 58 0.75 0 0 1
181 58 0.75 0 0 1
177 59.5 0.75 0 0 1
178 59.5 0.75 0 0 1
179 59.5 0.75 0 0 1
180 59.5 0.75 0 0 1
181 59.5 0.75 0 0 1
177 61 0.75 0 0 1
178 61 0.75 0 0 1
179 61 0.75 0 0 1
180 61 0.75 0 0 1
181 61 0.75 0 0 1
177 62.5 0.75 0 0 1
178 62.5 0.75 0 0 1
179 62.5 0.75 0 0 1
180 62.5 0.75 0 0 1
181 62.5 0.75 0 0 1
185 56.5 0.75 0 0 1
186 56.5 0.75 0 0 1
187 56.5 0.75 0 0 1
188 56.5 0.75 0 0 1
189 56.5 0.75 0 0 1
185 58 0.75 0 0 1
186 58 0.75 0 0 1
187 58 0.75 0 0 1
188 58 0.75 0 0 1
189 58 0.75 0 0 1
185 59.5 0.75 0 0 1
186 59.5 0.75 0 0 1
187 59.5 0.75 0 0 1
188 59.5 0.75 0 0 1
189 59.5 0.75 0 0 1
185 61 0.75 0 0 1
186 61 0.75 0 0 1
187 61 0.75 0 0 1
188 61 0.75 0 0 1
189 61 0.75 0 0 1
185 62.5 0.75 0 0 1
186 62.5 0.75 0 0 1
187 62.5 0.75 0 0 1
188 62.5 0.75 0 0 1
189 62.5 0.75 0 0 1
193 56.5 0.75 0 0 1
194 56.5 0.75 0 0 1
195 56.5 0.75 0 0 1
196 56.5 0.75 0 0 1
197 56.5 0.75 0 0 1
193 58 0.75 0 0 1
194 58 0.75 0 0 1
195 58 0.75 0 0 1
196 58 0.75 0 0 1
197 58 0.75 0 0 1
193 59.5 0.75 0 0 1
194 59.5 0.75 0 0 1
195 59.5 0.75 0 0 1
196 59.5 0.75 0 0 1
197 59.5 0.75 0 0 1
193 61 0.75 0 0 1
194 61 0.75 0 0 1
195 61 0.75 0 0 1
196 61 0.75 0 0 1
197 61 0.75 0 0 1
193 62.5 0.75 0 0 1
194 62.5 0.75 0 0 1
195 62.5 0.75 0 0 1
196 62.5 0.75 0 0 1
197 62.5 0.75 0 0 1
201 56.5 0.75 0 0 1
202 56.5 0.75 0 0 1
203 56.5 0.75 0 0 1
204 56.5 0.75 0 0 1
205 56.5 0.75 0 0 1
201 58 0.75 0 0 1
202 58 0.75 0 0 1
203 58 0.75 0 0 1
204 58 0.75 0 0 1
205 58 0.75 0 0 1
201 59.5 0.75 0 0 1
202 59.5 0.75 0 0 1
203 59.5 0.75 0 0 1
204 59.5 0.75 0 0 1
205 59.5 0.75 0 0 1
201 61 0.75 0 0 1
202 61 0.75 0 0 1
203 61 0.75 0 0 1
204 61 0.75 0 0 1
205 61 0.75 0 0 1
201 62.5 0.75 0 0 1
202 62.5 0.75 0 0 1
203 62.5 0.75 0 0 1
204 62.5 0.75 0 0 1
205 62.5 0.75 0 0 1
209 56.5 0.75 0 0 1
210 56.5 0.75 0 0 1
211 56.5 0.75 0 0 1
212 56.5 0.75 0 0 1
213 56.5 0.75 0 0 1
209 58 0.75 0 0 1
210 58 0.75 0 0 1
211 58 0.75 0 0 1
212 58 0.75 0 0 1
213 58 0.75 0 0 1
209 59.5 0.75 0 0 1
210 59.5 0.75 0 0 1
211 59.5 0.75 0 0 1
212 59.5 0.75 0 0 1
213 59.5 0.75 0 0 1
209 61 0.75 0 0 1
210 61 0.75 0 0 1
211 61 0.75 0 0 1
212 61 0.75 0 0 1
213 61 0.75 0 0 1
209 62.5 0.75 0 0 1
210 62.5 0.75 0 0 1
211 62.5 0.75 0 0 1
212 62.5 0.75 0 0 1
213 62.5 0.75 0 0 1
217 56.5 0.75 0 0 1
218 56.5 0.75 0 0 1
219 56.5 0.75 0 0 1
220 56.5 0.75 0 0 1
221 56.5 0.75 0 0 1
217 58 0.75 0 0 1
218 58 0.75 0 0 1
219 58 0.75 0 0 1
220 58 0.75 0 0 1
221 58 0.75 0 0 1
217 59.5 0.75 0 0 1
218 59.5 0.75 0 0 1
219 59.5 0.75 0 0 1
220 59.5 0.75 0 0 1
221 59.5 0.75 0 0 1
217 61 0.75 0 0 1
218 61 0.75 0 0 1
219 61 0.75 0 0 1
220 61 0.75 0 0 1
221 61 0.75 0 0 1
217 62.5 0.75 0 0 1
218 62.5 0.75 0 0 1
219 62.5 0.75 0 0 1
220 62.5 0.75 0 0 1
221 62.5 0.75 0 0 1
225 56.5 0.75 0 0 1
226 56.5 0.75 0 0 1
227 56.5 0.75 0 0 1
228 56.5 0.75 0 0 1
229 56.5 0.75 0 0 1
225 58 0.75 0 0 1
226 58 0.75 0 0 1
227 58 0.75 0 0 1
228 58 0.75 0 0 1
229 58 0.75 0 0 1
225 59.5 0.75 0 0 1
226 59.5 0.75 0 0 1
227 59.5 0.75 0 0 1
228 59.5 0.75 0 0 1
229 59.5 0.75 0 0 1
225 61 0.75 0 0 1
226 61 0.75 0 0 1
227 61 0.75 0 0 1
228 61 0.75 0 0 1
229 61 0.75 0 0 1
225 62.5 0.75 0 0 1
226 62.5 0.75 0 0 1
227 62.5 0.75 0 0 1
228 62.5 0.75 0 0 1
229 62.5 0.75 0 0 1
233 56.5 0.75 0 0 1
234 56.5 0.75 0 0 1
235 56.5 0.75 0 0 1
236 56.5 0.75 0 0 1
237 56.5 0.75 0 0 1
233 58 0.75 0 0 1
234 58 0.75 0 0 1
235 58 0.75 0 0 1
236 58 0.75 0 0 1
237 58 0.75 0 0 1
233 59.5 0.75 0 0 1
234 59.5 0.75 0 0 1
235 59.5 0.75 0 0 1
236 59.5 0.75 0 0 1
237 59.5 0.75 0 0 1
233 61 0.75 0 0 1
234 61 0.75 0 0 1
235 61 0.75 0 0 1
236 61 0.75 0 0 1
237 61 0.75 0 0 1
233 62.5 0.75 0 0 1
234 62.5 0.75 0 0 1
235 62.5 0.75 0 0 1
236 62.5 0.75 0 0 1
237 62.5 0.75 0 0 1
241 56.5 0.75 0 0 1
242 56.5 0.75 0 0 1
243 56.5 0.75 0 0 1
244 56.5 0.75 0 0 1
245 56.5 0.75 0 0 1
241 58 0.75 0 0 1
242 58 0.75 0 0 1
243 58 0.75 0 0 1
244 58 0.75 0 0 1
245 58 0.75 0 0 1
241 59.5 0.75 0 0 1
242 59.5 0.75 0 0 1
243 59.5 0.75 0 0 1
244 59.5 0.75 0 0 1
245 59.5 0.75 0 0 1
241 61 0.75 0 0 1
242 61 0.75 0 0 1
243 61 0.75 0 0 1
244 61 0.75 0 0 1
245 61 0.75 0 0 1
241 62.5 0.75 0 0 1
242 62.5 0.75 0 0 1
243 62.5 0.75 0 0 1
244 62.5 0.75 0 0 1
245 62.5 0.75 0 0 1
249 56.5 0.75 0 0 1
250 56.5 0.75 0 0 1
251 56.5 0.75 0 0 1
252 56.5 0.75 0 0 1
253 56.5 0.75 0 0 1
249 58 0.75 0 0 1
250 58 0.75 0 0 1
251 58 0.75 0 0 1
252 58 0.75 0 0 1
253 58 0.75 0 0 1
249 59.5 0.75 0 0 1
250 59.5 0.75 0 0 1
251 59.5 0.75 0 0 1
252 59.5 0.75 0 0 1
253 59.5 0.75 0 0 1
249 61 0.75 0 0 1
250 61 0.75 0 0 1
251 61 0.75 0 0 1
252 61 0.75 0 0 1
253 61 0.75 0 0 1
249 62.5 0.75 0 0 1
250 62.5 0.75 0 0 1
251 62.5 0.75 0 0 1
252 62.5 0.75 0 0 1
253 62.5 0.75 0 0 1
1 67.5 0.75 0 0 1
2 67.5 0.75 0 0 1
3 67.5 0.75 0 0 1
4 67.5 0.75 0 0 1
5 67.5 0.75 0 0 1
1 69 0.75 0 0 1
2 69 0.75 0 0 1
3 69 0.75 0 0 1
4 69 0.75 0 0 1
5 69 0.75 0 0 1
1 70.5 0.75 0 0 1
2 70.5 0.75 0 0 1
3 70.5 0.75 0 0 1
4 70.5 0.75 0 0 1
5 70.5 0.75 0 0 1
1 72 0.75 0 0 1
2 72 0.75 0 0 1
3 72 0.75 0 0 1
4 72 0.75 0 0 1
5 72 0.75 0 0 1
1 73.5 0.75 0 0 1
2 73.5 0.75 0 0 1
3 73.5 0.75 0 0 1
4 73.5 0.75 0 0 1
5 73.5 0.75 0 0 1
9 67.5 0.75 0 0 1
10 67.5 0.75 0 0 1
11 67.5 0.75 0 0 1
12 67.5 0.75 0 0 1
13 67.5 0.75 0 0 1
9 69 0.75 0 0 1
10 69 0.75 0 0 1
11 69 0.75 0 0 1
12 69 0.75 0 0 1
13 69 0.75 0 0 1
9 70.5 0.75 0 0 1
10 70.5 0.75 0 0 1
11 70.5 0.75 0 0 1
12 70.5 0.75 0 0 1
13 70.5 0.75 0 0 1
9 72 0.75 0 0 1
10 72 0.75 0 0 1
11 72 0.75 0 0 1
12 72 0.75 0 0 1
13 72 0.75 0 0 1
9 73.5 0.75 0 0 1
10 73.5 0.75 0 0 1
11 73.5 0.75 0 0 1
12 73.5 0.75 0 0 1
13 73.5 0.75 0 0 1
17 67.5 0.75 0 0 1
18 67.5 0.75 0 0 1
19 67.5 0.75 0 0 1
20 67.5 0.75 0 0 1
21 67.5 0.75 0 0 1
17 69 0.75 0 0 1
18 69 0.75 0 0 1
19 69 0.75 0 0 1
20 69 0.75 0 0 1
21 69 0.75 0 0 1
17 70.5 0.75 0 0 1
18 70.5 0.75 0 0 1
19 70.5 0.75 0 0 1
20 70.5 0.75 0 0 1
21 70.5 0.75 0 0 1
17 72 0.75 0 0 1
18 72 0.75 0 0 1
19 72 0.75 0 0 1
20 72 0.75 0 0 1
21 72 0.75 0 0 1
17 73.5 0.75 0 0 1
18 73.5 0.75 0 0 1
19 73.5 0.75 0 0 1
20 73.5 0.75 0 0 1
21 73.5 0.75 0 0 1
25 67.5 0.75 0 0 1
26 67.5 0.75 0 0 1
27 67.5 0.75 0 0 1
28 67.5 0.75 0 0 1
29 67.5 0.75 0 0 1
25 69 0.75 0 0 1
26 69 0.75 0 0 1
27 69 0.75 0 0 1
28 69 0.75 0 0 1
29 69 0.75 0 0 1
25 70.5 0.75 0 0 1
26 70.5 0.75 0 0 1
27 70.5 0.75 0 0 1
28 70.5 0.75 0 0 1
29 70.5 0.75 0 0 1
25 72 0.75 0 0 1
26 72 0.75 0 0 1
27 72 0.75 0 0 1
28 72 0.75 0 0 1
29 72 0.75 0 0 1
25 73.5 0.75 0 0 1
26 73.5 0.75 0 0 1
27 73.5 0.75 0 0 1
28 73.5 0.75 0 0 1
29 73.5 0.75 0 0 1
33 67.5 0.75 0 0 1
34 67.5 0.75 0 0 1
35 67.5 0.75 0 0 1
36 67.5 0.75 0 0 1
37 67.5 0.75 0 0 1
33 69 0.75 0 0 1
34 69 0.75 0 0 1
35 69 0.75 0 0 1
36 69 0.75 0 0 1
37 69 0.75 0 0 1
33 70.5 0.75 0 0 1
34 70.5 0.75 0 0 1
35 70.5 0.75 0 0 1
36 70.5 0.75 0 0 1
37 70.5 0.75 0 0 1
33 72 0.75 0 0 1
34 72 0.75 0 0 1
35 72 0.75 0 0 1
36 72 0.75 0 0 1
37 72 0.75 0 0 1
33 73.5 0.75 0 0 1
34 73.5 0.75 0 0 1
35 73.5 0.75 0 0 1
36 73.5 0.75 0 0 1
37 73.5 0.75 0 0 1
41 67.5 0.75 0 0 1
42 67.5 0.75 0 0 1
43 67.5 0.75 0 0 1
44 67.5 0.75 0 0 1
45 67.5 0.75 0 0 1
41 69 0.75 0 0 1
42 69 0.75 0 0 1
43 69 0.75 0 0 1
44 69 0.75 0 0 1
45 69 0.75 0 0 1
41 70.5 0.75 0 0 1
42 70.5 0.75 0 0 1
43 70.5 0.75 0 0 1
44 70.5 0.75 0 0 1
45 70.5 0.75 0 0 1
41 72 0.75 0 0 1
42 72 0.75 0 0 1
43 72 0.75 0 0 1
44 72 0.75 0 0 1
45 72 0.75 0 0 1
41 73.5 0.75 0 0 1
42 73.5 0.75 0 0 1
43 73.5 0.75 0 0 1
44 73.5 0.75 0 0 1
45 73.5 0.75 0 0 1
49 67.5 0.75 0 0 1
50 67.5 0.75 0 0 1
51 67.5 0.75 0 0 1
52 67.5 0.75 0 0 1
53 67.5 0.75 0 0 1
49 69 0.75 0 0 1
50 69 0.75 0 0 1
51 69 0.75 0 0 1
52 69 0.75 0 0 1
53 69 0.75 0 0 1
49 70.5 0.75 0 0 1
50 70.5 0.75 0 0 1
51 70.5 0.75 0 0 1
52 70.5 0.75 0 0 1
53 70.5 0.75 0 0 1
49 72 0.75 0 0 1
50 72 0.75 0 0 1
51 72 0.75 0 0 1
52 72 0.75 0 0 1
53 72 0.75 0 0 1
49 73.5 0.75 0 0 1
50 73.5 0.75 0 0 1
51 73.5 0.75 0 0 1
52 73.5 0.75 0 0 1
53 73.5 0.75 0 0 1
57 67.5 0.75 0 0 1
58 67.5 0.75 0 0 1
59 67.5 0.75 0 0 1
60 67.5 0.75 0 0 1
61 67.5 0.75 0 0 1
57 69 0.75 0 0 1
58 69 0.75 0 0 1
59 69 0.75 0 0 1
60 69 0.75 0 0 1
61 69 0.75 0 0 1
57 70.5 0.75 0 0 1
58 70.5 0.75 0 0 1
59 70.5 0.75 0 0 1
60 70.5 0.75 0 0 1
61 70.5 0.75 0 0 1
57 72 0.75 0 0 1
58 72 0.75 0 0 1
59 72 0.75 0 0 1
60 72 0.75 0 0 1
61 72 0.75 0 0 1
57 73.5 0.75 0 0 1
58 73.5 0.75 0 0 1
59 73.5 0.75 0 0 1
60 73.5 0.75 0 0 1
61 73.5 0.75 0 0 1
65 67.5 0.75 0 0 1
66 67.5 0.75 0 0 1
67 67.5 0.75 0 0 1
68 67.5 0.75 0 0 1
69 67.5 0.75 0 0 1
65 69 0.75 0 0 1
66 69 0.75 0 0 1
67 69 0.75 0 0 1
68 69 0.75 0 0 1
69 69 0.75 0 0 1
65 70.5 0.75 0 0 1
66 70.5 0.75 0 0 1
67 70.5 0.75 0 0 1
68 70.5 0.75 0 0 1
69 70.5 0.75 0 0 1
65 72 0.75 0 0 1
66 72 0.75 0 0 1
67 72 0.75 0 0 1
68 72 0.75 0 0 1
69 72 0.75 0 0 1
65 73.5 0.75 0 0 1
66 73.5 0.75 0 0 1
67 73.5 0.75 0 0 1
68 73.5 0.75 0 0 1
69 73.5 0.75 0 0 1
73 67.5 0.75 0 0 1
74 67.5 0.75 0 0 1
75 67.5 0.75 0 0 1
76 67.5 0.75 0 0 1
77 67.5 0.75 0 0 1
73 69 0.75 0 0 1
74 69 0.75 0 0 1
75 69 0.75 0 0 1
76 69 0.75 0 0 1
77 69 0.75 0 0 1
73 70.5 0.75 0 0 1
74 70.5 0.75 0 0 1
75 70.5 0.75 0 0 1
76 70.5 0.75 0 0 1
77 70.5 0.75 0 0 1
73 72 0.75 0 0 1
74 72 0.75 0 0 1
75 72 0.75 0 0 1
76 72 0.75 0 0 1
77 72 0.75 0 0 1
73 73.5 0.75 0 0 1
74 73.5 0.75 0 0 1
75 73.5 0.75 0 0 1
76 73.5 0.75 0 0 1
77 73.5 0.75 0 0 1
81 67.5 0.75 0 0 1
82 67.5 0.75 0 0 1
83 67.5 0.75 0 0 1
84 67.5 0.75 0 0 1
85 67.5 0.75 0 0 1
81 69 0.75 0 0 1
82 69 0.75 0 0 1
83 69 0.75 0 0 1
84 69 0.75 0 0 1
85 69 0.75 0 0 1
81 70.5 0.75 0 0 1
82 70.5 0.75 0 0 1
83 70.5 0.75 0 0 1
84 70.5 0.75 0 0 1
85 70.5 0.75 0 0 1
81 72 0.75 0 0 1
82 72 0.75 0 0 1
83 72 0.75 0 0 1
84 72 0.75 0 0 1
85 72 0.75 0 0 1
81 73.5 0.75 0 0 1
82 73.5 0.75 0 0 1
83 73.5 0.75 0 0 1
84 73.5 0.75 0 0 1
85 73.5 0.75 0 0 1
89 67.5 0.75 0 0 1
90 67.5 0.75 0 0 1
91 67.5 0.75 0 0 1
92 67.5 0.75 0 0 1
93 67.5 0.75 0 0 1
89 69 0.75 0 0 1
90 69 0.75 0 0 1
91 69 0.75 0 0 1
92 69 0.75 0 0 1
93 69 0.75 0 0 1
89 70.5 0.75 0 0 1
90 70.5 0.75 0 0 1
91 70.5 0.75 0 0 1
92 70.5 0.75 0 0 1
93 70.5 0.75 0 0 1
89 72 0.75 0 0 1
90 72 0.75 0 0 1
91 72 0.75 0 0 1
92 72 0.75 0 0 1
93 72 0.75 0 0 1
89 73.5 0.75 0 0 1
90 73.5 0.75 0 0 1
91 73.5 0.75 0 0 1
92 73.5 0.75 0 0 1
93 73.5 0.75 0 0 1
97 67.5 0.75 0 0 1
98 67.5 0.75 0 0 1
99 67.5 0.75 0 0 1
100 67.5 0.75 0 0 1
101 67.5 0.75 0 0 1
97 69 0.75 0 0 1
98 69 0.75 0 0 1
99 69 0.75 0 0 1
100 69 0.75 0 0 1
101 69 0.75 0 0 1
97 70.5 0.75 0 0 1
98 70.5 0.75 0 0 1
99 70.5 0.75 0 0 1
100 70.5 0.75 0 0 1
101 70.5 0.75 0 0 1
97 72 0.75 0 0 1
98 72 0.75 0 0 1
99 72 0.75 0 0 1
100 72 0.75 0 0 1
101 72 0.75 0 0 1
97 73.5 0.75 0 0 1
98 73.5 0.75 0 0 1
99 73.5 0.75 0 0 1
100 73.5 0.75 0 0 1
101 73.5 0.75 0 0 1
105 67.5 0.75 0 0 1
106 67.5 0.75 0 0 1
107 67.5 0.75 0 0 1
108 67.5 0.75 0 0 1
109 67.5 0.75 0 0 1
105 69 0.75 0 0 1
106 69 0.75 0 0 1
107 69 0.75 0 0 1
108 69 0.75 0 0 1
109 69 0.75 0 0 1
105 70.5 0.75 0 0 1
106 70.5 0.75 0 0 1
107 70.5 0.75 0 0 1
108 70.5 0.75 0 0 1
109 70.5 0.75 0 0 1
105 72 0.75 0 0 1
106 72 0.75 0 0 1
107 72 0.75 0 0 1
108 72 0.75 0 0 1
109 72 0.75 0 0 1
105 73.5 0.75 0 0 1
106 73.5 0.75 0 0 1
107 73.5 0.75 0 0 1
108 73.5 0.75 0 0 1
109 73.5 0.75 0 0 1
113 67.5 0.75 0 0 1
114 67.5 0.75 0 0 1
115 67.5 0.75 0 0 1
116 67.5 0.75 0 0 1
117 67.5 0.75 0 0 1
113 69 0.75 0 0 1
114 69 0.75 0 0 1
115 69 0.75 0 0 1
116 69 0.75 0 0 1
117 69 0.75 0 0 1
113 70.5 0.75 0 0 1
114 70.5 0.75 0 0 1
115 70.5 0.75 0 0 1
116 70.5 0.75 0 0 1
117 70.5 0.75 0 0 1
113 72 0.75 0 0 1
114 72 0.75 0 0 1
115 72 0.75 0 0 1
116 72 0.75 0 0 1
117 72 0.75 0 0 1
113 73.5 0.75 0 0 1
114 73.5 0.75 0 0 1
115 73.5 0.75 0 0 1
116 73.5 0.75 0 0 1
117 73.5 0.75 0 0 1
121 67.5 0.75 0 0 1
122 67.5 0.75 0 0 1
123 67.5 0.75 0 0 1
124 67.5 0.75 0 0 1
125 67.5 0.75 0 0 1
121 69 0.75 0 0 1
122 69 0.75 0 0 1
123 69 0.75 0 0 1
124 69 0.75 0 0 1
125 69 0.75 0 0 1
121 70.5 0.75 0 0 1
122 70.5 0.75 0 0 1
123 70.5 0.75 0 0 1
124 70.5 0.75 0 0 1
125 70.5 0.75 0 0 1
121 72 0.75 0 0 1
122 72 0.75 0 0 1
123 72 0.75 0 0 1
124 72 0.75 0 0 1
125 72 0.75 0 0 1
121 73.5 0.75 0 0 1
122 73.5 0.75 0 0 1
123 73.5 0.75 0 0 1
124 73.5 0.75 0 0 1
125 73.5 0.75 0 0 1
129 67.5 0.75 0 0 1
130 67.5 0.75 0 0 1
131 67.5 0.75 0 0 1
132 67.5 0.75 0 0 1
133 67.5 0.75 0 0 1
129 69 0.75 0 0 1
130 69 0.75 0 0 1
131 69 0.75 0 0 1
132 69 0.75 0 0 1
133 69 0.75 0 0 1
129 70.5 0.75 0 0 1
130 70.5 0.75 0 0 1
131 70.5 0.75 0 0 1
132 70.5 0.75 0 0 1
133 70.5 0.75 0 0 1
129 72 0.75 0 0 1
130 72 0.75 0 0 1
131 72 0.75 0 0 1
132 72 0.75 0 0 1
133 72 0.75 0 0 1
129 73.5 0.75 0 0 1
130 73.5 0.75 0 0 1
131 73.5 0.75 0 0 1
132 73.5 0.75 0 0 1
133 73.5 0.75 0 0 1
137 67.5 0.75 0 0 1
138 67.5 0.75 0 0 1
139 67.5 0.75 0 0 1
140 67.5 0.75 0 0 1
141 67.5 0.75 0 0 1
137 69 0.75 0 0 1
138 69 0.75 0 0 1
139 69 0.75 0 0 1
140 69 0.75 0 0 1
141 69 0.75 0 0 1
137 70.5 0.75 0 0 1
138 70.5 0.75 0 0 1
139 70.5 0.75 0 0 1
140 70.5 0.75 0 0 1
141 70.5 0.75 0 0 1
137 72 0.75 0 0 1
138 72 0.75 0 0 1
139 72 0.75 0 0 1
140 72 0.75 0 0 1
141 72 0.75 0 0 1
137 73.5 0.75 0 0 1
138 73.5 0.75 0 0 1
139 73.5 0.75 0 0 1
140 73.5 0.75 0 0 1
141 73.5 0.75 0 0 1
145 67.5 0.75 0 0 1
146 67.5 0.75 0 0 1
147 67.5 0.75 0 0 1
148 67.5 0.75 0 0 1
149 67.5 0.75 0 0 1
145 69 0.75 0 0 1
146 69 0.75 0 0 1
147 69 0.75 0 0 1
148 69 0.75 0 0 1
149 69 0.75 0 0 1
145 70.5 0.75 0 0 1
146 70.5 0.75 0 0 1
147 70.5 0.75 0 0 1
148 70.5 0.75 0 0 1
149 70.5 0.75 0 0 1
145 72 0.75 0 0 1
146 72 0.75 0 0 1
147 72 0.75 0 0 1
148 72 0.75 0 0 1
149 72 0.75 0 0 1
145 73.5 0.75 0 0 1
146 73.5 0.75 0 0 1
147 73.5 0.75 0 0 1
148 73.5 0.75 0 0 1
149 73.5 0.75 0 0 1
153 67.5 0.75 0 0 1
154 67.5 0.75 0 0 1
155 67.5 0.75 0 0 1
156 67.5 0.75 0 0 1
157 67.5 0.75 0 0 1
153 69 0.75 0 0 1
154 69 0.75 0 0 1
155 69 0.75 0 0 1
156 69 0.75 0 0 1
157 69 0.75 0 0 1
153 70.5 0.75 0 0 1
154 70.5 0.75 0 0 1
155 70.5 0.75 0 0 1
156 70.5 0.75 0 0 1
157 70.5 0.75 0 0 1
153 72 0.75 0 0 1
154 72 0.75 0 0 1
155 72 0.75 0 0 1
156 72 0.75 0 0 1
157 72 0.75 0 0 1
153 73.5 0.75 0 0 1
154 73.5 0.75 0 0 1
155 73.5 0.75 0 0 1
156 73.5 0.75 0 0 1
157 73.5 0.75 0 0 1
161 67.5 0.75 0 0 1
162 67.5 0.75 0 0 1
163 67.5 0.75 0 0 1
164 67.5 0.75 0 0 1
165 67.5 0.75 0 0 1
161 69 0.75 0 0 1
162 69 0.75 0 0 1
163 69 0.75 0 0 1
164 69 0.75 0 0 1
165 69 0.75 0 0 1
161 70.5 0.75 0 0 1
162 70.5 0.75 0 0 1
163 70.5 0.75 0 0 1
164 70.5 0.75 0 0 1
165 70.5 0.75 0 0 1
161 72 0.75 0 0 1
162 72 0.75 0 0 1
163 72 0.75 0 0 1
164 72 0.75 0 0 1
165 72 0.75 0 0 1
161 73.5 0.75 0 0 1
162 73.5 0.75 0 0 1
163 73.5 0.75 0 0 1
164 73.5 0.75 0 0 1
165 73.5 0.75 0 0 1
169 67.5 0.75 0 0 1
170 67.5 0.75 0 0 1
171 67.5 0.75 0 0 1
172 67.5 0.75 0 0 1
173 67.5 0.75 0 0 1
169 69 0.75 0 0 1
170 69 0.75 0 0 1
171 69 0.75 0 0 1
172 69 0.75 0 0 1
173 69 0.75 0 0 1
169 70.5 0.75 0 0 1
170 70.5 0.75 0 0 1
171 70.5 0.75 0 0 1
172 70.5 0.75 0 0 1
173 70.5 0.75 0 0 1
169 72 0.75 0 0 1
170 72 0.75 0 0 1
171 72 0.75 0 0 1
172 72 0.75 0 0 1
173 72 0.75 0 0 1
169 73.5 0.75 0 0 1
170 73.5 0.75 0 0 1
171 73.5 0.75 0 0 1
172 73.5 0.75 0 0 1
173 73.5 0.75 0 0 1
177 67.5 0.75 0 0 1
178 67.5 0.75 0 0 1
179 67.5 0.75 0 0 1
180 67.5 0.75 0 0 1
181 67.5 0.75 0 0 1
177 69 0.75 0 0 1
178 69 0.75 0 0 1
179 69 0.75 0 0 1
180 69 0.75 0 0 1
181 69 0.75 0 0 1
177 70.5 0.75 0 0 1
178 70.5 0.75 0 0 1
179 70.5 0.75 0 0 1
180 70.5 0.75 0 0 1
181 70.5 0.75 0 0 1
177 72 0.75 0 0 1
178 72 0.75 0 0 1
179 72 0.75 0 0 1
180 72 0.75 0 0 1
181 72 0.75 0 0 1
177 73.5 0.75 0 0 1
178 73.5 0.75 0 0 1
179 73.5 0.75 0 0 1
180 73.5 0.75 0 0 1
181 73.5 0.75 0 0 1
185 67.5 0.75 0 0 1
186 67.5 0.75 0 0 1
187 67.5 0.75 0 0 1
188 67.5 0.75 0 0 1
189 67.5 0.75 0 0 1
185 69 0.75 0 0 1
186 69 0.75 0 0 1
187 69 0.75 0 0 1
188 69 0.75 0 0 1
189 69 0.75 0 0 1
185 70.5 0.75 0 0 1
186 70.5 0.75 0 0 1
187 70.5 0.75 0 0 1
188 70.5 0.75 0 0 1
189 70.5 0.75 0 0 1
185 72 0.75 0 0 1
186 72 0.75 0 0 1
187 72 0.75 0 0 1
188 72 0.75 0 0 1
189 72 0.75 0 0 1
185 73.5 0.75 0 0 1
186 73.5 0.75 0 0 1
187 73.5 0.75 0 0 1
188 73.5 0.75 0 0 1
189 73.5 0.75 0 0 1
193 67.5 0.75 0 0 1
194 67.5 0.75 0 0 1
195 67.5 0.75 0 0 1
196 67.5 0.75 0 0 1
197 67.5 0.75 0 0 1
193 69 0.75 0 0 1
194 69 0.75 0 0 1
195 69 0.75 0 0 1
196 69 0.75 0 0 1
197 69 0.75 0 0 1
193 70.5 0.75 0 0 1
194 70.5 0.75 0 0 1
195 70.5 0.75 0 0 1
196 70.5 0.75 0 0 1
197 70.5 0.75 0 0 1
193 72 0.75 0 0 1
194 72 0.75 0 0 1
195 72 0.75 0 0 1
196 72 0.75 0 0 1
197 72 0.75 0 0 1
193 73.5 0.75 0 0 1
194 73.5 0.75 0 0 1
195 73.5 0.75 0 0 1
196 73.5 0.75 0 0 1
197 73.5 0.75 0 0 1
201 67.5 0.75 0 0 1
202 67.5 0.75 0 0 1
203 67.5 0.75 0 0 1
204 67.5 0.75 0 0 1
205 67.5 0.75 0 0 1
201 69 0.75 0 0 1
202 69 0.75 0 0 1
203 69 0.75 0 0 1
204 69 0.75 0 0 1
205 69 0.75 0 0 1
201 70.5 0.75 0 0 1
202 70.5 0.75 0 0 1
203 70.5 0.75 0 0 1
204 70.5 0.75 0 0 1
205 70.5 0.75 0 0 1
201 72 0.75 0 0 1
202 72 0.75 0 0 1
203 72 0.75 0 0 1
204 72 0.75 0 0 1
205 72 0.75 0 0 1
201 73.5 0.75 0 0 1
202 73.5 0.75 0 0 1
203 73.5 0.75 0 0 1
204 73.5 0.75 0 0 1
205 73.5 0.75 0 0 1
209 67.5 0.75 0 0 1
210 67.5 0.75 0 0 1
211 67.5 0.75 0 0 1
212 67.5 0.75 0 0 1
213 67.5 0.75 0 0 1
209 69 0.75 0 0 1
210 69 0.75 0 0 1
211 69 0.75 0 0 1
212 69 0.75 0 0 1
213 69 0.75 0 0 1
209 70.5 0.75 0 0 1
210 70.5 0.75 0 0 1
211 70.5 0.75 0 0 1
212 70.5 0.75 0 0 1
213 70.5 0.75 0 0 1
209 72 0.75 0 0 1
210 72 0.75 0 0 1
211 72 0.75 0 0 1
212 72 0.75 0 0 1
213 72 0.75 0 0 1
209 73.5 0.75 0 0 1
210 73.5 0.75 0 0 1
211 73.5 0.75 0 0 1
212 73.5 0.75 0 0 1
213 73.5 0.75 0 0 1
217 67.5 0.75 0 0 1
218 67.5 0.75 0 0 1
219 67.5 0.75 0 0 1
220 67.5 0.75 0 0 1
221 67.5 0.75 0 0 1
217 69 0.75 0 0 1
218 69 0.75 0 0 1
219 69 0.75 0 0 1
220 69 0.75 0 0 1
221 69 0.75 0 0 1
217 70.5 0.75 0 0 1
218 70.5 0.75 0 0 1
219 70.5 0.75 0 0 1
220 70.5 0.75 0 0 1
221 70.5 0.75 0 0 1
217 72 0.75 0 0 1
218 72 0.75 0 0 1
219 72 0.75 0 0 1
220 72 0.75 0 0 1
221 72 0.75 0 0 1
217 73.5 0.75 0 0 1
218 73.5 0.75 0 0 1
219 73.5 0.75 0 0 1
220 73.5 0.75 0 0 1
221 73.5 0.75 0 0 1
225 67.5 0.75 0 0 1
226 67.5 0.75 0 0 1
227 67.5 0.75 0 0 1
228 67.5 0.75 0 0 1
229 67.5 0.75 0 0 1
225 69 0.75 0 0 1
226 69 0.75 0 0 1
227 69 0.75 0 0 1
228 69 0.75 0 0 1
229 69 0.75 0 0 1
225 70.5 0.75 0 0 1
226 70.5 0.75 0 0 1
227 70.5 0.75 0 0 1
228 70.5 0.75 0 0 1
229 70.5 0.75 0 0 1
225 72 0.75 0 0 1
226 72 0.75 0 0 1
227 72 0.75 0 0 1
228 72 0.75 0 0 1
229 72 0.75 0 0 1
225 73.5 0.75 0 0 1
226 73.5 0.75 0 0 1
227 73.5 0.75 0 0 1
228 73.5 0.75 0 0 1
229 73.5 0.75 0 0 1
233 67.5 0.75 0 0 1
234 67.5 0.75 0 0 1
235 67.5 0.75 0 0 1
236 67.5 0.75 0 0 1
237 67.5 0.75 0 0 1
233 69 0.75 0 0 1
234 69 0.75 0 0 1
235 69 0.75 0 0 1
236 69 0.75 0 0 1
237 69 0.75 0 0 1
233 70.5 0.75 0 0 1
234 70.5 0.75 0 0 1
235 70.5 0.75 0 0 1
236 70.5 0.75 0 0 1
237 70.5 0.75 0 0 1
233 72 0.75 0 0 1
234 72 0.75 0 0 1
235 72 0.75 0 0 1
236 72 0.75 0 0 1
237 72 0.75 0 0 1
233 73.5 0.75 0 0 1
234 73.5 0.75 0 0 1
235 73.5 0.75 0 0 1
236 73.5 0.75 0 0 1
237 73.5 0.75 0 0 1
241 67.5 0.75 0 0 1
242 67.5 0.75 0 0 1
243 67.5 0.75 0 0 1
244 67.5 0.75 0 0 1
245 67.5 0.75 0 0 1
241 69 0.75 0 0 1
242 69 0.75 0 0 1
243 69 0.75 0 0 1
244 69 0.75 0 0 1
245 69 0.75 0 0 1
241 70.5 0.75 0 0 1
242 70.5 0.75 0 0 1
243 70.5 0.75 0 0 1
244 70.5 0.75 0 0 1
245 70.5 0.75 0 0 1
241 72 0.75 0 0 1
242 72 0.75 0 0 1
243 72 0.75 0 0 1
244 72 0.75 0 0 1
245 72 0.75 0 0 1
241 73.5 0.75 0 0 1
242 73.5 0.75 0 0 1
243 73.5 0.75 0 0 1
244 73.5 0.75 0 0 1
245 73.5 0.75 0 0 1
249 67.5 0.75 0 0 1
250 67.5 0.75 0 0 1
251 67.5 0.75 0 0 1
252 67.5 0.75 0 0 1
253 67.5 0.75 0 0 1
249 69 0.75 0 0 1
250 69 0.75 0 0 1
251 69 0.75 0 0 1
252 69 0.75 0 0 1
253 69 0.75 0 0 1
249 70.5 0.75 0 0 1
250 70.5 0.75 0 0 1
251 70.5 0.75 0 0 1
252 70.5 0.75 0 0 1
253 70.5 0.75 0 0 1
249 72 0.75 0 0 1
250 72 0.75 0 0 1
251 72 0.75 0 0 1
252 72 0.75 0 0 1
253 72 0.75 0 0 1
249 73.5 0.75 0 0 1
250 73.5 0.75 0 0 1
251 73.5 0.75 0 0 1
252 73.5 0.75 0 0 1
253 73.5 0.75 0 0 1
1 78.5 0.75 0 0 1
2 78.5 0.75 0 0 1
3 78.5 0.75 0 0 1
4 78.5 0.75 0 0 1
5 78.5 0.75 0 0 1
1 80 0.75 0 0 1
2 80 0.75 0 0 1
3 80 0.75 0 0 1
4 80 0.75 0 0 1
5 80 0.75 0 0 1
1 81.5 0.75 0 0 1
2 81.5 0.75 0 0 1
3 81.5 0.75 0 0 1
4 81.5 0.75 0 0 1
5 81.5 0.75 0 0 1
1 83 0.75 0 0 1
2 83 0.75 0 0 1
3 83 0.75 0 0 1
4 83 0.75 0 0 1
5 83 0.75 0 0 1
1 84.5 0.75 0 0 1
2 84.5 0.75 0 0 1
3 84.5 0.75 0 0 1
4 84.5 0.75 0 0 1
5 84.5 0.75 0 0 1
9 78.5 0.75 0 0 1
10 78.5 0.75 0 0 1
11 78.5 0.75 0 0 1
12 78.5 0.75 0 0 1
13 78.5 0.75 0 0 1
9 80 0.75 0 0 1
10 80 0.75 0 0 1
11 80 0.75 0 0 1
12 80 0.75 0 0 1
13 80 0.75 0 0 1
9 81.5 0.75 0 0 1
10 81.5 0.75 0 0 1
11 81.5 0.75 0 0 1
12 81.5 0.75 0 0 1
13 81.5 0.75 0 0 1
9 83 0.75 0 0 1
10 83 0.75 0 0 1
11 83 0.75 0 0 1
12 83 0.75 0 0 1
13 83 0.75 0 0 1
9 84.5 0.75 0 0 1
10 84.5 0.75 0 0 1
11 84.5 0.75 0 0 1
12 84.5 0.75 0 0 1
13 84.5 0.75 0 0 1
17 78.5 0.75 0 0 1
18 78.5 0.75 0 0 1
19 78.5 0.75 0 0 1
20 78.5 0.75 0 0 1
21 78.5 0.75 0 0 1
17 80 0.75 0 0 1
18 80 0.75 0 0 1
19 80 0.75 0 0 1
20 80 0.75 0 0 1
21 80 0.75 0 0 1
17 81.5 0.75 0 0 1
18 81.5 0.75 0 0 1
19 81.5 0.75 0 0 1
20 81.5 0.75 0 0 1
21 81.5 0.75 0 0 1
17 83 0.75 0 0 1
18 83 0.75 0 0 1
19 83 0.75 0 0 1
20 83 0.75 0 0 1
21 83 0.75 0 0 1
17 84.5 0.75 0 0 1
18 84.5 0.75 0 0 1
19 84.5 0.75 0 0 1
20 84.5 0.75 0 0 1
21 84.5 0.75 0 0 1
25 78.5 0.75 0 0 1
26 78.5 0.75 0 0 1
27 78.5 0.75 0 0 1
28 78.5 0.75 0 0 1
29 78.5 0.75 0 0 1
25 80 0.75 0 0 1
26 80 0.75 0 0 1
27 80 0.75 0 0 1
28 80 0.75 0 0 1
29 80 0.75 0 0 1
25 81.5 0.75 0 0 1
26 81.5 0.75 0 0 1
27 81.5 0.75 0 0 1
28 81.5 0.75 0 0 1
29 81.5 0.75 0 0 1
25 83 0.75 0 0 1
26 83 0.75 0 0 1
27 83 0.75 0 0 1
28 83 0.75 0 0 1
29 83 0.75 0 0 1
25 84.5 0.75 0 0 1
26 84.5 0.75 0 0 1
27 84.5 0.75 0 0 1
28 84.5 0.75 0 0 1
29 84.5 0.75 0 0 1
33 78.5 0.75 0 0 1
34 78.5 0.75 0 0 1
35 78.5 0.75 0 0 1
36 78.5 0.75 0 0 1
37 78.5 0.75 0 0 1
33 80 0.75 0 0 1
34 80 0.75 0 0 1
35 80 0.75 0 0 1
36 80 0.75 0 0 1
37 80 0.75 0 0 1
33 81.5 0.75 0 0 1
34 81.5 0.75 0 0 1
35 81.5 0.75 0 0 1
36 81.5 0.75 0 0 1
37 81.5 0.75 0 0 1
33 83 0.75 0 0 1
34 83 0.75 0 0 1
35 83 0.75 0 0 1
36 83 0.75 0 0 1
37 83 0.75 0 0 1
33 84.5 0.75 0 0 1
34 84.5 0.75 0 0 1
35 84.5 0.75 0 0 1
36 84.5 0.75 0 0 1
37 84.5 0.75 0 0 1
41 78.5 0.75 0 0 1
42 78.5 0.75 0 0 1
43 78.5 0.75 0 0 1
44 78.5 0.75 0 0 1
45 78.5 0.75 0 0 1
41 80 0.75 0 0 1
42 80 0.75 0 0 1
43 80 0.75 0 0 1
44 80 0.75 0 0 1
45 80 0.75 0 0 1
41 81.5 0.75 0 0 1
42 81.5 0.75 0 0 1
43 81.5 0.75 0 0 1
44 81.5 0.75 0 0 1
45 81.5 0.75 0 0 1
41 83 0.75 0 0 1
42 83 0.75 0 0 1
43 83 0.75 0 0 1
44 83 0.75 0 0 1
45 83 0.75 0 0 1
41 84.5 0.75 0 0 1
42 84.5 0.75 0 0 1
43 84.5 0.75 0 0 1
44 84.5 0.75 0 0 1
45 84.5 0.75 0 0 1
49 78.5 0.75 0 0 1
50 78.5 0.75 0 0 1
51 78.5 0.75 0 0 1
52 78.5 0.75 0 0 1
53 78.5 0.75 0 0 1
49 80 0.75 0 0 1
50 80 0.75 0 0 1
51 80 0.75 0 0 1
52 80 0.75 0 0 1
53 80 0.75 0 0 1
49 81.5 0.75 0 0 1
50 81.5 0.75 0 0 1
51 81.5 0.75 0 0 1
52 81.5 0.75 0 0 1
53 81.5 0.75 0 0 1
49 83 0.75 0 0 1
50 83 0.75 0 0 1
51 83 0.75 0 0 1
52 83 0.75 0 0 1
53 83 0.75 0 0 1
49 84.5 0.75 0 0 1
50 84.5 0.75 0 0 1
51 84.5 0.75 0 0 1
52 84.5 0.75 0 0 1
53 84.5 0.75 0 0 1
57 78.5 0.75 0 0 1
58 78.5 0.75 0 0 1
59 78.5 0.75 0 0 1
60 78.5 0.75 0 0 1
61 78.5 0.75 0 0 1
57 80 0.75 0 0 1
58 80 0.75 0 0 1
59 80 0.75 0 0 1
60 80 0.75 0 0 1
61 80 0.75 0 0 1
57 81.5 0.75 0 0 1
58 81.5 0.75 0 0 1
59 81.5 0.75 0 0 1
60 81.5 0.75 0 0 1
61 81.5 0.75 0 0 1
57 83 0.75 0 0 1
58 83 0.75 0 0 1
59 83 0.75 0 0 1
60 83 0.75 0 0 1
61 83 0.75 0 0 1
57 84.5 0.75 0 0 1
58 84.5 0.75 0 0 1
59 84.5 0.75 0 0 1
60 84.5 0.75 0 0 1
61 84.5 0.75 0 0 1
65 78.5 0.75 0 0 1
66 78.5 0.75 0 0 1
67 78.5 0.75 0 0 1
68 78.5 0.75 0 0 1
69 78.5 0.75 0 0 1
65 80 0.75 0 0 1
66 80 0.75 0 0 1
67 80 0.75 0 0 1
68 80 0.75 0 0 1
69 80 0.75 0 0 1
65 81.5 0.75 0 0 1
66 81.5 0.75 0 0 1
67 81.5 0.75 0 0 1
68 81.5 0.75 0 0 1
69 81.5 0.75 0 0 1
65 83 0.75 0 0 1
66 83 0.75 0 0 1
67 83 0.75 0 0 1
68 83 0.75 0 0 1
69 83 0.75 0 0 1
65 84.5 0.75 0 0 1
66 84.5 0.75 0 0 1
67 84.5 0.75 0 0 1
68 84.5 0.75 0 0 1
69 84.5 0.75 0 0 1
73 78.5 0.75 0 0 1
74 78.5 0.75 0 0 1
75 78.5 0.75 0 0 1
76 78.5 0.75 0 0 1
77 78.5 0.75 0 0 1
73 80 0.75 0 0 1
74 80 0.75 0 0 1
75 80 0.75 0 0 1
76 80 0.75 0 0 1
77 80 0.75 0 0 1
73 81.5 0.75 0 0 1
74 81.5 0.75 0 0 1
75 81.5 0.75 0 0 1
76 81.5 0.75 0 0 1
77 81.5 0.75 0 0 1
73 83 0.75 0 0 1
74 83 0.75 0 0 1
75 83 0.75 0 0 1
76 83 0.75 0 0 1
77 83 0.75 0 0 1
73 84.5 0.75 0 0 1
74 84.5 0.75 0 0 1
75 84.5 0.75 0 0 1
76 84.5 0.75 0 0 1
77 84.5 0.75 0 0 1
81 78.5 0.75 0 0 1
82 78.5 0.75 0 0 1
83 78.5 0.75 0 0 1
84 78.5 0.75 0 0 1
85 78.5 0.75 0 0 1
81 80 0.75 0 0 1
82 80 0.75 0 0 1
83 80 0.75 0 0 1
84 80 0.75 0 0 1
85 80 0.75 0 0 1
81 81.5 0.75 0 0 1
82 81.5 0.75 0 0 1
83 81.5 0.75 0 0 1
84 81.5 0.75 0 0 1
85 81.5 0.75 0 0 1
81 83 0.75 0 0 1
82 83 0.75 0 0 1
83 83 0.75 0 0 1
84 83 0.75 0 0 1
85 83 0.75 0 0 1
81 84.5 0.75 0 0 1
82 84.5 0.75 0 0 1
83 84.5 0.75 0 0 1
84 84.5 0.75 0 0 1
85 84.5 0.75 0 0 1
89 78.5 0.75 0 0 1
90 78.5 0.75 0 0 1
91 78.5 0.75 0 0 1
92 78.5 0.75 0 0 1
93 78.5 0.75 0 0 1
89 80 0.75 0 0 1
90 80 0.75 0 0 1
91 80 0.75 0 0 1
92 80 0.75 0 0 1
93 80 0.75 0 0 1
89 81.5 0.75 0 0 1
90 81.5 0.75 0 0 1
91 81.5 0.75 0 0 1
92 81.5 0.75 0 0 1
93 81.5 0.75 0 0 1
89 83 0.75 0 0 1
90 83 0.75 0 0 1
91 83 0.75 0 0 1
92 83 0.75 0 0 1
93 83 0.75 0 0 1
89 84.5 0.75 0 0 1
90 84.5 0.75 0 0 1
91 84.5 0.75 0 0 1
92 84.5 0.75 0 0 1
93 84.5 0.75 0 0 1
97 78.5 0.75 0 0 1
98 78.5 0.75 0 0 1
99 78.5 0.75 0 0 1
100 78.5 0.75 0 0 1
101 78.5 0.75 0 0 1
97 80 0.75 0 0 1
98 80 0.75 0 0 1
99 80 0.75 0 0 1
100 80 0.75 0 0 1
101 80 0.75 0 0 1
97 81.5 0.75 0 0 1
98 81.5 0.75 0 0 1
99 81.5 0.75 0 0 1
100 81.5 0.75 0 0 1
101 81.5 0.75 0 0 1
97 83 0.75 0 0 1
98 83 0.75 0 0 1
99 83 0.75 0 0 1
100 83 0.75 0 0 1
101 83 0.75 0 0 1
97 84.5 0.75 0 0 1
98 84.5 0.75 0 0 1
99 84.5 0.75 0 0 1
100 84.5 0.75 0 0 1
101 84.5 0.75 0 0 1
105 78.5 0.75 0 0 1
106 78.5 0.75 0 0 1
107 78.5 0.75 0 0 1
108 78.5 0.75 0 0 1
109 78.5 0.75 0 0 1
105 80 0.75 0 0 1
106 80 0.75 0 0 1
107 80 0.75 0 0 1
108 80 0.75 0 0 1
109 80 0.75 0 0 1
105 81.5 0.75 0 0 1
106 81.5 0.75 0 0 1
107 81.5 0.75 0 0 1
108 81.5 0.75 0 0 1
109 81.5 0.75 0 0 1
105 83 0.75 0 0 1
106 83 0.75 0 0 1
107 83 0.75 0 0 1
108 83 0.75 0 0 1
109 83 0.75 0 0 1
105 84.5 0.75 0 0 1
106 84.5 0.75 0 0 1
107 84.5 0.75 0 0 1
108 84.5 0.75 0 0 1
109 84.5 0.75 0 0 1
113 78.5 0.75 0 0 1
114 78.5 0.75 0 0 1
115 78.5 0.75 0 0 1
116 78.5 0.75 0 0 1
117 78.5 0.75 0 0 1
113 80 0.75 0 0 1
114 80 0.75 0 0 1
115 80 0.75 0 0 1
116 80 0.75 0 0 1
117 80 0.75 0 0 1
113 81.5 0.75 0 0 1
114 81.5 0.75 0 0 1
115 81.5 0.75 0 0 1
116 81.5 0.75 0 0 1
117 81.5 0.75 0 0 1
113 83 0.75 0 0 1
114 83 0.75 0 0 1
115 83 0.75 0 0 1
116 83 0.75 0 0 1
117 83 0.75 0 0 1
113 84.5 0.75 0 0 1
114 84.5 0.75 0 0 1
115 84.5 0.75 0 0 1
116 84.5 0.75 0 0 1
117 84.5 0.75 0 0 1
121 78.5 0.75 0 0 1
122 78.5 0.75 0 0 1
123 78.5 0.75 0 0 1
124 78.5 0.75 0 0 1
125 78.5 0.75 0 0 1
121 80 0.75 0 0 1
122 80 0.75 0 0 1
123 80 0.75 0 0 1
124 80 0.75 0 0 1
125 80 0.75 0 0 1
121 81.5 0.75 0 0 1
122 81.5 0.75 0 0 1
123 81.5 0.75 0 0 1
124 81.5 0.75 0 0 1
125 81.5 0.75 0 0 1
121 83 0.75 0 0 1
122 83 0.75 0 0 1
123 83 0.75 0 0 1
124 83 0.75 0 0 1
125 83 0.75 0 0 1
121 84.5 0.75 0 0 1
122 84.5 0.75 0 0 1
123 84.5 0.75 0 0 1
124 84.5 0.75 0 0 1
125 84.5 0.75 0 0 1
129 78.5 0.75 0 0 1
130 78.5 0.75 0 0 1
131 78.5 0.75 0 0 1
132 78.5 0.75 0 0 1
133 78.5 0.75 0 0 1
129 80 0.75 0 0 1
130 80 0.75 0 0 1
131 80 0.75 0 0 1
132 80 0.75 0 0 1
133 80 0.75 0 0 1
129 81.5 0.75 0 0 1
130 81.5 0.75 0 0 1
131 81.5 0.75 0 0 1
132 81.5 0.75 0 0 1
133 81.5 0.75 0 0 1
129 83 0.75 0 0 1
130 83 0.75 0 0 1
131 83 0.75 0 0 1
132 83 0.75 0 0 1
133 83 0.75 0 0 1
129 84.5 0.75 0 0 1
130 84.5 0.75 0 0 1
131 84.5 0.75 0 0 1
132 84.5 0.75 0 0 1
133 84.5 0.75 0 0 1
137 78.5 0.75 0 0 1
138 78.5 0.75 0 0 1
139 78.5 0.75 0 0 1
140 78.5 0.75 0 0 1
141 78.5 0.75 0 0 1
137 80 0.75 0 0 1
138 80 0.75 0 0 1
139 80 0.75 0 0 1
140 80 0.75 0 0 1
141 80 0.75 0 0 1
137 81.5 0.75 0 0 1
138 81.5 0.75 0 0 1
139 81.5 0.75 0 0 1
140 81.5 0.75 0 0 1
141 81.5 0.75 0 0 1
137 83 0.75 0 0 1
138 83 0.75 0 0 1
139 83 0.75 0 0 1
140 83 0.75 0 0 1
141 83 0.75 0 0 1
137 84.5 0.75 0 0 1
138 84.5 0.75 0 0 1
139 84.5 0.75 0 0 1
140 84.5 0.75 0 0 1
141 84.5 0.75 0 0 1
145 78.5 0.75 0 0 1
146 78.5 0.75 0 0 1
147 78.5 0.75 0 0 1
148 78.5 0.75 0 0 1
149 78.5 0.75 0 0 1
145 80 0.75 0 0 1
146 80 0.75 0 0 1
147 80 0.75 0 0 1
148 80 0.75 0 0 1
149 80 0.75 0 0 1
145 81.5 0.75 0 0 1
146 81.5 0.75 0 0 1
147 81.5 0.75 0 0 1
148 81.5 0.75 0 0 1
149 81.5 0.75 0 0 1
145 83 0.75 0 0 1
146 83 0.75 0 0 1
147 83 0.75 0 0 1
148 83 0.75 0 0 1
149 83 0.75 0 0 1
145 84.5 0.75 0 0 1
146 84.5 0.75 0 0 1
147 84.5 0.75 0 0 1
148 84.5 0.75 0 0 1
149 84.5 0.75 0 0 1
153 78.5 0.75 0 0 1
154 78.5 0.75 0 0 1
155 78.5 0.75 0 0 1
156 78.5 0.75 0 0 1
157 78.5 0.75 0 0 1
153 80 0.75 0 0 1
154 80 0.75 0 0 1
155 80 0.75 0 0 1
156 80 0.75 0 0 1
157 80 0.75 0 0 1
153 81.5 0.75 0 0 1
154 81.5 0.75 0 0 1
155 81.5 0.75 0 0 1
156 81.5 0.75 0 0 1
157 81.5 0.75 0 0 1
153 83 0.75 0 0 1
154 83 0.75 0 0 1
155 83 0.75 0 0 1
156 83 0.75 0 0 1
157 83 0.75 0 0 1
153 84.5 0.75 0 0 1
154 84.5 0.75 0 0 1
155 84.5 0.75 0 0 1
156 84.5 0.75 0 0 1
157 84.5 0.75 0 0 1
161 78.5 0.75 0 0 1
162 78.5 0.75 0 0 1
163 78.5 0.75 0 0 1
164 78.5 0.75 0 0 1
165 78.5 0.75 0 0 1
161 80 0.75 0 0 1
162 80 0.75 0 0 1
163 80 0.75 0 0 1
164 80 0.75 0 0 1
165 80 0.75 0 0 1
161 81.5 0.75 0 0 1
162 81.5 0.75 0 0 1
163 81.5 0.75 0 0 1
164 81.5 0.75 0 0 1
165 81.5 0.75 0 0 1
161 83 0.75 0 0 1
162 83 0.75 0 0 1
163 83 0.75 0 0 1
164 83 0.75 0 0 1
165 83 0.75 0 0 1
161 84.5 0.75 0 0 1
162 84.5 0.75 0 0 1
163 84.5 0.75 0 0 1
164 84.5 0.75 0 0 1
165 84.5 0.75 0 0 1
169 78.5 0.75 0 0 1
170 78.5 0.75 0 0 1
171 78.5 0.75 0 0 1
172 78.5 0.75 0 0 1
173 78.5 0.75 0 0 1
169 80 0.75 0 0 1
170 80 0.75 0 0 1
171 80 0.75 0 0 1
172 80 0.75 0 0 1
173 80 0.75 0 0 1
169 81.5 0.75 0 0 1
170 81.5 0.75 0 0 1
171 81.5 0.75 0 0 1
172 81.5 0.75 0 0 1
173 81.5 0.75 0 0 1
169 83 0.75 0 0 1
170 83 0.75 0 0 1
171 83 0.75 0 0 1
172 83 0.75 0 0 1
173 83 0.75 0 0 1
169 84.5 0.75 0 0 1
170 84.5 0.75 0 0 1
171 84.5 0.75 0 0 1
172 84.5 0.75 0 0 1
173 84.5 0.75 0 0 1
177 78.5 0.75 0 0 1
178 78.5 0.75 0 0 1
179 78.5 0.75 0 0 1
180 78.5 0.75 0 0 1
181 78.5 0.75 0 0 1
177 80 0.75 0 0 1
178 80 0.75 0 0 1
179 80 0.75 0 0 1
180 80 0.75 0 0 1
181 80 0.75 0 0 1
177 81.5 0.75 0 0 1
178 81.5 0.75 0 0 1
179 81.5 0.75 0 0 1
180 81.5 0.75 0 0 1
181 81.5 0.75 0 0 1
177 83 0.75 0 0 1
178 83 0.75 0 0 1
179 83 0.75 0 0 1
180 83 0.75 0 0 1
181 83 0.75 0 0 1
177 84.5 0.75 0 0 1
178 84.5 0.75 0 0 1
179 84.5 0.75 0 0 1
180 84.5 0.75 0 0 1
181 84.5 0.75 0 0 1
185 78.5 0.75 0 0 1
186 78.5 0.75 0 0 1
187 78.5 0.75 0 0 1
188 78.5 0.75 0 0 1
189 78.5 0.75 0 0 1
185 80 0.75 0 0 1
186 80 0.75 0 0 1
187 80 0.75 0 0 1
188 80 0.75 0 0 1
189 80 0.75 0 0 1
185 81.5 0.75 0 0 1
186 81.5 0.75 0 0 1
187 81.5 0.75 0 0 1
188 81.5 0.75 0 0 1
189 81.5 0.75 0 0 1
185 83 0.75 0 0 1
186 83 0.75 0 0 1
187 83 0.75 0 0 1
188 83 0.75 0 0 1
189 83 0.75 0 0 1
185 84.5 0.75 0 0 1
186 84.5 0.75 0 0 1
187 84.5 0.75 0 0 1
188 84.5 0.75 0 0 1
189 84.5 0.75 0 0 1
193 78.5 0.75 0 0 1
194 78.5 0.75 0 0 1
195 78.5 0.75 0 0 1
196 78.5 0.75 0 0 1
197 78.5 0.75 0 0 1
193 80 0.75 0 0 1
194 80 0.75 0 0 1
195 80 0.75 0 0 1
196 80 0.75 0 0 1
197 80 0.75 0 0 1
193 81.5 0.75 0 0 1
194 81.5 0.75 0 0 1
195 81.5 0.75 0 0 1
196 81.5 0.75 0 0 1
197 81.5 0.75 0 0 1
193 83 0.75 0 0 1
194 83 0.75 0 0 1
195 83 0.75 0 0 1
196 83 0.75 0 0 1
197 83 0.75 0 0 1
193 84.5 0.75 0 0 1
194 84.5 0.75 0 0 1
195 84.5 0.75 0 0 1
196 84.5 0.75 0 0 1
197 84.5 0.75 0 0 1
201 78.5 0.75 0 0 1
202 78.5 0.75 0 0 1
203 78.5 0.75 0 0 1
204 78.5 0.75 0 0 1
205 78.5 0.75 0 0 1
201 80 0.75 0 0 1
202 80 0.75 0 0 1
203 80 0.75 0 0 1
204 80 0.75 0 0 1
205 80 0.75 0 0 1
201 81.5 0.75 0 0 1
202 81.5 0.75 0 0 1
203 81.5 0.75 0 0 1
204 81.5 0.75 0 0 1
205 81.5 0.75 0 0 1
201 83 0.75 0 0 1
202 83 0.75 0 0 1
203 83 0.75 0 0 1
204 83 0.75 0 0 1
205 83 0.75 0 0 1
201 84.5 0.75 0 0 1
202 84.5 0.75 0 0 1
203 84.5 0.75 0 0 1
204 84.5 0.75 0 0 1
205 84.5 0.75 0 0 1
209 78.5 0.75 0 0 1
210 78.5 0.75 0 0 1
211 78.5 0.75 0 0 1
212 78.5 0.75 0 0 1
213 78.5 0.75 0 0 1
209 80 0.75 0 0 1
210 80 0.75 0 0 1
211 80 0.75 0 0 1
212 80 0.75 0 0 1
213 80 0.75 0 0 1
209 81.5 0.75 0 0 1
210 81.5 0.75 0 0 1
211 81.5 0.75 0 0 1
212 81.5 0.75 0 0 1
213 81.5 0.75 0 0 1
209 83 0.75 0 0 1
210 83 0.75 0 0 1
211 83 0.75 0 0 1
212 83 0.75 0 0 1
213 83 0.75 0 0 1
209 84.5 0.75 0 0 1
210 84.5 0.75 0 0 1
211 84.5 0.75 0 0 1
212 84.5 0.75 0 0 1
213 84.5 0.75 0 0 1
217 78.5 0.75 0 0 1
218 78.5 0.75 0 0 1
219 78.5 0.75 0 0 1
220 78.5 0.75 0 0 1
221 78.5 0.75 0 0 1
217 80 0.75 0 0 1
218 80 0.75 0 0 1
219 80 0.75 0 0 1
220 80 0.75 0 0 1
221 80 0.75 0 0 1
217 81.5 0.75 0 0 1
218 81.5 0.75 0 0 1
219 81.5 0.75 0 0 1
220 81.5 0.75 0 0 1
221 81.5 0.75 0 0 1
217 83 0.75 0 0 1
218 83 0.75 0 0 1
219 83 0.75 0 0 1
220 83 0.75 0 0 1
221 83 0.75 0 0 1
217 84.5 0.75 0 0 1
218 84.5 0.75 0 0 1
219 84.5 0.75 0 0 1
220 84.5 0.75 0 0 1
221 84.5 0.75 0 0 1
225 78.5 0.75 0 0 1
226 78.5 0.75 0 0 1
227 78.5 0.75 0 0 1
228 78.5 0.75 0 0 1
229 78.5 0.75 0 0 1
225 80 0.75 0 0 1
226 80 0.75 0 0 1
227 80 0.75 0 0 1
228 80 0.75 0 0 1
229 80 0.75 0 0 1
225 81.5 0.75 0 0 1
226 81.5 0.75 0 0 1
227 81.5 0.75 0 0 1
228 81.5 0.75 0 0 1
229 81.5 0.75 0 0 1
225 83 0.75 0 0 1
226 83 0.75 0 0 1
227 83 0.75 0 0 1
228 83 0.75 0 0 1
229 83 0.75 0 0 1
225 84.5 0.75 0 0 1
226 84.5 0.75 0 0 1
227 84.5 0.75 0 0 1
228 84.5 0.75 0 0 1
229 84.5 0.75 0 0 1
233 78.5 0.75 0 0 1
234 78.5 0.75 0 0 1
235 78.5 0.75 0 0 1
236 78.5 0.75 0 0 1
237 78.5 0.75 0 0 1
233 80 0.75 0 0 1
234 80 0.75 0 0 1
235 80 0.75 0 0 1
236 80 0.75 0 0 1
237 80 0.75 0 0 1
233 81.5 0.75 0 0 1
234 81.5 0.75 0 0 1
235 81.5 0.75 0 0 1
236 81.5 0.75 0 0 1
237 81.5 0.75 0 0 1
233 83 0.75 0 0 1
234 83 0.75 0 0 1
235 83 0.75 0 0 1
236 83 0.75 0 0 1
237 83 0.75 0 0 1
233 84.5 0.75 0 0 1
234 84.5 0.75 0 0 1
235 84.5 0.75 0 0 1
236 84.5 0.75 0 0 1
237 84.5 0.75 0 0 1
241 78.5 0.75 0 0 1
242 78.5 0.75 0 0 1
243 78.5 0.75 0 0 1
244 78.5 0.75 0 0 1
245 78.5 0.75 0 0 1
241 80 0.75 0 0 1
242 80 0.75 0 0 1
243 80 0.75 0 0 1
244 80 0.75 0 0 1
245 80 0.75 0 0 1
241 81.5 0.75 0 0 1
242 81.5 0.75 0 0 1
243 81.5 0.75 0 0 1
244 81.5 0.75 0 0 1
245 81.5 0.75 0 0 1
241 83 0.75 0 0 1
242 83 0.75 0 0 1
243 83 0.75 0 0 1
244 83 0.75 0 0 1
245 83 0.75 0 0 1
241 84.5 0.75 0 0 1
242 84.5 0.75 0 0 1
243 84.5 0.75 0 0 1
244 84.5 0.75 0 0 1
245 84.5 0.75 0 0 1
249 78.5 0.75 0 0 1
250 78.5 0.75 0 0 1
251 78.5 0.75 0 0 1
252 78.5 0.75 0 0 1
253 78.5 0.75 0 0 1
249 80 0.75 0 0 1
250 80 0.75 0 0 1
251 80 0.75 0 0 1
252 80 0.75 0 0 1
253 80 0.75 0 0 1
249 81.5 0.75 0 0 1
250 81.5 0.75 0 0 1
251 81.5 0.75 0 0 1
252 81.5 0.75 0 0 1
253 81.5 0.75 0 0 1
249 83 0.75 0 0 1
250 83 0.75 0 0 1
251 83 0.75 0 0 1
252 83 0.75 0 0 1
253 83 0.75 0 0 1
249 84.5 0.75 0 0 1
250 84.5 0.75 0 0 1
251 84.5 0.75 0 0 1
252 84.5 0.75 0 0 1
253 84.5 0.75 0 0 1
1 89.5 0.75 0 0 1
2 89.5 0.75 0 0 1
3 89.5 0.75 0 0 1
4 89.5 0.75 0 0 1
5 89.5 0.75 0 0 1
1 91 0.75 0 0 1
2 91 0.75 0 0 1
3 91 0.75 0 0 1
4 91 0.75 0 0 1
5 91 0.75 0 0 1
1 92.5 0.75 0 0 1
2 92.5 0.75 0 0 1
3 92.5 0.75 0 0 1
4 92.5 0.75 0 0 1
5 92.5 0.75 0 0 1
1 94 0.75 0 0 1
2 94 0.75 0 0 1
3 94 0.75 0 0 1
4 94 0.75 0 0 1
5 94 0.75 0 0 1
1 95.5 0.75 0 0 1
2 95.5 0.75 0 0 1
3 95.5 0.75 0 0 1
4 95.5 0.75 0 0 1
5 95.5 0.75 0 0 1
9 89.5 0.75 0 0 1
10 89.5 0.75 0 0 1
11 89.5 0.75 0 0 1
12 89.5 0.75 0 0 1
13 89.5 0.75 0 0 1
9 91 0.75 0 0 1
10 91 0.75 0 0 1
11 91 0.75 0 0 1
12 91 0.75 0 0 1
13 91 0.75 0 0 1
9 92.5 0.75 0 0 1
10 92.5 0.75 0 0 1
11 92.5 0.75 0 0 1
12 92.5 0.75 0 0 1
13 92.5 0.75 0 0 1
9 94 0.75 0 0 1
10 94 0.75 0 0 1
11 94 0.75 0 0 1
12 94 0.75 0 0 1
13 94 0.75 0 0 1
9 95.5 0.75 0 0 1
10 95.5 0.75 0 0 1
11 95.5 0.75 0 0 1
12 95.5 0.75 0 0 1
13 95.5 0.75 0 0 1
17 89.5 0.75 0 0 1
18 89.5 0.75 0 0 1
19 89.5 0.75 0 0 1
20 89.5 0.75 0 0 1
21 89.5 0.75 0 0 1
17 91 0.75 0 0 1
18 91 0.75 0 0 1
19 91 0.75 0 0 1
20 91 0.75 0 0 1
21 91 0.75 0 0 1
17 92.5 0.75 0 0 1
18 92.5 0.75 0 0 1
19 92.5 0.75 0 0 1
20 92.5 0.75 0 0 1
21 92.5 0.75 0 0 1
17 94 0.75 0 0 1
18 94 0.75 0 0 1
19 94 0.75 0 0 1
20 94 0.75 0 0 1
21 94 0.75 0 0 1
17 95.5 0.75 0 0 1
18 95.5 0.75 0 0 1
19 95.5 0.75 0 0 1
20 95.5 0.75 0 0 1
21 95.5 0.75 0 0 1
25 89.5 0.75 0 0 1
26 89.5 0.75 0 0 1
27 89.5 0.75 0 0 1
28 89.5 0.75 0 0 1
29 89.5 0.75 0 0 1
25 91 0.75 0 0 1
26 91 0.75 0 0 1
27 91 0.75 0 0 1
28 91 0.75 0 0 1
29 91 0.75 0 0 1
25 92.5 0.75 0 0 1
26 92.5 0.75 0 0 1
27 92.5 0.75 0 0 1
28 92.5 0.75 0 0 1
29 92.5 0.75 0 0 1
25 94 0.75 0 0 1
26 94 0.75 0 0 1
27 94 0.75 0 0 1
28 94 0.75 0 0 1
29 94 0.75 0 0 1
25 95.5 0.75 0 0 1
26 95.5 0.75 0 0 1
27 95.5 0.75 0 0 1
28 95.5 0.75 0 0 1
29 95.5 0.75 0 0 1
33 89.5 0.75 0 0 1
34 89.5 0.75 0 0 1
35 89.5 0.75 0 0 1
36 89.5 0.75 0 0 1
37 89.5 0.75 0 0 1
33 91 0.75 0 0 1
34 91 0.75 0 0 1
35 91 0.75 0 0 1
36 91 0.75 0 0 1
37 91 0.75 0 0 1
33 92.5 0.75 0 0 1
34 92.5 0.75 0 0 1
35 92.5 0.75 0 0 1
36 92.5 0.75 0 0 1
37 92.5 0.75 0 0 1
33 94 0.75 0 0 1
34 94 0.75 0 0 1
35 94 0.75 0 0 1
36 94 0.75 0 0 1
37 94 0.75 0 0 1
33 95.5 0.75 0 0 1
34 95.5 0.75 0 0 1
35 95.5 0.75 0 0 1
36 95.5 0.75 0 0 1
37 95.5 0.75 0 0 1
41 89.5 0.75 0 0 1
42 89.5 0.75 0 0 1
43 89.5 0.75 0 0 1
44 89.5 0.75 0 0 1
45 89.5 0.75 0 0 1
41 91 0.75 0 0 1
42 91 0.75 0 0 1
43 91 0.75 0 0 1
44 91 0.75 0 0 1
45 91 0.75 0 0 1
41 92.5 0.75 0 0 1
42 92.5 0.75 0 0 1
43 92.5 0.75 0 0 1
44 92.5 0.75 0 0 1
45 92.5 0.75 0 0 1
41 94 0.75 0 0 1
42 94 0.75 0 0 1
43 94 0.75 0 0 1
44 94 0.75 0 0 1
45 94 0.75 0 0 1
41 95.5 0.75 0 0 1
42 95.5 0.75 0 0 1
43 95.5 0.75 0 0 1
44 95.5 0.75 0 0 1
45 95.5 0.75 0 0 1
49 89.5 0.75 0 0 1
50 89.5 0.75 0 0 1
51 89.5 0.75 0 0 1
52 89.5 0.75 0 0 1
53 89.5 0.75 0 0 1
49 91 0.75 0 0 1
50 91 0.75 0 0 1
51 91 0.75 0 0 1
52 91 0.75 0 0 1
53 91 0.75 0 0 1
49 92.5 0.75 0 0 1
50 92.5 0.75 0 0 1
51 92.5 0.75 0 0 1
52 92.5 0.75 0 0 1
53 92.5 0.75 0 0 1
49 94 0.75 0 0 1
50 94 0.75 0 0 1
51 94 0.75 0 0 1
52 94 0.75 0 0 1
53 94 0.75 0 0 1
49 95.5 0.75 0 0 1
50 95.5 0.75 0 0 1
51 95.5 0.75 0 0 1
52 95.5 0.75 0 0 1
53 95.5 0.75 0 0 1
57 89.5 0.75 0 0 1
58 89.5 0.75 0 0 1
59 89.5 0.75 0 0 1
60 89.5 0.75 0 0 1
61 89.5 0.75 0 0 1
57 91 0.75 0 0 1
58 91 0.75 0 0 1
59 91 0.75 0 0 1
60 91 0.75 0 0 1
61 91 0.75 0 0 1
57 92.5 0.75 0 0 1
58 92.5 0.75 0 0 1
59 92.5 0.75 0 0 1
60 92.5 0.75 0 0 1
61 92.5 0.75 0 0 1
57 94 0.75 0 0 1
58 94 0.75 0 0 1
59 94 0.75 0 0 1
60 94 0.75 0 0 1
61 94 0.75 0 0 1
57 95.5 0.75 0 0 1
58 95.5 0.75 0 0 1
59 95.5 0.75 0 0 1
60 95.5 0.75 0 0 1
61 95.5 0.75 0 0 1
65 89.5 0.75 0 0 1
66 89.5 0.75 0 0 1
67 89.5 0.75 0 0 1
68 89.5 0.75 0 0 1
69 89.5 0.75 0 0 1
65 91 0.75 0 0 1
66 91 0.75 0 0 1
67 91 0.75 0 0 1
68 91 0.75 0 0 1
69 91 0.75 0 0 1
65 92.5 0.75 0 0 1
66 92.5 0.75 0 0 1
67 92.5 0.75 0 0 1
68 92.5 0.75 0 0 1
69 92.5 0.75 0 0 1
65 94 0.75 0 0 1
66 94 0.75 0 0 1
67 94 0.75 0 0 1
68 94 0.75 0 0 1
69 94 0.75 0 0 1
65 95.5 0.75 0 0 1
66 95.5 0.75 0 0 1
67 95.5 0.75 0 0 1
68 95.5 0.75 0 0 1
69 95.5 0.75 0 0 1
73 89.5 0.75 0 0 1
74 89.5 0.75 0 0 1
75 89.5 0.75 0 0 1
76 89.5 0.75 0 0 1
77 89.5 0.75 0 0 1
73 91 0.75 0 0 1
74 91 0.75 0 0 1
75 91 0.75 0 0 1
76 91 0.75 0 0 1
77 91 0.75 0 0 1
73 92.5 0.75 0 0 1
74 92.5 0.75 0 0 1
75 92.5 0.75 0 0 1
76 92.5 0.75 0 0 1
77 92.5 0.75 0 0 1
73 94 0.75 0 0 1
74 94 0.75 0 0 1
75 94 0.75 0 0 1
76 94 0.75 0 0 1
77 94 0.75 0 0 1
73 95.5 0.75 0 0 1
74 95.5 0.75 0 0 1
75 95.5 0.75 0 0 1
76 95.5 0.75 0 0 1
77 95.5 0.75 0 0 1
81 89.5 0.75 0 0 1
82 89.5 0.75 0 0 1
83 89.5 0.75 0 0 1
84 89.5 0.75 0 0 1
85 89.5 0.75 0 0 1
81 91 0.75 0 0 1
82 91 0.75 0 0 1
83 91 0.75 0 0 1
84 91 0.75 0 0 1
85 91 0.75 0 0 1
81 92.5 0.75 0 0 1
82 92.5 0.75 0 0 1
83 92.5 0.75 0 0 1
84 92.5 0.75 0 0 1
85 92.5 0.75 0 0 1
81 94 0.75 0 0 1
82 94 0.75 0 0 1
83 94 0.75 0 0 1
84 94 0.75 0 0 1
85 94 0.75 0 0 1
81 95.5 0.75 0 0 1
82 95.5 0.75 0 0 1
83 95.5 0.75 0 0 1
84 95.5 0.75 0 0 1
85 95.5 0.75 0 0 1
89 89.5 0.75 0 0 1
90 89.5 0.75 0 0 1
91 89.5 0.75 0 0 1
92 89.5 0.75 0 0 1
93 89.5 0.75 0 0 1
89 91 0.75 0 0 1
90 91 0.75 0 0 1
91 91 0.75 0 0 1
92 91 0.75 0 0 1
93 91 0.75 0 0 1
89 92.5 0.75 0 0 1
90 92.5 0.75 0 0 1
91 92.5 0.75 0 0 1
92 92.5 0.75 0 0 1
93 92.5 0.75 0 0 1
89 94 0.75 0 0 1
90 94 0.75 0 0 1
91 94 0.75 0 0 1
92 94 0.75 0 0 1
93 94 0.75 0 0 1
89 95.5 0.75 0 0 1
90 95.5 0.75 0 0 1
91 95.5 0.75 0 0 1
92 95.5 0.75 0 0 1
93 95.5 0.75 0 0 1
97 89.5 0.75 0 0 1
98 89.5 0.75 0 0 1
99 89.5 0.75 0 0 1
100 89.5 0.75 0 0 1
101 89.5 0.75 0 0 1
97 91 0.75 0 0 1
98 91 0.75 0 0 1
99 91 0.75 0 0 1
100 91 0.75 0 0 1
101 91 0.75 0 0 1
97 92.5 0.75 0 0 1
98 92.5 0.75 0 0 1
99 92.5 0.75 0 0 1
100 92.5 0.75 0 0 1
101 92.5 0.75 0 0 1
97 94 0.75 0 0 1
98 94 0.75 0 0 1
99 94 0.75 0 0 1
100 94 0.75 0 0 1
101 94 0.75 0 0 1
97 95.5 0.75 0 0 1
98 95.5 0.75 0 0 1
99 95.5 0.75 0 0 1
100 95.5 0.75 0 0 1
101 95.5 0.75 0 0 1
105 89.5 0.75 0 0 1
106 89.5 0.75 0 0 1
107 89.5 0.75 0 0 1
108 89.5 0.75 0 0 1
109 89.5 0.75 0 0 1
105 91 0.75 0 0 1
106 91 0.75 0 0 1
107 91 0.75 0 0 1
108 91 0.75 0 0 1
109 91 0.75 0 0 1
105 92.5 0.75 0 0 1
106 92.5 0.75 0 0 1
107 92.5 0.75 0 0 1
108 92.5 0.75 0 0 1
109 92.5 0.75 0 0 1
105 94 0.75 0 0 1
106 94 0.75 0 0 1
107 94 0.75 0 0 1
108 94 0.75 0 0 1
109 94 0.75 0 0 1
105 95.5 0.75 0 0 1
106 95.5 0.75 0 0 1
107 95.5 0.75 0 0 1
108 95.5 0.75 0 0 1
109 95.5 0.75 0 0 1
113 89.5 0.75 0 0 1
114 89.5 0.75 0 0 1
115 89.5 0.75 0 0 1
116 89.5 0.75 0 0 1
117 89.5 0.75 0 0 1
113 91 0.75 0 0 1
114 91 0.75 0 0 1
115 91 0.75 0 0 1
116 91 0.75 0 0 1
117 91 0.75 0 0 1
113 92.5 0.75 0 0 1
114 92.5 0.75 0 0 1
115 92.5 0.75 0 0 1
116 92.5 0.75 0 0 1
117 92.5 0.75 0 0 1
113 94 0.75 0 0 1
114 94 0.75 0 0 1
115 94 0.75 0 0 1
116 94 0.75 0 0 1
117 94 0.75 0 0 1
113 95.5 0.75 0 0 1
114 95.5 0.75 0 0 1
115 95.5 0.75 0 0 1
116 95.5 0.75 0 0 1
117 95.5 0.75 0 0 1
121 89.5 0.75 0 0 1
122 89.5 0.75 0 0 1
123 89.5 0.75 0 0 1
124 89.5 0.75 0 0 1
125 89.5 0.75 0 0 1
121 91 0.75 0 0 1
122 91 0.75 0 0 1
123 91 0.75 0 0 1
124 91 0.75 0 0 1
125 91 0.75 0 0 1
121 92.5 0.75 0 0 1
122 92.5 0.75 0 0 1
123 92.5 0.75 0 0 1
124 92.5 0.75 0 0 1
125 92.5 0.75 0 0 1
121 94 0.75 0 0 1
122 94 0.75 0 0 1
123 94 0.75 0 0 1
124 94 0.75 0 0 1
125 94 0.75 0 0 1
121 95.5 0.75 0 0 1
122 95.5 0.75 0 0 1
123 95.5 0.75 0 0 1
124 95.5 0.75 0 0 1
125 95.5 0.75 0 0 1
129 89.5 0.75 0 0 1
130 89.5 0.75 0 0 1
131 89.5 0.75 0 0 1
132 89.5 0.75 0 0 1
133 89.5 0.75 0 0 1
129 91 0.75 0 0 1
130 91 0.75 0 0 1
131 91 0.75 0 0 1
132 91 0.75 0 0 1
133 91 0.75 0 0 1
129 92.5 0.75 0 0 1
130 92.5 0.75 0 0 1
131 92.5 0.75 0 0 1
132 92.5 0.75 0 0 1
133 92.5 0.75 0 0 1
129 94 0.75 0 0 1
130 94 0.75 0 0 1
131 94 0.75 0 0 1
132 94 0.75 0 0 1
133 94 0.75 0 0 1
129 95.5 0.75 0 0 1
130 95.5 0.75 0 0 1
131 95.5 0.75 0 0 1
132 95.5 0.75 0 0 1
133 95.5 0.75 0 0 1
137 89.5 0.75 0 0 1
138 89.5 0.75 0 0 1
139 89.5 0.75 0 0 1
140 89.5 0.75 0 0 1
141 89.5 0.75 0 0 1
137 91 0.75 0 0 1
138 91 0.75 0 0 1
139 91 0.75 0 0 1
140 91 0.75 0 0 1
141 91 0.75 0 0 1
137 92.5 0.75 0 0 1
138 92.5 0.75 0 0 1
139 92.5 0.75 0 0 1
140 92.5 0.75 0 0 1
141 92.5 0.75 0 0 1
137 94 0.75 0 0 1
138 94 0.75 0 0 1
139 94 0.75 0 0 1
140 94 0.75 0 0 1
141 94 0.75 0 0 1
137 95.5 0.75 0 0 1
138 95.5 0.75 0 0 1
139 95.5 0.75 0 0 1
140 95.5 0.75 0 0 1
141 95.5 0.75 0 0 1
145 89.5 0.75 0 0 1
146 89.5 0.75 0 0 1
147 89.5 0.75 0 0 1
148 89.5 0.75 0 0 1
149 89.5 0.75 0 0 1
145 91 0.75 0 0 1
146 91 0.75 0 0 1
147 91 0.75 0 0 1
148 91 0.75 0 0 1
149 91 0.75 0 0 1
145 92.5 0.75 0 0 1
146 92.5 0.75 0 0 1
147 92.5 0.75 0 0 1
148 92.5 0.75 0 0 1
149 92.5 0.75 0 0 1
145 94 0.75 0 0 1
146 94 0.75 0 0 1
147 94 0.75 0 0 1
148 94 0.75 0 0 1
149 94 0.75 0 0 1
145 95.5 0.75 0 0 1
146 95.5 0.75 0 0 1
147 95.5 0.75 0 0 1
148 95.5 0.75 0 0 1
149 95.5 0.75 0 0 1
153 89.5 0.75 0 0 1
154 89.5 0.75 0 0 1
155 89.5 0.75 0 0 1
156 89.5 0.75 0 0 1
157 89.5 0.75 0 0 1
153 91 0.75 0 0 1
154 91 0.75 0 0 1
155 91 0.75 0 0 1
156 91 0.75 0 0 1
157 91 0.75 0 0 1
153 92.5 0.75 0 0 1
154 92.5 0.75 0 0 1
155 92.5 0.75 0 0 1
156 92.5 0.75 0 0 1
157 92.5 0.75 0 0 1
153 94 0.75 0 0 1
154 94 0.75 0 0 1
155 94 0.75 0 0 1
156 94 0.75 0 0 1
157 94 0.75 0 0 1
153 95.5 0.75 0 0 1
154 95.5 0.75 0 0 1
155 95.5 0.75 0 0 1
156 95.5 0.75 0 0 1
157 95.5 0.75 0 0 1
161 89.5 0.75 0 0 1
162 89.5 0.75 0 0 1
163 89.5 0.75 0 0 1
164 89.5 0.75 0 0 1
165 89.5 0.75 0 0 1
161 91 0.75 0 0 1
162 91 0.75 0 0 1
163 91 0.75 0 0 1
164 91 0.75 0 0 1
165 91 0.75 0 0 1
161 92.5 0.75 0 0 1
162 92.5 0.75 0 0 1
163 92.5 0.75 0 0 1
164 92.5 0.75 0 0 1
165 92.5 0.75 0 0 1
161 94 0.75 0 0 1
162 94 0.75 0 0 1
163 94 0.75 0 0 1
164 94 0.75 0 0 1
165 94 0.75 0 0 1
161 95.5 0.75 0 0 1
162 95.5 0.75 0 0 1
163 95.5 0.75 0 0 1
164 95.5 0.75 0 0 1
165 95.5 0.75 0 0 1
169 89.5 0.75 0 0 1
170 89.5 0.75 0 0 1
171 89.5 0.75 0 0 1
172 89.5 0.75 0 0 1
173 89.5 0.75 0 0 1
169 91 0.75 0 0 1
170 91 0.75 0 0 1
171 91 0.75 0 0 1
172 91 0.75 0 0 1
173 91 0.75 0 0 1
169 92.5 0.75 0 0 1
170 92.5 0.75 0 0 1
171 92.5 0.75 0 0 1
172 92.5 0.75 0 0 1
173 92.5 0.75 0 0 1
169 94 0.75 0 0 1
170 94 0.75 0 0 1
171 94 0.75 0 0 1
172 94 0.75 0 0 1
173 94 0.75 0 0 1
169 95.5 0.75 0 0 1
170 95.5 0.75 0 0 1
171 95.5 0.75 0 0 1
172 95.5 0.75 0 0 1
173 95.5 0.75 0 0 1
177 89.5 0.75 0 0 1
178 89.5 0.75 0 0 1
179 89.5 0.75 0 0 1
180 89.5 0.75 0 0 1
181 89.5 0.75 0 0 1
177 91 0.75 0 0 1
178 91 0.75 0 0 1
179 91 0.75 0 0 1
180 91 0.75 0 0 1
181 91 0.75 0 0 1
177 92.5 0.75 0 0 1
178 92.5 0.75 0 0 1
179 92.5 0.75 0 0 1
180 92.5 0.75 0 0 1
181 92.5 0.75 0 0 1
177 94 0.75 0 0 1
178 94 0.75 0 0 1
179 94 0.75 0 0 1
180 94 0.75 0 0 1
181 94 0.75 0 0 1
177 95.5 0.75 0 0 1
178 95.5 0.75 0 0 1
179 95.5 0.75 0 0 1
180 95.5 0.75 0 0 1
181 95.5 0.75 0 0 1
185 89.5 0.75 0 0 1
186 89.5 0.75 0 0 1
187 89.5 0.75 0 0 1
188 89.5 0.75 0 0 1
189 89.5 0.75 0 0 1
185 91 0.75 0 0 1
186 91 0.75 0 0 1
187 91 0.75 0 0 1
188 91 0.75 0 0 1
189 91 0.75 0 0 1
185 92.5 0.75 0 0 1
186 92.5 0.75 0 0 1
187 92.5 0.75 0 0 1
188 92.5 0.75 0 0 1
189 92.5 0.75 0 0 1
185 94 0.75 0 0 1
186 94 0.75 0 0 1
187 94 0.75 0 0 1
188 94 0.75 0 0 1
189 94 0.75 0 0 1
185 95.5 0.75 0 0 1
186 95.5 0.75 0 0 1
187 95.5 0.75 0 0 1
188 95.5 0.75 0 0 1
189 95.5 0.75 0 0 1
193 89.5 0.75 0 0 1
194 89.5 0.75 0 0 1
195 89.5 0.75 0 0 1
196 89.5 0.75 0 0 1
197 89.5 0.75 0 0 1
193 91 0.75 0 0 1
194 91 0.75 0 0 1
195 91 0.75 0 0 1
196 91 0.75 0 0 1
197 91 0.75 0 0 1
193 92.5 0.75 0 0 1
194 92.5 0.75 0 0 1
195 92.5 0.75 0 0 1
196 92.5 0.75 0 0 1
197 92.5 0.75 0 0 1
193 94 0.75 0 0 1
194 94 0.75 0 0 1
195 94 0.75 0 0 1
196 94 0.75 0 0 1
197 94 0.75 0 0 1
193 95.5 0.75 0 0 1
194 95.5 0.75 0 0 1
195 95.5 0.75 0 0 1
196 95.5 0.75 0 0 1
197 95.5 0.75 0 0 1
201 89.5 0.75 0 0 1
202 89.5 0.75 0 0 1
203 89.5 0.75 0 0 1
204 89.5 0.75 0 0 1
205 89.5 0.75 0 0 1
201 91 0.75 0 0 1
202 91 0.75 0 0 1
203 91 0.75 0 0 1
204 91 0.75 0 0 1
205 91 0.75 0 0 1
201 92.5 0.75 0 0 1
202 92.5 0.75 0 0 1
203 92.5 0.75 0 0 1
204 92.5 0.75 0 0 1
205 92.5 0.75 0 0 1
201 94 0.75 0 0 1
202 94 0.75 0 0 1
203 94 0.75 0 0 1
204 94 0.75 0 0 1
205 94 0.75 0 0 1
201 95.5 0.75 0 0 1
202 95.5 0.75 0 0 1
203 95.5 0.75 0 0 1
204 95.5 0.75 0 0 1
205 95.5 0.75 0 0 1
209 89.5 0.75 0 0 1
210 89.5 0.75 0 0 1
211 89.5 0.75 0 0 1
212 89.5 0.75 0 0 1
213 89.5 0.75 0 0 1
209 91 0.75 0 0 1
210 91 0.75 0 0 1
211 91 0.75 0 0 1
212 91 0.75 0 0 1
213 91 0.75 0 0 1
209 92.5 0.75 0 0 1
210 92.5 0.75 0 0 1
211 92.5 0.75 0 0 1
212 92.5 0.75 0 0 1
213 92.5 0.75 0 0 1
209 94 0.75 0 0 1
210 94 0.75 0 0 1
211 94 0.75 0 0 1
212 94 0.75 0 0 1
213 94 0.75 0 0 1
209 95.5 0.75 0 0 1
210 95.5 0.75 0 0 1
211 95.5 0.75 0 0 1
212 95.5 0.75 0 0 1
213 95.5 0.75 0 0 1
217 89.5 0.75 0 0 1
218 89.5 0.75 0 0 1
219 89.5 0.75 0 0 1
220 89.5 0.75 0 0 1
221 89.5 0.75 0 0 1
217 91 0.75 0 0 1
218 91 0.75 0 0 1
219 91 0.75 0 0 1
220 91 0.75 0 0 1
221 91 0.75 0 0 1
217 92.5 0.75 0 0 1
218 92.5 0.75 0 0 1
219 92.5 0.75 0 0 1
220 92.5 0.75 0 0 1
221 92.5 0.75 0 0 1
217 94 0.75 0 0 1
218 94 0.75 0 0 1
219 94 0.75 0 0 1
220 94 0.75 0 0 1
221 94 0.75 0 0 1
217 95.5 0.75 0 0 1
218 95.5 0.75 0 0 1
219 95.5 0.75 0 0 1
220 95.5 0.75 0 0 1
221 95.5 0.75 0 0 1
225 89.5 0.75 0 0 1
226 89.5 0.75 0 0 1
227 89.5 0.75 0 0 1
228 89.5 0.75 0 0 1
229 89.5 0.75 0 0 1
225 91 0.75 0 0 1
226 91 0.75 0 0 1
227 91 0.75 0 0 1
228 91 0.75 0 0 1
229 91 0.75 0 0 1
225 92.5 0.75 0 0 1
226 92.5 0.75 0 0 1
227 92.5 0.75 0 0 1
228 92.5 0.75 0 0 1
229 92.5 0.75 0 0 1
225 94 0.75 0 0 1
226 94 0.75 0 0 1
227 94 0.75 0 0 1
228 94 0.75 0 0 1
229 94 0.75 0 0 1
225 95.5 0.75 0 0 1
226 95.5 0.75 0 0 1
227 95.5 0.75 0 0 1
228 95.5 0.75 0 0 1
229 95.5 0.75 0 0 1
233 89.5 0.75 0 0 1
234 89.5 0.75 0 0 1
235 89.5 0.75 0 0 1
236 89.5 0.75 0 0 1
237 89.5 0.75 0 0 1
233 91 0.75 0 0 1
234 91 0.75 0 0 1
235 91 0.75 0 0 1
236 91 0.75 0 0 1
237 91 0.75 0 0 1
233 92.5 0.75 0 0 1
234 92.5 0.75 0 0 1
235 92.5 0.75 0 0 1
236 92.5 0.75 0 0 1
237 92.5 0.75 0 0 1
233 94 0.75 0 0 1
234 94 0.75 0 0 1
235 94 0.75 0 0 1
236 94 0.75 0 0 1
237 94 0.75 0 0 1
233 95.5 0.75 0 0 1
234 95.5 0.75 0 0 1
235 95.5 0.75 0 0 1
236 95.5 0.75 0 0 1
237 95.5 0.75 0 0 1
241 89.5 0.75 0 0 1
242 89.5 0.75 0 0 1
243 89.5 0.75 0 0 1
244 89.5 0.75 0 0 1
245 89.5 0.75 0 0 1
241 91 0.75 0 0 1
242 91 0.75 0 0 1
243 91 0.75 0 0 1
244 91 0.75 0 0 1
245 91 0.75 0 0 1
241 92.5 0.75 0 0 1
242 92.5 0.75 0 0 1
243 92.5 0.75 0 0 1
244 92.5 0.75 0 0 1
245 92.5 0.75 0 0 1
241 94 0.75 0 0 1
242 94 0.75 0 0 1
243 94 0.75 0 0 1
244 94 0.75 0 0 1
245 94 0.75 0 0 1
241 95.5 0.75 0 0 1
242 95.5 0.75 0 0 1
243 95.5 0.75 0 0 1
244 95.5 0.75 0 0 1
245 95.5 0.75 0 0 1
249 89.5 0.75 0 0 1
250 89.5 0.75 0 0 1
251 89.5 0.75 0 0 1
252 89.5 0.75 0 0 1
253 89.5 0.75 0 0 1
249 91 0.75 0 0 1
250 91 0.75 0 0 1
251 91 0.75 0 0 1
252 91 0.75 0 0 1
253 91 0.75 0 0 1
249 92.5 0.75 0 0 1
250 92.5 0.75 0 0 1
251 92.5 0.75 0 0 1
252 92.5 0.75 0 0 1
253 92.5 0.75 0 0 1
249 94 0.75 0 0 1
250 94 0.75 0 0 1
251 94 0.75 0 0 1
252 94 0.75 0 0 1
253 94 0.75 0 0 1
249 95.5 0.75 0 0 1
250 95.5 0.75 0 0 1
251 95.5 0.75 0 0 1
252 95.5 0.75 0 0 1
253 95.5 0.75 0 0 1
1 100.5 0.75 0 0 1
2 100.5 0.75 0 0 1
3 100.5 0.75 0 0 1
4 100.5 0.75 0 0 1
5 100.5 0.75 0 0 1
1 102 0.75 0 0 1
2 102 0.75 0 0 1
3 102 0.75 0 0 1
4 102 0.75 0 0 1
5 102 0.75 0 0 1
1 103.5 0.75 0 0 1
2 103.5 0.75 0 0 1
3 103.5 0.75 0 0 1
4 103.5 0.75 0 0 1
5 103.5 0.75 0 0 1
1 105 0.75 0 0 1
2 105 0.75 0 0 1
3 105 0.75 0 0 1
4 105 0.75 0 0 1
5 105 0.75 0 0 1
1 106.5 0.75 0 0 1
2 106.5 0.75 0 0 1
3 106.5 0.75 0 0 1
4 106.5 0.75 0 0 1
5 106.5 0.75 0 0 1
9 100.5 0.75 0 0 1
10 100.5 0.75 0 0 1
11 100.5 0.75 0 0 1
12 100.5 0.75 0 0 1
13 100.5 0.75 0 0 1
9 102 0.75 0 0 1
10 102 0.75 0 0 1
11 102 0.75 0 0 1
12 102 0.75 0 0 1
13 102 0.75 0 0 1
9 103.5 0.75 0 0 1
10 103.5 0.75 0 0 1
11 103.5 0.75 0 0 1
12 103.5 0.75 0 0 1
13 103.5 0.75 0 0 1
9 105 0.75 0 0 1
10 105 0.75 0 0 1
11 105 0.75 0 0 1
12 105 0.75 0 0 1
13 105 0.75 0 0 1
9 106.5 0.75 0 0 1
10 106.5 0.75 0 0 1
11 106.5 0.75 0 0 1
12 106.5 0.75 0 0 1
13 106.5 0.75 0 0 1
17 100.5 0.75 0 0 1
18 100.5 0.75 0 0 1
19 100.5 0.75 0 0 1
20 100.5 0.75 0 0 1
21 100.5 0.75 0 0 1
17 102 0.75 0 0 1
18 102 0.75 0 0 1
19 102 0.75 0 0 1
20 102 0.75 0 0 1
21 102 0.75 0 0 1
17 103.5 0.75 0 0 1
18 103.5 0.75 0 0 1
19 103.5 0.75 0 0 1
20 103.5 0.75 0 0 1
21 103.5 0.75 0 0 1
17 105 0.75 0 0 1
18 105 0.75 0 0 1
19 105 0.75 0 0 1
20 105 0.75 0 0 1
21 105 0.75 0 0 1
17 106.5 0.75 0 0 1
18 106.5 0.75 0 0 1
19 106.5 0.75 0 0 1
20 106.5 0.75 0 0 1
21 106.5 0.75 0 0 1
25 100.5 0.75 0 0 1
26 100.5 0.75 0 0 1
27 100.5 0.75 0 0 1
28 100.5 0.75 0 0 1
29 100.5 0.75 0 0 1
25 102 0.75 0 0 1
26 102 0.75 0 0 1
27 102 0.75 0 0 1
28 102 0.75 0 0 1
29 102 0.75 0 0 1
25 103.5 0.75 0 0 1
26 103.5 0.75 0 0 1
27 103.5 0.75 0 0 1
28 103.5 0.75 0 0 1
29 103.5 0.75 0 0 1
25 105 0.75 0 0 1
26 105 0.75 0 0 1
27 105 0.75 0 0 1
28 105 0.75 0 0 1
29 105 0.75 0 0 1
25 106.5 0.75 0 0 1
26 106.5 0.75 0 0 1
27 106.5 0.75 0 0 1
28 106.5 0.75 0 0 1
29 106.5 0.75 0 0 1
33 100.5 0.75 0 0 1
34 100.5 0.75 0 0 1
35 100.5 0.75 0 0 1
36 100.5 0.75 0 0 1
37 100.5 0.75 0 0 1
33 102 0.75 0 0 1
34 102 0.75 0 0 1
35 102 0.75 0 0 1
36 102 0.75 0 0 1
37 102 0.75 0 0 1
33 103.5 0.75 0 0 1
34 103.5 0.75 0 0 1
35 103.5 0.75 0 0 1
36 103.5 0.75 0 0 1
37 103.5 0.75 0 0 1
33 105 0.75 0 0 1
34 105 0.75 0 0 1
35 105 0.75 0 0 1
36 105 0.75 0 0 1
37 105 0.75 0 0 1
33 106.5 0.75 0 0 1
34 106.5 0.75 0 0 1
35 106.5 0.75 0 0 1
36 106.5 0.75 0 0 1
37 106.5 0.75 0 0 1
41 100.5 0.75 0 0 1
42 100.5 0.75 0 0 1
43 100.5 0.75 0 0 1
44 100.5 0.75 0 0 1
45 100.5 0.75 0 0 1
41 102 0.75 0 0 1
42 102 0.75 0 0 1
43 102 0.75 0 0 1
44 102 0.75 0 0 1
45 102 0.75 0 0 1
41 103.5 0.75 0 0 1
42 103.5 0.75 0 0 1
43 103.5 0.75 0 0 1
44 103.5 0.75 0 0 1
45 103.5 0.75 0 0 1
41 105 0.75 0 0 1
42 105 0.75 0 0 1
43 105 0.75 0 0 1
44 105 0.75 0 0 1
45 105 0.75 0 0 1
41 106.5 0.75 0 0 1
42 106.5 0.75 0 0 1
43 106.5 0.75 0 0 1
44 106.5 0.75 0 0 1
45 106.5 0.75 0 0 1
49 100.5 0.75 0 0 1
50 100.5 0.75 0 0 1
51 100.5 0.75 0 0 1
52 100.5 0.75 0 0 1
53 100.5 0.75 0 0 1
49 102 0.75 0 0 1
50 102 0.75 0 0 1
51 102 0.75 0 0 1
52 102 0.75 0 0 1
53 102 0.75 0 0 1
49 103.5 0.75 0 0 1
50 103.5 0.75 0 0 1
51 103.5 0.75 0 0 1
52 103.5 0.75 0 0 1
53 103.5 0.75 0 0 1
49 105 0.75 0 0 1
50 105 0.75 0 0 1
51 105 0.75 0 0 1
52 105 0.75 0 0 1
53 105 0.75 0 0 1
49 106.5 0.75 0 0 1
50 106.5 0.75 0 0 1
51 106.5 0.75 0 0 1
52 106.5 0.75 0 0 1
53 106.5 0.75 0 0 1
57 100.5 0.75 0 0 1
58 100.5 0.75 0 0 1
59 100.5 0.75 0 0 1
60 100.5 0.75 0 0 1
61 100.5 0.75 0 0 1
57 102 0.75 0 0 1
58 102 0.75 0 0 1
59 102 0.75 0 0 1
60 102 0.75 0 0 1
61 102 0.75 0 0 1
57 103.5 0.75 0 0 1
58 103.5 0.75 0 0 1
59 103.5 0.75 0 0 1
60 103.5 0.75 0 0 1
61 103.5 0.75 0 0 1
57 105 0.75 0 0 1
58 105 0.75 0 0 1
59 105 0.75 0 0 1
60 105 0.75 0 0 1
61 105 0.75 0 0 1
57 106.5 0.75 0 0 1
58 106.5 0.75 0 0 1
59 106.5 0.75 0 0 1
60 106.5 0.75 0 0 1
61 106.5 0.75 0 0 1
65 100.5 0.75 0 0 1
66 100.5 0.75 0 0 1
67 100.5 0.75 0 0 1
68 100.5 0.75 0 0 1
69 100.5 0.75 0 0 1
65 102 0.75 0 0 1
66 102 0.75 0 0 1
67 102 0.75 0 0 1
68 102 0.75 0 0 1
69 102 0.75 0 0 1
65 103.5 0.75 0 0 1
66 103.5 0.75 0 0 1
67 103.5 0.75 0 0 1
68 103.5 0.75 0 0 1
69 103.5 0.75 0 0 1
65 105 0.75 0 0 1
66 105 0.75 0 0 1
67 105 0.75 0 0 1
68 105 0.75 0 0 1
69 105 0.75 0 0 1
65 106.5 0.75 0 0 1
66 106.5 0.75 0 0 1
67 106.5 0.75 0 0 1
68 106.5 0.75 0 0 1
69 106.5 0.75 0 0 1
73 100.5 0.75 0 0 1
74 100.5 0.75 0 0 1
75 100.5 0.75 0 0 1
76 100.5 0.75 0 0 1
77 100.5 0.75 0 0 1
73 102 0.75 0 0 1
74 102 0.75 0 0 1
75 102 0.75 0 0 1
76 102 0.75 0 0 1
77 102 0.75 0 0 1
73 103.5 0.75 0 0 1
74 103.5 0.75 0 0 1
75 103.5 0.75 0 0 1
76 103.5 0.75 0 0 1
77 103.5 0.75 0 0 1
73 105 0.75 0 0 1
74 105 0.75 0 0 1
75 105 0.75 0 0 1
76 105 0.75 0 0 1
77 105 0.75 0 0 1
73 106.5 0.75 0 0 1
74 106.5 0.75 0 0 1
75 106.5 0.75 0 0 1
76 106.5 0.75 0 0 1
77 106.5 0.75 0 0 1
81 100.5 0.75 0 0 1
82 100.5 0.75 0 0 1
83 100.5 0.75 0 0 1
84 100.5 0.75 0 0 1
85 100.5 0.75 0 0 1
81 102 0.75 0 0 1
82 102 0.75 0 0 1
83 102 0.75 0 0 1
84 102 0.75 0 0 1
85 102 0.75 0 0 1
81 103.5 0.75 0 0 1
82 103.5 0.75 0 0 1
83 103.5 0.75 0 0 1
84 103.5 0.75 0 0 1
85 103.5 0.75 0 0 1
81 105 0.75 0 0 1
82 105 0.75 0 0 1
83 105 0.75 0 0 1
84 105 0.75 0 0 1
85 105 0.75 0 0 1
81 106.5 0.75 0 0 1
82 106.5 0.75 0 0 1
83 106.5 0.75 0 0 1
84 106.5 0.75 0 0 1
85 106.5 0.75 0 0 1
89 100.5 0.75 0 0 1
90 100.5 0.75 0 0 1
91 100.5 0.75 0 0 1
92 100.5 0.75 0 0 1
93 100.5 0.75 0 0 1
89 102 0.75 0 0 1
90 102 0.75 0 0 1
91 102 0.75 0 0 1
92 102 0.75 0 0 1
93 102 0.75 0 0 1
89 103.5 0.75 0 0 1
90 103.5 0.75 0 0 1
91 103.5 0.75 0 0 1
92 103.5 0.75 0 0 1
93 103.5 0.75 0 0 1
89 105 0.75 0 0 1
90 105 0.75 0 0 1
91 105 0.75 0 0 1
92 105 0.75 0 0 1
93 105 0.75 0 0 1
89 106.5 0.75 0 0 1
90 106.5 0.75 0 0 1
91 106.5 0.75 0 0 1
92 106.5 0.75 0 0 1
93 106.5 0.75 0 0 1
97 100.5 0.75 0 0 1
98 100.5 0.75 0 0 1
99 100.5 0.75 0 0 1
100 100.5 0.75 0 0 1
101 100.5 0.75 0 0 1
97 102 0.75 0 0 1
98 102 0.75 0 0 1
99 102 0.75 0 0 1
100 102 0.75 0 0 1
101 102 0.75 0 0 1
97 103.5 0.75 0 0 1
98 103.5 0.75 0 0 1
99 103.5 0.75 0 0 1
100 103.5 0.75 0 0 1
101 103.5 0.75 0 0 1
97 105 0.75 0 0 1
98 105 0.75 0 0 1
99 105 0.75 0 0 1
100 105 0.75 0 0 1
101 105 0.75 0 0 1
97 106.5 0.75 0 0 1
98 106.5 0.75 0 0 1
99 106.5 0.75 0 0 1
100 106.5 0.75 0 0 1
101 106.5 0.75 0 0 1
105 100.5 0.75 0 0 1
106 100.5 0.75 0 0 1
107 100.5 0.75 0 0 1
108 100.5 0.75 0 0 1
109 100.5 0.75 0 0 1
105 102 0.75 0 0 1
106 102 0.75 0 0 1
107 102 0.75 0 0 1
108 102 0.75 0 0 1
109 102 0.75 0 0 1
105 103.5 0.75 0 0 1
106 103.5 0.75 0 0 1
107 103.5 0.75 0 0 1
108 103.5 0.75 0 0 1
109 103.5 0.75 0 0 1
105 105 0.75 0 0 1
106 105 0.75 0 0 1
107 105 0.75 0 0 1
108 105 0.75 0 0 1
109 105 0.75 0 0 1
105 106.5 0.75 0 0 1
106 106.5 0.75 0 0 1
107 106.5 0.75 0 0 1
108 106.5 0.75 0 0 1
109 106.5 0.75 0 0 1
113 100.5 0.75 0 0 1
114 100.5 0.75 0 0 1
115 100.5 0.75 0 0 1
116 100.5 0.75 0 0 1
117 100.5 0.75 0 0 1
113 102 0.75 0 0 1
114 102 0.75 0 0 1
115 102 0.75 0 0 1
116 102 0.75 0 0 1
117 102 0.75 0 0 1
113 103.5 0.75 0 0 1
114 103.5 0.75 0 0 1
115 103.5 0.75 0 0 1
116 103.5 0.75 0 0 1
117 103.5 0.75 0 0 1
113 105 0.75 0 0 1
114 105 0.75 0 0 1
115 105 0.75 0 0 1
116 105 0.75 0 0 1
117 105 0.75 0 0 1
113 106.5 0.75 0 0 1
114 106.5 0.75 0 0 1
115 106.5 0.75 0 0 1
116 106.5 0.75 0 0 1
117 106.5 0.75 0 0 1
121 100.5 0.75 0 0 1
122 100.5 0.75 0 0 1
123 100.5 0.75 0 0 1
124 100.5 0.75 0 0 1
125 100.5 0.75 0 0 1
121 102 0.75 0 0 1
122 102 0.75 0 0 1
123 102 0.75 0 0 1
124 102 0.75 0 0 1
125 102 0.75 0 0 1
121 103.5 0.75 0 0 1
122 103.5 0.75 0 0 1
123 103.5 0.75 0 0 1
124 103.5 0.75 0 0 1
125 103.5 0.75 0 0 1
121 105 0.75 0 0 1
122 105 0.75 0 0 1
123 105 0.75 0 0 1
124 105 0.75 0 0 1
125 105 0.75 0 0 1
121 106.5 0.75 0 0 1
122 106.5 0.75 0 0 1
123 106.5 0.75 0 0 1
124 106.5 0.75 0 0 1
125 106.5 0.75 0 0 1
129 100.5 0.75 0 0 1
130 100.5 0.75 0 0 1
131 100.5 0.75 0 0 1
132 100.5 0.75 0 0 1
133 100.5 0.75 0 0 1
129 102 0.75 0 0 1
130 102 0.75 0 0 1
131 102 0.75 0 0 1
132 102 0.75 0 0 1
133 102 0.75 0 0 1
129 103.5 0.75 0 0 1
130 103.5 0.75 0 0 1
131 103.5 0.75 0 0 1
132 103.5 0.75 0 0 1
133 103.5 0.75 0 0 1
129 105 0.75 0 0 1
130 105 0.75 0 0 1
131 105 0.75 0 0 1
132 105 0.75 0 0 1
133 105 0.75 0 0 1
129 106.5 0.75 0 0 1
130 106.5 0.75 0 0 1
131 106.5 0.75 0 0 1
132 106.5 0.75 0 0 1
133 106.5 0.75 0 0 1
137 100.5 0.75 0 0 1
138 100.5 0.75 0 0 1
139 100.5 0.75 0 0 1
140 100.5 0.75 0 0 1
141 100.5 0.75 0 0 1
137 102 0.75 0 0 1
138 102 0.75 0 0 1
139 102 0.75 0 0 1
140 102 0.75 0 0 1
141 102 0.75 0 0 1
137 103.5 0.75 0 0 1
138 103.5 0.75 0 0 1
139 103.5 0.75 0 0 1
140 103.5 0.75 0 0 1
141 103.5 0.75 0 0 1
137 105 0.75 0 0 1
138 105 0.75 0 0 1
139 105 0.75 0 0 1
140 105 0.75 0 0 1
141 105 0.75 0 0 1
137 106.5 0.75 0 0 1
138 106.5 0.75 0 0 1
139 106.5 0.75 0 0 1
140 106.5 0.75 0 0 1
141 106.5 0.75 0 0 1
145 100.5 0.75 0 0 1
146 100.5 0.75 0 0 1
147 100.5 0.75 0 0 1
148 100.5 0.75 0 0 1
149 100.5 0.75 0 0 1
145 102 0.75 0 0 1
146 102 0.75 0 0 1
147 102 0.75 0 0 1
148 102 0.75 0 0 1
149 102 0.75 0 0 1
145 103.5 0.75 0 0 1
146 103.5 0.75 0 0 1
147 103.5 0.75 0 0 1
148 103.5 0.75 0 0 1
149 103.5 0.75 0 0 1
145 105 0.75 0 0 1
146 105 0.75 0 0 1
147 105 0.75 0 0 1
148 105 0.75 0 0 1
149 105 0.75 0 0 1
145 106.5 0.75 0 0 1
146 106.5 0.75 0 0 1
147 106.5 0.75 0 0 1
148 106.5 0.75 0 0 1
149 106.5 0.75 0 0 1
153 100.5 0.75 0 0 1
154 100.5 0.75 0 0 1
155 100.5 0.75 0 0 1
156 100.5 0.75 0 0 1
157 100.5 0.75 0 0 1
153 102 0.75 0 0 1
154 102 0.75 0 0 1
155 102 0.75 0 0 1
156 102 0.75 0 0 1
157 102 0.75 0 0 1
153 103.5 0.75 0 0 1
154 103.5 0.75 0 0 1
155 103.5 0.75 0 0 1
156 103.5 0.75 0 0 1
157 103.5 0.75 0 0 1
153 105 0.75 0 0 1
154 105 0.75 0 0 1
155 105 0.75 0 0 1
156 105 0.75 0 0 1
157 105 0.75 0 0 1
153 106.5 0.75 0 0 1
154 106.5 0.75 0 0 1
155 106.5 0.75 0 0 1
156 106.5 0.75 0 0 1
157 106.5 0.75 0 0 1
161 100.5 0.75 0 0 1
162 100.5 0.75 0 0 1
163 100.5 0.75 0 0 1
164 100.5 0.75 0 0 1
165 100.5 0.75 0 0 1
161 102 0.75 0 0 1
162 102 0.75 0 0 1
163 102 0.75 0 0 1
164 102 0.75 0 0 1
165 102 0.75 0 0 1
161 103.5 0.75 0 0 1
162 103.5 0.75 0 0 1
163 103.5 0.75 0 0 1
164 103.5 0.75 0 0 1
165 103.5 0.75 0 0 1
161 105 0.75 0 0 1
162 105 0.75 0 0 1
163 105 0.75 0 0 1
164 105 0.75 0 0 1
165 105 0.75 0 0 1
161 106.5 0.75 0 0 1
162 106.5 0.75 0 0 1
163 106.5 0.75 0 0 1
164 106.5 0.75 0 0 1
165 106.5 0.75 0 0 1
169 100.5 0.75 0 0 1
170 100.5 0.75 0 0 1
171 100.5 0.75 0 0 1
172 100.5 0.75 0 0 1
173 100.5 0.75 0 0 1
169 102 0.75 0 0 1
170 102 0.75 0 0 1
171 102 0.75 0 0 1
172 102 0.75 0 0 1
173 102 0.75 0 0 1
169 103.5 0.75 0 0 1
170 103.5 0.75 0 0 1
171 103.5 0.75 0 0 1
172 103.5 0.75 0 0 1
173 103.5 0.75 0 0 1
169 105 0.75 0 0 1
170 105 0.75 0 0 1
171 105 0.75 0 0 1
172 105 0.75 0 0 1
173 105 0.75 0 0 1
169 106.5 0.75 0 0 1
170 106.5 0.75 0 0 1
171 106.5 0.75 0 0 1
172 106.5 0.75 0 0 1
173 106.5 0.75 0 0 1
177 100.5 0.75 0 0 1
178 100.5 0.75 0 0 1
179 100.5 0.75 0 0 1
180 100.5 0.75 0 0 1
181 100.5 0.75 0 0 1
177 102 0.75 0 0 1
178 102 0.75 0 0 1
179 102 0.75 0 0 1
180 102 0.75 0 0 1
181 102 0.75 0 0 1
177 103.5 0.75 0 0 1
178 103.5 0.75 0 0 1
179 103.5 0.75 0 0 1
180 103.5 0.75 0 0 1
181 103.5 0.75 0 0 1
177 105 0.75 0 0 1
178 105 0.75 0 0 1
179 105 0.75 0 0 1
180 105 0.75 0 0 1
181 105 0.75 0 0 1
177 106.5 0.75 0 0 1
178 106.5 0.75 0 0 1
179 106.5 0.75 0 0 1
180 106.5 0.75 0 0 1
181 106.5 0.75 0 0 1
185 100.5 0.75 0 0 1
186 100.5 0.75 0 0 1
187 100.5 0.75 0 0 1
188 100.5 0.75 0 0 1
189 100.5 0.75 0 0 1
185 102 0.75 0 0 1
186 102 0.75 0 0 1
187 102 0.75 0 0 1
188 102 0.75 0 0 1
189 102 0.75 0 0 1
185 103.5 0.75 0 0 1
186 103.5 0.75 0 0 1
187 103.5 0.75 0 0 1
188 103.5 0.75 0 0 1
189 103.5 0.75 0 0 1
185 105 0.75 0 0 1
186 105 0.75 0 0 1
187 105 0.75 0 0 1
188 105 0.75 0 0 1
189 105 0.75 0 0 1
185 106.5 0.75 0 0 1
186 106.5 0.75 0 0 1
187 106.5 0.75 0 0 1
188 106.5 0.75 0 0 1
189 106.5 0.75 0 0 1
193 100.5 0.75 0 0 1
194 100.5 0.75 0 0 1
195 100.5 0.75 0 0 1
196 100.5 0.75 0 0 1
197 100.5 0.75 0 0 1
193 102 0.75 0 0 1
194 102 0.75 0 0 1
195 102 0.75 0 0 1
196 102 0.75 0 0 1
197 102 0.75 0 0 1
193 103.5 0.75 0 0 1
194 103.5 0.75 0 0 1
195 103.5 0.75 0 0 1
196 103.5 0.75 0 0 1
197 103.5 0.75 0 0 1
193 105 0.75 0 0 1
194 105 0.75 0 0 1
195 105 0.75 0 0 1
196 105 0.75 0 0 1
197 105 0.75 0 0 1
193 106.5 0.75 0 0 1
194 106.5 0.75 0 0 1
195 106.5 0.75 0 0 1
196 106.5 0.75 0 0 1
197 106.5 0.75 0 0 1
201 100.5 0.75 0 0 1
202 100.5 0.75 0 0 1
203 100.5 0.75 0 0 1
204 100.5 0.75 0 0 1
205 100.5 0.75 0 0 1
201 102 0.75 0 0 1
202 102 0.75 0 0 1
203 102 0.75 0 0 1
204 102 0.75 0 0 1
205 102 0.75 0 0 1
201 103.5 0.75 0 0 1
202 103.5 0.75 0 0 1
203 103.5 0.75 0 0 1
204 103.5 0.75 0 0 1
205 103.5 0.75 0 0 1
201 105 0.75 0 0 1
202 105 0.75 0 0 1
203 105 0.75 0 0 1
204 105 0.75 0 0 1
205 105 0.75 0 0 1
201 106.5 0.75 0 0 1
202 106.5 0.75 0 0 1
203 106.5 0.75 0 0 1
204 106.5 0.75 0 0 1
205 106.5 0.75 0 0 1
209 100.5 0.75 0 0 1
210 100.5 0.75 0 0 1
211 100.5 0.75 0 0 1
212 100.5 0.75 0 0 1
213 100.5 0.75 0 0 1
209 102 0.75 0 0 1
210 102 0.75 0 0 1
211 102 0.75 0 0 1
212 102 0.75 0 0 1
213 102 0.75 0 0 1
209 103.5 0.75 0 0 1
210 103.5 0.75 0 0 1
211 103.5 0.75 0 0 1
212 103.5 0.75 0 0 1
213 103.5 0.75 0 0 1
209 105 0.75 0 0 1
210 105 0.75 0 0 1
211 105 0.75 0 0 1
212 105 0.75 0 0 1
213 105 0.75 0 0 1
209 106.5 0.75 0 0 1
210 106.5 0.75 0 0 1
211 106.5 0.75 0 0 1
212 106.5 0.75 0 0 1
213 106.5 0.75 0 0 1
217 100.5 0.75 0 0 1
218 100.5 0.75 0 0 1
219 100.5 0.75 0 0 1
220 100.5 0.75 0 0 1
221 100.5 0.75 0 0 1
217 102 0.75 0 0 1
218 102 0.75 0 0 1
219 102 0.75 0 0 1
220 102 0.75 0 0 1
221 102 0.75 0 0 1
217 103.5 0.75 0 0 1
218 103.5 0.75 0 0 1
219 103.5 0.75 0 0 1
220 103.5 0.75 0 0 1
221 103.5 0.75 0 0 1
217 105 0.75 0 0 1
218 105 0.75 0 0 1
219 105 0.75 0 0 1
220 105 0.75 0 0 1
221 105 0.75 0 0 1
217 106.5 0.75 0 0 1
218 106.5 0.75 0 0 1
219 106.5 0.75 0 0 1
220 106.5 0.75 0 0 1
221 106.5 0.75 0 0 1
225 100.5 0.75 0 0 1
226 100.5 0.75 0 0 1
227 100.5 0.75 0 0 1
228 100.5 0.75 0 0 1
229 100.5 0.75 0 0 1
225 102 0.75 0 0 1
226 102 0.75 0 0 1
227 102 0.75 0 0 1
228 102 0.75 0 0 1
229 102 0.75 0 0 1
225 103.5 0.75 0 0 1
226 103.5 0.75 0 0 1
227 103.5 0.75 0 0 1
228 103.5 0.75 0 0 1
229 103.5 0.75 0 0 1
225 105 0.75 0 0 1
226 105 0.75 0 0 1
227 105 0.75 0 0 1
228 105 0.75 0 0 1
229 105 0.75 0 0 1
225 106.5 0.75 0 0 1
226 106.5 0.75 0 0 1
227 106.5 0.75 0 0 1
228 106.5 0.75 0 0 1
229 106.5 0.75 0 0 1
233 100.5 0.75 0 0 1
234 100.5 0.75 0 0 1
235 100.5 0.75 0 0 1
236 100.5 0.75 0 0 1
237 100.5 0.75 0 0 1
233 102 0.75 0 0 1
234 102 0.75 0 0 1
235 102 0.75 0 0 1
236 102 0.75 0 0 1
237 102 0.75 0 0 1
233 103.5 0.75 0 0 1
234 103.5 0.75 0 0 1
235 103.5 0.75 0 0 1
236 103.5 0.75 0 0 1
237 103.5 0.75 0 0 1
233 105 0.75 0 0 1
234 105 0.75 0 0 1
235 105 0.75 0 0 1
236 105 0.75 0 0 1
237 105 0.75 0 0 1
233 106.5 0.75 0 0 1
234 106.5 0.75 0 0 1
235 106.5 0.75 0 0 1
236 106.5 0.75 0 0 1
237 106.5 0.75 0 0 1
241 100.5 0.75 0 0 1
242 100.5 0.75 0 0 1
243 100.5 0.75 0 0 1
244 100.5 0.75 0 0 1
245 100.5 0.75 0 0 1
241 102 0.75 0 0 1
242 102 0.75 0 0 1
243 102 0.75 0 0 1
244 102 0.75 0 0 1
245 102 0.75 0 0 1
241 103.5 0.75 0 0 1
242 103.5 0.75 0 0 1
243 103.5 0.75 0 0 1
244 103.5 0.75 0 0 1
245 103.5 0.75 0 0 1
241 105 0.75 0 0 1
242 105 0.75 0 0 1
243 105 0.75 0 0 1
244 105 0.75 0 0 1
245 105 0.75 0 0 1
241 106.5 0.75 0 0 1
242 106.5 0.75 0 0 1
243 106.5 0.75 0 0 1
244 106.5 0.75 0 0 1
245 106.5 0.75 0 0 1
249 100.5 0.75 0 0 1
250 100.5 0.75 0 0 1
251 100.5 0.75 0 0 1
252 100.5 0.75 0 0 1
253 100.5 0.75 0 0 1
249 102 0.75 0 0 1
250 102 0.75 0 0 1
251 102 0.75 0 0 1
252 102 0.75 0 0 1
253 102 0.75 0 0 1
249 103.5 0.75 0 0 1
250 103.5 0.75 0 0 1
251 103.5 0.75 0 0 1
252 103.5 0.75 0 0 1
253 103.5 0.75 0 0 1
249 105 0.75 0 0 1
250 105 0.75 0 0 1
251 105 0.75 0 0 1
252 105 0.75 0 0 1
253 105 0.75 0 0 1
249 106.5 0.75 0 0 1
250 106.5 0.75 0 0 1
251 106.5 0.75 0 0 1
252 106.5 0.75 0 0 1
253 106.5 0.75 0 0 1
1 111.5 0.75 0 0 1
2 111.5 0.75 0 0 1
3 111.5 0.75 0 0 1
4 111.5 0.75 0 0 1
5 111.5 0.75 0 0 1
1 113 0.75 0 0 1
2 113 0.75 0 0 1
3 113 0.75 0 0 1
4 113 0.75 0 0 1
5 113 0.75 0 0 1
1 114.5 0.75 0 0 1
2 114.5 0.75 0 0 1
3 114.5 0.75 0 0 1
4 114.5 0.75 0 0 1
5 114.5 0.75 0 0 1
1 116 0.75 0 0 1
2 116 0.75 0 0 1
3 116 0.75 0 0 1
4 116 0.75 0 0 1
5 116 0.75 0 0 1
1 117.5 0.75 0 0 1
2 117.5 0.75 0 0 1
3 117.5 0.75 0 0 1
4 117.5 0.75 0 0 1
5 117.5 0.75 0 0 1
9 111.5 0.75 0 0 1
10 111.5 0.75 0 0 1
11 111.5 0.75 0 0 1
12 111.5 0.75 0 0 1
13 111.5 0.75 0 0 1
9 113 0.75 0 0 1
10 113 0.75 0 0 1
11 113 0.75 0 0 1
12 113 0.75 0 0 1
13 113 0.75 0 0 1
9 114.5 0.75 0 0 1
10 114.5 0.75 0 0 1
11 114.5 0.75 0 0 1
12 114.5 0.75 0 0 1
13 114.5 0.75 0 0 1
9 116 0.75 0 0 1
10 116 0.75 0 0 1
11 116 0.75 0 0 1
12 116 0.75 0 0 1
13 116 0.75 0 0 1
9 117.5 0.75 0 0 1
10 117.5 0.75 0 0 1
11 117.5 0.75 0 0 1
12 117.5 0.75 0 0 1
13 117.5 0.75 0 0 1
17 111.5 0.75 0 0 1
18 111.5 0.75 0 0 1
19 111.5 0.75 0 0 1
20 111.5 0.75 0 0 1
21 111.5 0.75 0 0 1
17 113 0.75 0 0 1
18 113 0.75 0 0 1
19 113 0.75 0 0 1
20 113 0.75 0 0 1
21 113 0.75 0 0 1
17 114.5 0.75 0 0 1
18 114.5 0.75 0 0 1
19 114.5 0.75 0 0 1
20 114.5 0.75 0 0 1
21 114.5 0.75 0 0 1
17 116 0.75 0 0 1
18 116 0.75 0 0 1
19 116 0.75 0 0 1
20 116 0.75 0 0 1
21 116 0.75 0 0 1
17 117.5 0.75 0 0 1
18 117.5 0.75 0 0 1
19 117.5 0.75 0 0 1
20 117.5 0.75 0 0 1
21 117.5 0.75 0 0 1
25 111.5 0.75 0 0 1
26 111.5 0.75 0 0 1
27 111.5 0.75 0 0 1
28 111.5 0.75 0 0 1
29 111.5 0.75 0 0 1
25 113 0.75 0 0 1
26 113 0.75 0 0 1
27 113 0.75 0 0 1
28 113 0.75 0 0 1
29 113 0.75 0 0 1
25 114.5 0.75 0 0 1
26 114.5 0.75 0 0 1
27 114.5 0.75 0 0 1
28 114.5 0.75 0 0 1
29 114.5 0.75 0 0 1
25 116 0.75 0 0 1
26 116 0.75 0 0 1
27 116 0.75 0 0 1
28 116 0.75 0 0 1
29 116 0.75 0 0 1
25 117.5 0.75 0 0 1
26 117.5 0.75 0 0 1
27 117.5 0.75 0 0 1
28 117.5 0.75 0 0 1
29 117.5 0.75 0 0 1
33 111.5 0.75 0 0 1
34 111.5 0.75 0 0 1
35 111.5 0.75 0 0 1
36 111.5 0.75 0 0 1
37 111.5 0.75 0 0 1
33 113 0.75 0 0 1
34 113 0.75 0 0 1
35 113 0.75 0 0 1
36 113 0.75 0 0 1
37 113 0.75 0 0 1
33 114.5 0.75 0 0 1
34 114.5 0.75 0 0 1
35 114.5 0.75 0 0 1
36 114.5 0.75 0 0 1
37 114.5 0.75 0 0 1
33 116 0.75 0 0 1
34 116 0.75 0 0 1
35 116 0.75 0 0 1
36 116 0.75 0 0 1
37 116 0.75 0 0 1
33 117.5 0.75 0 0 1
34 117.5 0.75 0 0 1
35 117.5 0.75 0 0 1
36 117.5 0.75 0 0 1
37 117.5 0.75 0 0 1
41 111.5 0.75 0 0 1
42 111.5 0.75 0 0 1
43 111.5 0.75 0 0 1
44 111.5 0.75 0 0 1
45 111.5 0.75 0 0 1
41 113 0.75 0 0 1
42 113 0.75 0 0 1
43 113 0.75 0 0 1
44 113 0.75 0 0 1
45 113 0.75 0 0 1
41 114.5 0.75 0 0 1
42 114.5 0.75 0 0 1
43 114.5 0.75 0 0 1
44 114.5 0.75 0 0 1
45 114.5 0.75 0 0 1
41 116 0.75 0 0 1
42 116 0.75 0 0 1
43 116 0.75 0 0 1
44 116 0.75 0 0 1
45 116 0.75 0 0 1
41 117.5 0.75 0 0 1
42 117.5 0.75 0 0 1
43 117.5 0.75 0 0 1
44 117.5 0.75 0 0 1
45 117.5 0.75 0 0 1
49 111.5 0.75 0 0 1
50 111.5 0.75 0 0 1
51 111.5 0.75 0 0 1
52 111.5 0.75 0 0 1
53 111.5 0.75 0 0 1
49 113 0.75 0 0 1
50 113 0.75 0 0 1
51 113 0.75 0 0 1
52 113 0.75 0 0 1
53 113 0.75 0 0 1
49 114.5 0.75 0 0 1
50 114.5 0.75 0 0 1
51 114.5 0.75 0 0 1
52 114.5 0.75 0 0 1
53 114.5 0.75 0 0 1
49 116 0.75 0 0 1
50 116 0.75 0 0 1
51 116 0.75 0 0 1
52 116 0.75 0 0 1
53 116 0.75 0 0 1
49 117.5 0.75 0 0 1
50 117.5 0.75 0 0 1
51 117.5 0.75 0 0 1
52 117.5 0.75 0 0 1
53 117.5 0.75 0 0 1
57 111.5 0.75 0 0 1
58 111.5 0.75 0 0 1
59 111.5 0.75 0 0 1
60 111.5 0.75 0 0 1
61 111.5 0.75 0 0 1
57 113 0.75 0 0 1
58 113 0.75 0 0 1
59 113 0.75 0 0 1
60 113 0.75 0 0 1
61 113 0.75 0 0 1
57 114.5 0.75 0 0 1
58 114.5 0.75 0 0 1
59 114.5 0.75 0 0 1
60 114.5 0.75 0 0 1
61 114.5 0.75 0 0 1
57 116 0.75 0 0 1
58 116 0.75 0 0 1
59 116 0.75 0 0 1
60 116 0.75 0 0 1
61 116 0.75 0 0 1
57 117.5 0.75 0 0 1
58 117.5 0.75 0 0 1
59 117.5 0.75 0 0 1
60 117.5 0.75 0 0 1
61 117.5 0.75 0 0 1
65 111.5 0.75 0 0 1
66 111.5 0.75 0 0 1
67 111.5 0.75 0 0 1
68 111.5 0.75 0 0 1
69 111.5 0.75 0 0 1
65 113 0.75 0 0 1
66 113 0.75 0 0 1
67 113 0.75 0 0 1
68 113 0.75 0 0 1
69 113 0.75 0 0 1
65 114.5 0.75 0 0 1
66 114.5 0.75 0 0 1
67 114.5 0.75 0 0 1
68 114.5 0.75 0 0 1
69 114.5 0.75 0 0 1
65 116 0.75 0 0 1
66 116 0.75 0 0 1
67 116 0.75 0 0 1
68 116 0.75 0 0 1
69 116 0.75 0 0 1
65 117.5 0.75 0 0 1
66 117.5 0.75 0 0 1
67 117.5 0.75 0 0 1
68 117.5 0.75 0 0 1
69 117.5 0.75 0 0 1
73 111.5 0.75 0 0 1
74 111.5 0.75 0 0 1
75 111.5 0.75 0 0 1
76 111.5 0.75 0 0 1
77 111.5 0.75 0 0 1
73 113 0.75 0 0 1
74 113 0.75 0 0 1
75 113 0.75 0 0 1
76 113 0.75 0 0 1
77 113 0.75 0 0 1
73 114.5 0.75 0 0 1
74 114.5 0.75 0 0 1
75 114.5 0.75 0 0 1
76 114.5 0.75 0 0 1
77 114.5 0.75 0 0 1
73 116 0.75 0 0 1
74 116 0.75 0 0 1
75 116 0.75 0 0 1
76 116 0.75 0 0 1
77 116 0.75 0 0 1
73 117.5 0.75 0 0 1
74 117.5 0.75 0 0 1
75 117.5 0.75 0 0 1
76 117.5 0.75 0 0 1
77 117.5 0.75 0 0 1
81 111.5 0.75 0 0 1
82 111.5 0.75 0 0 1
83 111.5 0.75 0 0 1
84 111.5 0.75 0 0 1
85 111.5 0.75 0 0 1
81 113 0.75 0 0 1
82 113 0.75 0 0 1
83 113 0.75 0 0 1
84 113 0.75 0 0 1
85 113 0.75 0 0 1
81 114.5 0.75 0 0 1
82 114.5 0.75 0 0 1
83 114.5 0.75 0 0 1
84 114.5 0.75 0 0 1
85 114.5 0.75 0 0 1
81 116 0.75 0 0 1
82 116 0.75 0 0 1
83 116 0.75 0 0 1
84 116 0.75 0 0 1
85 116 0.75 0 0 1
81 117.5 0.75 0 0 1
82 117.5 0.75 0 0 1
83 117.5 0.75 0 0 1
84 117.5 0.75 0 0 1
85 117.5 0.75 0 0 1
89 111.5 0.75 0 0 1
90 111.5 0.75 0 0 1
91 111.5 0.75 0 0 1
92 111.5 0.75 0 0 1
93 111.5 0.75 0 0 1
89 113 0.75 0 0 1
90 113 0.75 0 0 1
91 113 0.75 0 0 1
92 113 0.75 0 0 1
93 113 0.75 0 0 1
89 114.5 0.75 0 0 1
90 114.5 0.75 0 0 1
91 114.5 0.75 0 0 1
92 114.5 0.75 0 0 1
93 114.5 0.75 0 0 1
89 116 0.75 0 0 1
90 116 0.75 0 0 1
91 116 0.75 0 0 1
92 116 0.75 0 0 1
93 116 0.75 0 0 1
89 117.5 0.75 0 0 1
90 117.5 0.75 0 0 1
91 117.5 0.75 0 0 1
92 117.5 0.75 0 0 1
93 117.5 0.75 0 0 1
97 111.5 0.75 0 0 1
98 111.5 0.75 0 0 1
99 111.5 0.75 0 0 1
100 111.5 0.75 0 0 1
101 111.5 0.75 0 0 1
97 113 0.75 0 0 1
98 113 0.75 0 0 1
99 113 0.75 0 0 1
100 113 0.75 0 0 1
101 113 0.75 0 0 1
97 114.5 0.75 0 0 1
98 114.5 0.75 0 0 1
99 114.5 0.75 0 0 1
100 114.5 0.75 0 0 1
101 114.5 0.75 0 0 1
97 116 0.75 0 0 1
98 116 0.75 0 0 1
99 116 0.75 0 0 1
100 116 0.75 0 0 1
101 116 0.75 0 0 1
97 117.5 0.75 0 0 1
98 117.5 0.75 0 0 1
99 117.5 0.75 0 0 1
100 117.5 0.75 0 0 1
101 117.5 0.75 0 0 1
105 111.5 0.75 0 0 1
106 111.5 0.75 0 0 1
107 111.5 0.75 0 0 1
108 111.5 0.75 0 0 1
109 111.5 0.75 0 0 1
105 113 0.75 0 0 1
106 113 0.75 0 0 1
107 113 0.75 0 0 1
108 113 0.75 0 0 1
109 113 0.75 0 0 1
105 114.5 0.75 0 0 1
106 114.5 0.75 0 0 1
107 114.5 0.75 0 0 1
108 114.5 0.75 0 0 1
109 114.5 0.75 0 0 1
105 116 0.75 0 0 1
106 116 0.75 0 0 1
107 116 0.75 0 0 1
108 116 0.75 0 0 1
109 116 0.75 0 0 1
105 117.5 0.75 0 0 1
106 117.5 0.75 0 0 1
107 117.5 0.75 0 0 1
108 117.5 0.75 0 0 1
109 117.5 0.75 0 0 1
113 111.5 0.75 0 0 1
114 111.5 0.75 0 0 1
115 111.5 0.75 0 0 1
116 111.5 0.75 0 0 1
117 111.5 0.75 0 0 1
113 113 0.75 0 0 1
114 113 0.75 0 0 1
115 113 0.75 0 0 1
116 113 0.75 0 0 1
117 113 0.75 0 0 1
113 114.5 0.75 0 0 1
114 114.5 0.75 0 0 1
115 114.5 0.75 0 0 1
116 114.5 0.75 0 0 1
117 114.5 0.75 0 0 1
113 116 0.75 0 0 1
114 116 0.75 0 0 1
115 116 0.75 0 0 1
116 116 0.75 0 0 1
117 116 0.75 0 0 1
113 117.5 0.75 0 0 1
114 117.5 0.75 0 0 1
115 117.5 0.75 0 0 1
116 117.5 0.75 0 0 1
117 117.5 0.75 0 0 1
121 111.5 0.75 0 0 1
122 111.5 0.75 0 0 1
123 111.5 0.75 0 0 1
124 111.5 0.75 0 0 1
125 111.5 0.75 0 0 1
121 113 0.75 0 0 1
122 113 0.75 0 0 1
123 113 0.75 0 0 1
124 113 0.75 0 0 1
125 113 0.75 0 0 1
121 114.5 0.75 0 0 1
122 114.5 0.75 0 0 1
123 114.5 0.75 0 0 1
124 114.5 0.75 0 0 1
125 114.5 0.75 0 0 1
121 116 0.75 0 0 1
122 116 0.75 0 0 1
123 116 0.75 0 0 1
124 116 0.75 0 0 1
125 116 0.75 0 0 1
121 117.5 0.75 0 0 1
122 117.5 0.75 0 0 1
123 117.5 0.75 0 0 1
124 117.5 0.75 0 0 1
125 117.5 0.75 0 0 1
129 111.5 0.75 0 0 1
130 111.5 0.75 0 0 1
131 111.5 0.75 0 0 1
132 111.5 0.75 0 0 1
133 111.5 0.75 0 0 1
129 113 0.75 0 0 1
130 113 0.75 0 0 1
131 113 0.75 0 0 1
132 113 0.75 0 0 1
133 113 0.75 0 0 1
129 114.5 0.75 0 0 1
130 114.5 0.75 0 0 1
131 114.5 0.75 0 0 1
132 114.5 0.75 0 0 1
133 114.5 0.75 0 0 1
129 116 0.75 0 0 1
130 116 0.75 0 0 1
131 116 0.75 0 0 1
132 116 0.75 0 0 1
133 116 0.75 0 0 1
129 117.5 0.75 0 0 1
130 117.5 0.75 0 0 1
131 117.5 0.75 0 0 1
132 117.5 0.75 0 0 1
133 117.5 0.75 0 0 1
137 111.5 0.75 0 0 1
138 111.5 0.75 0 0 1
139 111.5 0.75 0 0 1
140 111.5 0.75 0 0 1
141 111.5 0.75 0 0 1
137 113 0.75 0 0 1
138 113 0.75 0 0 1
139 113 0.75 0 0 1
140 113 0.75 0 0 1
141 113 0.75 0 0 1
137 114.5 0.75 0 0 1
138 114.5 0.75 0 0 1
139 114.5 0.75 0 0 1
140 114.5 0.75 0 0 1
141 114.5 0.75 0 0 1
137 116 0.75 0 0 1
138 116 0.75 0 0 1
139 116 0.75 0 0 1
140 116 0.75 0 0 1
141 116 0.75 0 0 1
137 117.5 0.75 0 0 1
138 117.5 0.75 0 0 1
139 117.5 0.75 0 0 1
140 117.5 0.75 0 0 1
141 117.5 0.75 0 0 1
145 111.5 0.75 0 0 1
146 111.5 0.75 0 0 1
147 111.5 0.75 0 0 1
148 111.5 0.75 0 0 1
149 111.5 0.75 0 0 1
145 113 0.75 0 0 1
146 113 0.75 0 0 1
147 113 0.75 0 0 1
148 113 0.75 0 0 1
149 113 0.75 0 0 1
145 114.5 0.75 0 0 1
146 114.5 0.75 0 0 1
147 114.5 0.75 0 0 1
148 114.5 0.75 0 0 1
149 114.5 0.75 0 0 1
145 116 0.75 0 0 1
146 116 0.75 0 0 1
147 116 0.75 0 0 1
148 116 0.75 0 0 1
149 116 0.75 0 0 1
145 117.5 0.75 0 0 1
146 117.5 0.75 0 0 1
147 117.5 0.75 0 0 1
148 117.5 0.75 0 0 1
149 117.5 0.75 0 0 1
153 111.5 0.75 0 0 1
154 111.5 0.75 0 0 1
155 111.5 0.75 0 0 1
156 111.5 0.75 0 0 1
157 111.5 0.75 0 0 1
153 113 0.75 0 0 1
154 113 0.75 0 0 1
155 113 0.75 0 0 1
156 113 0.75 0 0 1
157 113 0.75 0 0 1
153 114.5 0.75 0 0 1
154 114.5 0.75 0 0 1
155 114.5 0.75 0 0 1
156 114.5 0.75 0 0 1
157 114.5 0.75 0 0 1
153 116 0.75 0 0 1
154 116 0.75 0 0 1
155 116 0.75 0 0 1
156 116 0.75 0 0 1
157 116 0.75 0 0 1
153 117.5 0.75 0 0 1
154 117.5 0.75 0 0 1
155 117.5 0.75 0 0 1
156 117.5 0.75 0 0 1
157 117.5 0.75 0 0 1
161 111.5 0.75 0 0 1
162 111.5 0.75 0 0 1
163 111.5 0.75 0 0 1
164 111.5 0.75 0 0 1
165 111.5 0.75 0 0 1
161 113 0.75 0 0 1
162 113 0.75 0 0 1
163 113 0.75 0 0 1
164 113 0.75 0 0 1
165 113 0.75 0 0 1
161 114.5 0.75 0 0 1
162 114.5 0.75 0 0 1
163 114.5 0.75 0 0 1
164 114.5 0.75 0 0 1
165 114.5 0.75 0 0 1
161 116 0.75 0 0 1
162 116 0.75 0 0 1
163 116 0.75 0 0 1
164 116 0.75 0 0 1
165 116 0.75 0 0 1
161 117.5 0.75 0 0 1
162 117.5 0.75 0 0 1
163 117.5 0.75 0 0 1
164 117.5 0.75 0 0 1
165 117.5 0.75 0 0 1
169 111.5 0.75 0 0 1
170 111.5 0.75 0 0 1
171 111.5 0.75 0 0 1
172 111.5 0.75 0 0 1
173 111.5 0.75 0 0 1
169 113 0.75 0 0 1
170 113 0.75 0 0 1
171 113 0.75 0 0 1
172 113 0.75 0 0 1
173 113 0.75 0 0 1
169 114.5 0.75 0 0 1
170 114.5 0.75 0 0 1
171 114.5 0.75 0 0 1
172 114.5 0.75 0 0 1
173 114.5 0.75 0 0 1
169 116 0.75 0 0 1
170 116 0.75 0 0 1
171 116 0.75 0 0 1
172 116 0.75 0 0 1
173 116 0.75 0 0 1
169 117.5 0.75 0 0 1
170 117.5 0.75 0 0 1
171 117.5 0.75 0 0 1
172 117.5 0.75 0 0 1
173 117.5 0.75 0 0 1
177 111.5 0.75 0 0 1
178 111.5 0.75 0 0 1
179 111.5 0.75 0 0 1
180 111.5 0.75 0 0 1
181 111.5 0.75 0 0 1
177 113 0.75 0 0 1
178 113 0.75 0 0 1
179 113 0.75 0 0 1
180 113 0.75 0 0 1
181 113 0.75 0 0 1
177 114.5 0.75 0 0 1
178 114.5 0.75 0 0 1
179 114.5 0.75 0 0 1
180 114.5 0.75 0 0 1
181 114.5 0.75 0 0 1
177 116 0.75 0 0 1
178 116 0.75 0 0 1
179 116 0.75 0 0 1
180 116 0.75 0 0 1
181 116 0.75 0 0 1
177 117.5 0.75 0 0 1
178 117.5 0.75 0 0 1
179 117.5 0.75 0 0 1
180 117.5 0.75 0 0 1
181 117.5 0.75 0 0 1
185 111.5 0.75 0 0 1
186 111.5 0.75 0 0 1
187 111.5 0.75 0 0 1
188 111.5 0.75 0 0 1
189 111.5 0.75 0 0 1
185 113 0.75 0 0 1
186 113 0.75 0 0 1
187 113 0.75 0 0 1
188 113 0.75 0 0 1
189 113 0.75 0 0 1
185 114.5 0.75 0 0 1
186 114.5 0.75 0 0 1
187 114.5 0.75 0 0 1
188 114.5 0.75 0 0 1
189 114.5 0.75 0 0 1
185 116 0.75 0 0 1
186 116 0.75 0 0 1
187 116 0.75 0 0 1
188 116 0.75 0 0 1
189 116 0.75 0 0 1
185 117.5 0.75 0 0 1
186 117.5 0.75 0 0 1
187 117.5 0.75 0 0 1
188 117.5 0.75 0 0 1
189 117.5 0.75 0 0 1
193 111.5 0.75 0 0 1
194 111.5 0.75 0 0 1
195 111.5 0.75 0 0 1
196 111.5 0.75 0 0 1
197 111.5 0.75 0 0 1
193 113 0.75 0 0 1
194 113 0.75 0 0 1
195 113 0.75 0 0 1
196 113 0.75 0 0 1
197 113 0.75 0 0 1
193 114.5 0.75 0 0 1
194 114.5 0.75 0 0 1
195 114.5 0.75 0 0 1
196 114.5 0.75 0 0 1
197 114.5 0.75 0 0 1
193 116 0.75 0 0 1
194 116 0.75 0 0 1
195 116 0.75 0 0 1
196 116 0.75 0 0 1
197 116 0.75 0 0 1
193 117.5 0.75 0 0 1
194 117.5 0.75 0 0 1
195 117.5 0.75 0 0 1
196 117.5 0.75 0 0 1
197 117.5 0.75 0 0 1
201 111.5 0.75 0 0 1
202 111.5 0.75 0 0 1
203 111.5 0.75 0 0 1
204 111.5 0.75 0 0 1
205 111.5 0.75 0 0 1
201 113 0.75 0 0 1
202 113 0.75 0 0 1
203 113 0.75 0 0 1
204 113 0.75 0 0 1
205 113 0.75 0 0 1
201 114.5 0.75 0 0 1
202 114.5 0.75 0 0 1
203 114.5 0.75 0 0 1
204 114.5 0.75 0 0 1
205 114.5 0.75 0 0 1
201 116 0.75 0 0 1
202 116 0.75 0 0 1
203 116 0.75 0 0 1
204 116 0.75 0 0 1
205 116 0.75 0 0 1
201 117.5 0.75 0 0 1
202 117.5 0.75 0 0 1
203 117.5 0.75 0 0 1
204 117.5 0.75 0 0 1
205 117.5 0.75 0 0 1
209 111.5 0.75 0 0 1
210 111.5 0.75 0 0 1
211 111.5 0.75 0 0 1
212 111.5 0.75 0 0 1
213 111.5 0.75 0 0 1
209 113 0.75 0 0 1
210 113 0.75 0 0 1
211 113 0.75 0 0 1
212 113 0.75 0 0 1
213 113 0.75 0 0 1
209 114.5 0.75 0 0 1
210 114.5 0.75 0 0 1
211 114.5 0.75 0 0 1
212 114.5 0.75 0 0 1
213 114.5 0.75 0 0 1
209 116 0.75 0 0 1
210 116 0.75 0 0 1
211 116 0.75 0 0 1
212 116 0.75 0 0 1
213 116 0.75 0 0 1
209 117.5 0.75 0 0 1
210 117.5 0.75 0 0 1
211 117.5 0.75 0 0 1
212 117.5 0.75 0 0 1
213 117.5 0.75 0 0 1
217 111.5 0.75 0 0 1
218 111.5 0.75 0 0 1
219 111.5 0.75 0 0 1
220 111.5 0.75 0 0 1
221 111.5 0.75 0 0 1
217 113 0.75 0 0 1
218 113 0.75 0 0 1
219 113 0.75 0 0 1
220 113 0.75 0 0 1
221 113 0.75 0 0 1
217 114.5 0.75 0 0 1
218 114.5 0.75 0 0 1
219 114.5 0.75 0 0 1
220 114.5 0.75 0 0 1
221 114.5 0.75 0 0 1
217 116 0.75 0 0 1
218 116 0.75 0 0 1
219 116 0.75 0 0 1
220 116 0.75 0 0 1
221 116 0.75 0 0 1
217 117.5 0.75 0 0 1
218 117.5 0.75 0 0 1
219 117.5 0.75 0 0 1
220 117.5 0.75 0 0 1
221 117.5 0.75 0 0 1
225 111.5 0.75 0 0 1
226 111.5 0.75 0 0 1
227 111.5 0.75 0 0 1
228 111.5 0.75 0 0 1
229 111.5 0.75 0 0 1
225 113 0.75 0 0 1
226 113 0.75 0 0 1
227 113 0.75 0 0 1
228 113 0.75 0 0 1
229 113 0.75 0 0 1
225 114.5 0.75 0 0 1
226 114.5 0.75 0 0 1
227 114.5 0.75 0 0 1
228 114.5 0.75 0 0 1
229 114.5 0.75 0 0 1
225 116 0.75 0 0 1
226 116 0.75 0 0 1
227 116 0.75 0 0 1
228 116 0.75 0 0 1
229 116 0.75 0 0 1
225 117.5 0.75 0 0 1
226 117.5 0.75 0 0 1
227 117.5 0.75 0 0 1
228 117.5 0.75 0 0 1
229 117.5 0.75 0 0 1
233 111.5 0.75 0 0 1
234 111.5 0.75 0 0 1
235 111.5 0.75 0 0 1
236 111.5 0.75 0 0 1
237 111.5 0.75 0 0 1
233 113 0.75 0 0 1
234 113 0.75 0 0 1
235 113 0.75 0 0 1
236 113 0.75 0 0 1
237 113 0.75 0 0 1
233 114.5 0.75 0 0 1
234 114.5 0.75 0 0 1
235 114.5 0.75 0 0 1
236 114.5 0.75 0 0 1
237 114.5 0.75 0 0 1
233 116 0.75 0 0 1
234 116 0.75 0 0 1
235 116 0.75 0 0 1
236 116 0.75 0 0 1
237 116 0.75 0 0 1
233 117.5 0.75 0 0 1
234 117.5 0.75 0 0 1
235 117.5 0.75 0 0 1
236 117.5 0.75 0 0 1
237 117.5 0.75 0 0 1
241 111.5 0.75 0 0 1
242 111.5 0.75 0 0 1
243 111.5 0.75 0 0 1
244 111.5 0.75 0 0 1
245 111.5 0.75 0 0 1
241 113 0.75 0 0 1
242 113 0.75 0 0 1
243 113 0.75 0 0 1
244 113 0.75 0 0 1
245 113 0.75 0 0 1
241 114.5 0.75 0 0 1
242 114.5 0.75 0 0 1
243 114.5 0.75 0 0 1
244 114.5 0.75 0 0 1
245 114.5 0.75 0 0 1
241 116 0.75 0 0 1
242 116 0.75 0 0 1
243 116 0.75 0 0 1
244 116 0.75 0 0 1
245 116 0.75 0 0 1
241 117.5 0.75 0 0 1
242 117.5 0.75 0 0 1
243 117.5 0.75 0 0 1
244 117.5 0.75 0 0 1
245 117.5 0.75 0 0 1
249 111.5 0.75 0 0 1
250 111.5 0.75 0 0 1
251 111.5 0.75 0 0 1
252 111.5 0.75 0 0 1
253 111.5 0.75 0 0 1
249 113 0.75 0 0 1
250 113 0.75 0 0 1
251 113 0.75 0 0 1
252 113 0.75 0 0 1
253 113 0.75 0 0 1
249 114.5 0.75 0 0 1
250 114.5 0.75 0 0 1
251 114.5 0.75 0 0 1
252 114.5 0.75 0 0 1
253 114.5 0.75 0 0 1
249 116 0.75 0 0 1
250 116 0.75 0 0 1
251 116 0.75 0 0 1
252 116 0.75 0 0 1
253 116 0.75 0 0 1
249 117.5 0.75 0 0 1
250 117.5 0.75 0 0 1
251 117.5 0.75 0 0 1
252 117.5 0.75 0 0 1
253 117.5 0.75 0 0 1
1 122.5 0.75 0 0 1
2 122.5 0.75 0 0 1
3 122.5 0.75 0 0 1
4 122.5 0.75 0 0 1
5 122.5 0.75 0 0 1
1 124 0.75 0 0 1
2 124 0.75 0 0 1
3 124 0.75 0 0 1
4 124 0.75 0 0 1
5 124 0.75 0 0 1
1 125.5 0.75 0 0 1
2 125.5 0.75 0 0 1
3 125.5 0.75 0 0 1
4 125.5 0.75 0 0 1
5 125.5 0.75 0 0 1
1 127 0.75 0 0 1
2 127 0.75 0 0 1
3 127 0.75 0 0 1
4 127 0.75 0 0 1
5 127 0.75 0 0 1
1 128.5 0.75 0 0 1
2 128.5 0.75 0 0 1
3 128.5 0.75 0 0 1
4 128.5 0.75 0 0 1
5 128.5 0.75 0 0 1
9 122.5 0.75 0 0 1
10 122.5 0.75 0 0 1
11 122.5 0.75 0 0 1
12 122.5 0.75 0 0 1
13 122.5 0.75 0 0 1
9 124 0.75 0 0 1
10 124 0.75 0 0 1
11 124 0.75 0 0 1
12 124 0.75 0 0 1
13 124 0.75 0 0 1
9 125.5 0.75 0 0 1
10 125.5 0.75 0 0 1
11 125.5 0.75 0 0 1
12 125.5 0.75 0 0 1
13 125.5 0.75 0 0 1
9 127 0.75 0 0 1
10 127 0.75 0 0 1
11 127 0.75 0 0 1
12 127 0.75 0 0 1
13 127 0.75 0 0 1
9 128.5 0.75 0 0 1
10 128.5 0.75 0 0 1
11 128.5 0.75 0 0 1
12 128.5 0.75 0 0 1
13 128.5 0.75 0 0 1
17 122.5 0.75 0 0 1
18 122.5 0.75 0 0 1
19 122.5 0.75 0 0 1
20 122.5 0.75 0 0 1
21 122.5 0.75 0 0 1
17 124 0.75 0 0 1
18 124 0.75 0 0 1
19 124 0.75 0 0 1
20 124 0.75 0 0 1
21 124 0.75 0 0 1
17 125.5 0.75 0 0 1
18 125.5 0.75 0 0 1
19 125.5 0.75 0 0 1
20 125.5 0.75 0 0 1
21 125.5 0.75 0 0 1
17 127 0.75 0 0 1
18 127 0.75 0 0 1
19 127 0.75 0 0 1
20 127 0.75 0 0 1
21 127 0.75 0 0 1
17 128.5 0.75 0 0 1
18 128.5 0.75 0 0 1
19 128.5 0.75 0 0 1
20 128.5 0.75 0 0 1
21 128.5 0.75 0 0 1
25 122.5 0.75 0 0 1
26 122.5 0.75 0 0 1
27 122.5 0.75 0 0 1
28 122.5 0.75 0 0 1
29 122.5 0.75 0 0 1
25 124 0.75 0 0 1
26 124 0.75 0 0 1
27 124 0.75 0 0 1
28 124 0.75 0 0 1
29 124 0.75 0 0 1
25 125.5 0.75 0 0 1
26 125.5 0.75 0 0 1
27 125.5 0.75 0 0 1
28 125.5 0.75 0 0 1
29 125.5 0.75 0 0 1
25 127 0.75 0 0 1
26 127 0.75 0 0 1
27 127 0.75 0 0 1
28 127 0.75 0 0 1
29 127 0.75 0 0 1
25 128.5 0.75 0 0 1
26 128.5 0.75 0 0 1
27 128.5 0.75 0 0 1
28 128.5 0.75 0 0 1
29 128.5 0.75 0 0 1
33 122.5 0.75 0 0 1
34 122.5 0.75 0 0 1
35 122.5 0.75 0 0 1
36 122.5 0.75 0 0 1
37 122.5 0.75 0 0 1
33 124 0.75 0 0 1
34 124 0.75 0 0 1
35 124 0.75 0 0 1
36 124 0.75 0 0 1
37 124 0.75 0 0 1
33 125.5 0.75 0 0 1
34 125.5 0.75 0 0 1
35 125.5 0.75 0 0 1
36 125.5 0.75 0 0 1
37 125.5 0.75 0 0 1
33 127 0.75 0 0 1
34 127 0.75 0 0 1
35 127 0.75 0 0 1
36 127 0.75 0 0 1
37 127 0.75 0 0 1
33 128.5 0.75 0 0 1
34 128.5 0.75 0 0 1
35 128.5 0.75 0 0 1
36 128.5 0.75 0 0 1
37 128.5 0.75 0 0 1
41 122.5 0.75 0 0 1
42 122.5 0.75 0 0 1
43 122.5 0.75 0 0 1
44 122.5 0.75 0 0 1
45 122.5 0.75 0 0 1
41 124 0.75 0 0 1
42 124 0.75 0 0 1
43 124 0.75 0 0 1
44 124 0.75 0 0 1
45 124 0.75 0 0 1
41 125.5 0.75 0 0 1
42 125.5 0.75 0 0 1
43 125.5 0.75 0 0 1
44 125.5 0.75 0 0 1
45 125.5 0.75 0 0 1
41 127 0.75 0 0 1
42 127 0.75 0 0 1
43 127 0.75 0 0 1
44 127 0.75 0 0 1
45 127 0.75 0 0 1
41 128.5 0.75 0 0 1
42 128.5 0.75 0 0 1
43 128.5 0.75 0 0 1
44 128.5 0.75 0 0 1
45 128.5 0.75 0 0 1
49 122.5 0.75 0 0 1
50 122.5 0.75 0 0 1
51 122.5 0.75 0 0 1
52 122.5 0.75 0 0 1
53 122.5 0.75 0 0 1
49 124 0.75 0 0 1
50 124 0.75 0 0 1
51 124 0.75 0 0 1
52 124 0.75 0 0 1
53 124 0.75 0 0 1
49 125.5 0.75 0 0 1
50 125.5 0.75 0 0 1
51 125.5 0.75 0 0 1
52 125.5 0.75 0 0 1
53 125.5 0.75 0 0 1
49 127 0.75 0 0 1
50 127 0.75 0 0 1
51 127 0.75 0 0 1
52 127 0.75 0 0 1
53 127 0.75 0 0 1
49 128.5 0.75 0 0 1
50 128.5 0.75 0 0 1
51 128.5 0.75 0 0 1
52 128.5 0.75 0 0 1
53 128.5 0.75 0 0 1
57 122.5 0.75 0 0 1
58 122.5 0.75 0 0 1
59 122.5 0.75 0 0 1
60 122.5 0.75 0 0 1
61 122.5 0.75 0 0 1
57 124 0.75 0 0 1
58 124 0.75 0 0 1
59 124 0.75 0 0 1
60 124 0.75 0 0 1
61 124 0.75 0 0 1
57 125.5 0.75 0 0 1
58 125.5 0.75 0 0 1
59 125.5 0.75 0 0 1
60 125.5 0.75 0 0 1
61 125.5 0.75 0 0 1
57 127 0.75 0 0 1
58 127 0.75 0 0 1
59 127 0.75 0 0 1
60 127 0.75 0 0 1
61 127 0.75 0 0 1
57 128.5 0.75 0 0 1
58 128.5 0.75 0 0 1
59 128.5 0.75 0 0 1
60 128.5 0.75 0 0 1
61 128.5 0.75 0 0 1
65 122.5 0.75 0 0 1
66 122.5 0.75 0 0 1
67 122.5 0.75 0 0 1
68 122.5 0.75 0 0 1
69 122.5 0.75 0 0 1
65 124 0.75 0 0 1
66 124 0.75 0 0 1
67 124 0.75 0 0 1
68 124 0.75 0 0 1
69 124 0.75 0 0 1
65 125.5 0.75 0 0 1
66 125.5 0.75 0 0 1
67 125.5 0.75 0 0 1
68 125.5 0.75 0 0 1
69 125.5 0.75 0 0 1
65 127 0.75 0 0 1
66 127 0.75 0 0 1
67 127 0.75 0 0 1
68 127 0.75 0 0 1
69 127 0.75 0 0 1
65 128.5 0.75 0 0 1
66 128.5 0.75 0 0 1
67 128.5 0.75 0 0 1
68 128.5 0.75 0 0 1
69 128.5 0.75 0 0 1
73 122.5 0.75 0 0 1
74 122.5 0.75 0 0 1
75 122.5 0.75 0 0 1
76 122.5 0.75 0 0 1
77 122.5 0.75 0 0 1
73 124 0.75 0 0 1
74 124 0.75 0 0 1
75 124 0.75 0 0 1
76 124 0.75 0 0 1
77 124 0.75 0 0 1
73 125.5 0.75 0 0 1
74 125.5 0.75 0 0 1
75 125.5 0.75 0 0 1
76 125.5 0.75 0 0 1
77 125.5 0.75 0 0 1
73 127 0.75 0 0 1
74 127 0.75 0 0 1
75 127 0.75 0 0 1
76 127 0.75 0 0 1
77 127 0.75 0 0 1
73 128.5 0.75 0 0 1
74 128.5 0.75 0 0 1
75 128.5 0.75 0 0 1
76 128.5 0.75 0 0 1
77 128.5 0.75 0 0 1
81 122.5 0.75 0 0 1
82 122.5 0.75 0 0 1
83 122.5 0.75 0 0 1
84 122.5 0.75 0 0 1
85 122.5 0.75 0 0 1
81 124 0.75 0 0 1
82 124 0.75 0 0 1
83 124 0.75 0 0 1
84 124 0.75 0 0 1
85 124 0.75 0 0 1
81 125.5 0.75 0 0 1
82 125.5 0.75 0 0 1
83 125.5 0.75 0 0 1
84 125.5 0.75 0 0 1
85 125.5 0.75 0 0 1
81 127 0.75 0 0 1
82 127 0.75 0 0 1
83 127 0.75 0 0 1
84 127 0.75 0 0 1
85 127 0.75 0 0 1
81 128.5 0.75 0 0 1
82 128.5 0.75 0 0 1
83 128.5 0.75 0 0 1
84 128.5 0.75 0 0 1
85 128.5 0.75 0 0 1
89 122.5 0.75 0 0 1
90 122.5 0.75 0 0 1
91 122.5 0.75 0 0 1
92 122.5 0.75 0 0 1
93 122.5 0.75 0 0 1
89 124 0.75 0 0 1
90 124 0.75 0 0 1
91 124 0.75 0 0 1
92 124 0.75 0 0 1
93 124 0.75 0 0 1
89 125.5 0.75 0 0 1
90 125.5 0.75 0 0 1
91 125.5 0.75 0 0 1
92 125.5 0.75 0 0 1
93 125.5 0.75 0 0 1
89 127 0.75 0 0 1
90 127 0.75 0 0 1
91 127 0.75 0 0 1
92 127 0.75 0 0 1
93 127 0.75 0 0 1
89 128.5 0.75 0 0 1
90 128.5 0.75 0 0 1
91 128.5 0.75 0 0 1
92 128.5 0.75 0 0 1
93 128.5 0.75 0 0 1
97 122.5 0.75 0 0 1
98 122.5 0.75 0 0 1
99 122.5 0.75 0 0 1
100 122.5 0.75 0 0 1
101 122.5 0.75 0 0 1
97 124 0.75 0 0 1
98 124 0.75 0 0 1
99 124 0.75 0 0 1
100 124 0.75 0 0 1
101 124 0.75 0 0 1
97 125.5 0.75 0 0 1
98 125.5 0.75 0 0 1
99 125.5 0.75 0 0 1
100 125.5 0.75 0 0 1
101 125.5 0.75 0 0 1
97 127 0.75 0 0 1
98 127 0.75 0 0 1
99 127 0.75 0 0 1
100 127 0.75 0 0 1
101 127 0.75 0 0 1
97 128.5 0.75 0 0 1
98 128.5 0.75 0 0 1
99 128.5 0.75 0 0 1
100 128.5 0.75 0 0 1
101 128.5 0.75 0 0 1
105 122.5 0.75 0 0 1
106 122.5 0.75 0 0 1
107 122.5 0.75 0 0 1
108 122.5 0.75 0 0 1
109 122.5 0.75 0 0 1
105 124 0.75 0 0 1
106 124 0.75 0 0 1
107 124 0.75 0 0 1
108 124 0.75 0 0 1
109 124 0.75 0 0 1
105 125.5 0.75 0 0 1
106 125.5 0.75 0 0 1
107 125.5 0.75 0 0 1
108 125.5 0.75 0 0 1
109 125.5 0.75 0 0 1
105 127 0.75 0 0 1
106 127 0.75 0 0 1
107 127 0.75 0 0 1
108 127 0.75 0 0 1
109 127 0.75 0 0 1
105 128.5 0.75 0 0 1
106 128.5 0.75 0 0 1
107 128.5 0.75 0 0 1
108 128.5 0.75 0 0 1
109 128.5 0.75 0 0 1
113 122.5 0.75 0 0 1
114 122.5 0.75 0 0 1
115 122.5 0.75 0 0 1
116 122.5 0.75 0 0 1
117 122.5 0.75 0 0 1
113 124 0.75 0 0 1
114 124 0.75 0 0 1
115 124 0.75 0 0 1
116 124 0.75 0 0 1
117 124 0.75 0 0 1
113 125.5 0.75 0 0 1
114 125.5 0.75 0 0 1
115 125.5 0.75 0 0 1
116 125.5 0.75 0 0 1
117 125.5 0.75 0 0 1
113 127 0.75 0 0 1
114 127 0.75 0 0 1
115 127 0.75 0 0 1
116 127 0.75 0 0 1
117 127 0.75 0 0 1
113 128.5 0.75 0 0 1
114 128.5 0.75 0 0 1
115 128.5 0.75 0 0 1
116 128.5 0.75 0 0 1
117 128.5 0.75 0 0 1
121 122.5 0.75 0 0 1
122 122.5 0.75 0 0 1
123 122.5 0.75 0 0 1
124 122.5 0.75 0 0 1
125 122.5 0.75 0 0 1
121 124 0.75 0 0 1
122 124 0.75 0 0 1
123 124 0.75 0 0 1
124 124 0.75 0 0 1
125 124 0.75 0 0 1
121 125.5 0.75 0 0 1
122 125.5 0.75 0 0 1
123 125.5 0.75 0 0 1
124 125.5 0.75 0 0 1
125 125.5 0.75 0 0 1
121 127 0.75 0 0 1
122 127 0.75 0 0 1
123 127 0.75 0 0 1
124 127 0.75 0 0 1
125 127 0.75 0 0 1
121 128.5 0.75 0 0 1
122 128.5 0.75 0 0 1
123 128.5 0.75 0 0 1
124 128.5 0.75 0 0 1
125 128.5 0.75 0 0 1
129 122.5 0.75 0 0 1
130 122.5 0.75 0 0 1
131 122.5 0.75 0 0 1
132 122.5 0.75 0 0 1
133 122.5 0.75 0 0 1
129 124 0.75 0 0 1
130 124 0.75 0 0 1
131 124 0.75 0 0 1
132 124 0.75 0 0 1
133 124 0.75 0 0 1
129 125.5 0.75 0 0 1
130 125.5 0.75 0 0 1
131 125.5 0.75 0 0 1
132 125.5 0.75 0 0 1
133 125.5 0.75 0 0 1
129 127 0.75 0 0 1
130 127 0.75 0 0 1
131 127 0.75 0 0 1
132 127 0.75 0 0 1
133 127 0.75 0 0 1
129 128.5 0.75 0 0 1
130 128.5 0.75 0 0 1
131 128.5 0.75 0 0 1
132 128.5 0.75 0 0 1
133 128.5 0.75 0 0 1
137 122.5 0.75 0 0 1
138 122.5 0.75 0 0 1
139 122.5 0.75 0 0 1
140 122.5 0.75 0 0 1
141 122.5 0.75 0 0 1
137 124 0.75 0 0 1
138 124 0.75 0 0 1
139 124 0.75 0 0 1
140 124 0.75 0 0 1
141 124 0.75 0 0 1
137 125.5 0.75 0 0 1
138 125.5 0.75 0 0 1
139 125.5 0.75 0 0 1
140 125.5 0.75 0 0 1
141 125.5 0.75 0 0 1
137 127 0.75 0 0 1
138 127 0.75 0 0 1
139 127 0.75 0 0 1
140 127 0.75 0 0 1
141 127 0.75 0 0 1
137 128.5 0.75 0 0 1
138 128.5 0.75 0 0 1
139 128.5 0.75 0 0 1
140 128.5 0.75 0 0 1
141 128.5 0.75 0 0 1
145 122.5 0.75 0 0 1
146 122.5 0.75 0 0 1
147 122.5 0.75 0 0 1
148 122.5 0.75 0 0 1
149 122.5 0.75 0 0 1
145 124 0.75 0 0 1
146 124 0.75 0 0 1
147 124 0.75 0 0 1
148 124 0.75 0 0 1
149 124 0.75 0 0 1
145 125.5 0.75 0 0 1
146 125.5 0.75 0 0 1
147 125.5 0.75 0 0 1
148 125.5 0.75 0 0 1
149 125.5 0.75 0 0 1
145 127 0.75 0 0 1
146 127 0.75 0 0 1
147 127 0.75 0 0 1
148 127 0.75 0 0 1
149 127 0.75 0 0 1
145 128.5 0.75 0 0 1
146 128.5 0.75 0 0 1
147 128.5 0.75 0 0 1
148 128.5 0.75 0 0 1
149 128.5 0.75 0 0 1
153 122.5 0.75 0 0 1
154 122.5 0.75 0 0 1
155 122.5 0.75 0 0 1
156 122.5 0.75 0 0 1
157 122.5 0.75 0 0 1
153 124 0.75 0 0 1
154 124 0.75 0 0 1
155 124 0.75 0 0 1
156 124 0.75 0 0 1
157 124 0.75 0 0 1
153 125.5 0.75 0 0 1
154 125.5 0.75 0 0 1
155 125.5 0.75 0 0 1
156 125.5 0.75 0 0 1
157 125.5 0.75 0 0 1
153 127 0.75 0 0 1
154 127 0.75 0 0 1
155 127 0.75 0 0 1
156 127 0.75 0 0 1
157 127 0.75 0 0 1
153 128.5 0.75 0 0 1
154 128.5 0.75 0 0 1
155 128.5 0.75 0 0 1
156 128.5 0.75 0 0 1
157 128.5 0.75 0 0 1
161 122.5 0.75 0 0 1
162 122.5 0.75 0 0 1
163 122.5 0.75 0 0 1
164 122.5 0.75 0 0 1
165 122.5 0.75 0 0 1
161 124 0.75 0 0 1
162 124 0.75 0 0 1
163 124 0.75 0 0 1
164 124 0.75 0 0 1
165 124 0.75 0 0 1
161 125.5 0.75 0 0 1
162 125.5 0.75 0 0 1
163 125.5 0.75 0 0 1
164 125.5 0.75 0 0 1
165 125.5 0.75 0 0 1
161 127 0.75 0 0 1
162 127 0.75 0 0 1
163 127 0.75 0 0 1
164 127 0.75 0 0 1
165 127 0.75 0 0 1
161 128.5 0.75 0 0 1
162 128.5 0.75 0 0 1
163 128.5 0.75 0 0 1
164 128.5 0.75 0 0 1
165 128.5 0.75 0 0 1
169 122.5 0.75 0 0 1
170 122.5 0.75 0 0 1
171 122.5 0.75 0 0 1
172 122.5 0.75 0 0 1
173 122.5 0.75 0 0 1
169 124 0.75 0 0 1
170 124 0.75 0 0 1
171 124 0.75 0 0 1
172 124 0.75 0 0 1
173 124 0.75 0 0 1
169 125.5 0.75 0 0 1
170 125.5 0.75 0 0 1
171 125.5 0.75 0 0 1
172 125.5 0.75 0 0 1
173 125.5 0.75 0 0 1
169 127 0.75 0 0 1
170 127 0.75 0 0 1
171 127 0.75 0 0 1
172 127 0.75 0 0 1
173 127 0.75 0 0 1
169 128.5 0.75 0 0 1
170 128.5 0.75 0 0 1
171 128.5 0.75 0 0 1
172 128.5 0.75 0 0 1
173 128.5 0.75 0 0 1
177 122.5 0.75 0 0 1
178 122.5 0.75 0 0 1
179 122.5 0.75 0 0 1
180 122.5 0.75 0 0 1
181 122.5 0.75 0 0 1
177 124 0.75 0 0 1
178 124 0.75 0 0 1
179 124 0.75 0 0 1
180 124 0.75 0 0 1
181 124 0.75 0 0 1
177 125.5 0.75 0 0 1
178 125.5 0.75 0 0 1
179 125.5 0.75 0 0 1
180 125.5 0.75 0 0 1
181 125.5 0.75 0 0 1
177 127 0.75 0 0 1
178 127 0.75 0 0 1
179 127 0.75 0 0 1
180 127 0.75 0 0 1
181 127 0.75 0 0 1
177 128.5 0.75 0 0 1
178 128.5 0.75 0 0 1
179 128.5 0.75 0 0 1
180 128.5 0.75 0 0 1
181 128.5 0.75 0 0 1
185 122.5 0.75 0 0 1
186 122.5 0.75 0 0 1
187 122.5 0.75 0 0 1
188 122.5 0.75 0 0 1
189 122.5 0.75 0 0 1
185 124 0.75 0 0 1
186 124 0.75 0 0 1
187 124 0.75 0 0 1
188 124 0.75 0 0 1
189 124 0.75 0 0 1
185 125.5 0.75 0 0 1
186 125.5 0.75 0 0 1
187 125.5 0.75 0 0 1
188 125.5 0.75 0 0 1
189 125.5 0.75 0 0 1
185 127 0.75 0 0 1
186 127 0.75 0 0 1
187 127 0.75 0 0 1
188 127 0.75 0 0 1
189 127 0.75 0 0 1
185 128.5 0.75 0 0 1
186 128.5 0.75 0 0 1
187 128.5 0.75 0 0 1
188 128.5 0.75 0 0 1
189 128.5 0.75 0 0 1
193 122.5 0.75 0 0 1
194 122.5 0.75 0 0 1
195 122.5 0.75 0 0 1
196 122.5 0.75 0 0 1
197 122.5 0.75 0 0 1
193 124 0.75 0 0 1
194 124 0.75 0 0 1
195 124 0.75 0 0 1
196 124 0.75 0 0 1
197 124 0.75 0 0 1
193 125.5 0.75 0 0 1
194 125.5 0.75 0 0 1
195 125.5 0.75 0 0 1
196 125.5 0.75 0 0 1
197 125.5 0.75 0 0 1
193 127 0.75 0 0 1
194 127 0.75 0 0 1
195 127 0.75 0 0 1
196 127 0.75 0 0 1
197 127 0.75 0 0 1
193 128.5 0.75 0 0 1
194 128.5 0.75 0 0 1
195 128.5 0.75 0 0 1
196 128.5 0.75 0 0 1
197 128.5 0.75 0 0 1
201 122.5 0.75 0 0 1
202 122.5 0.75 0 0 1
203 122.5 0.75 0 0 1
204 122.5 0.75 0 0 1
205 122.5 0.75 0 0 1
201 124 0.75 0 0 1
202 124 0.75 0 0 1
203 124 0.75 0 0 1
204 124 0.75 0 0 1
205 124 0.75 0 0 1
201 125.5 0.75 0 0 1
202 125.5 0.75 0 0 1
203 125.5 0.75 0 0 1
204 125.5 0.75 0 0 1
205 125.5 0.75 0 0 1
201 127 0.75 0 0 1
202 127 0.75 0 0 1
203 127 0.75 0 0 1
204 127 0.75 0 0 1
205 127 0.75 0 0 1
201 128.5 0.75 0 0 1
202 128.5 0.75 0 0 1
203 128.5 0.75 0 0 1
204 128.5 0.75 0 0 1
205 128.5 0.75 0 0 1
209 122.5 0.75 0 0 1
210 122.5 0.75 0 0 1
211 122.5 0.75 0 0 1
212 122.5 0.75 0 0 1
213 122.5 0.75 0 0 1
209 124 0.75 0 0 1
210 124 0.75 0 0 1
211 124 0.75 0 0 1
212 124 0.75 0 0 1
213 124 0.75 0 0 1
209 125.5 0.75 0 0 1
210 125.5 0.75 0 0 1
211 125.5 0.75 0 0 1
212 125.5 0.75 0 0 1
213 125.5 0.75 0 0 1
209 127 0.75 0 0 1
210 127 0.75 0 0 1
211 127 0.75 0 0 1
212 127 0.75 0 0 1
213 127 0.75 0 0 1
209 128.5 0.75 0 0 1
210 128.5 0.75 0 0 1
211 128.5 0.75 0 0 1
212 128.5 0.75 0 0 1
213 128.5 0.75 0 0 1
217 122.5 0.75 0 0 1
218 122.5 0.75 0 0 1
219 122.5 0.75 0 0 1
220 122.5 0.75 0 0 1
221 122.5 0.75 0 0 1
217 124 0.75 0 0 1
218 124 0.75 0 0 1
219 124 0.75 0 0 1
220 124 0.75 0 0 1
221 124 0.75 0 0 1
217 125.5 0.75 0 0 1
218 125.5 0.75 0 0 1
219 125.5 0.75 0 0 1
220 125.5 0.75 0 0 1
221 125.5 0.75 0 0 1
217 127 0.75 0 0 1
218 127 0.75 0 0 1
219 127 0.75 0 0 1
220 127 0.75 0 0 1
221 127 0.75 0 0 1
217 128.5 0.75 0 0 1
218 128.5 0.75 0 0 1
219 128.5 0.75 0 0 1
220 128.5 0.75 0 0 1
221 128.5 0.75 0 0 1
225 122.5 0.75 0 0 1
226 122.5 0.75 0 0 1
227 122.5 0.75 0 0 1
228 122.5 0.75 0 0 1
229 122.5 0.75 0 0 1
225 124 0.75 0 0 1
226 124 0.75 0 0 1
227 124 0.75 0 0 1
228 124 0.75 0 0 1
229 124 0.75 0 0 1
225 125.5 0.75 0 0 1
226 125.5 0.75 0 0 1
227 125.5 0.75 0 0 1
228 125.5 0.75 0 0 1
229 125.5 0.75 0 0 1
225 127 0.75 0 0 1
226 127 0.75 0 0 1
227 127 0.75 0 0 1
228 127 0.75 0 0 1
229 127 0.75 0 0 1
225 128.5 0.75 0 0 1
226 128.5 0.75 0 0 1
227 128.5 0.75 0 0 1
228 128.5 0.75 0 0 1
229 128.5 0.75 0 0 1
233 122.5 0.75 0 0 1
234 122.5 0.75 0 0 1
235 122.5 0.75 0 0 1
236 122.5 0.75 0 0 1
237 122.5 0.75 0 0 1
233 124 0.75 0 0 1
234 124 0.75 0 0 1
235 124 0.75 0 0 1
236 124 0.75 0 0 1
237 124 0.75 0 0 1
233 125.5 0.75 0 0 1
234 125.5 0.75 0 0 1
235 125.5 0.75 0 0 1
236 125.5 0.75 0 0 1
237 125.5 0.75 0 0 1
233 127 0.75 0 0 1
234 127 0.75 0 0 1
235 127 0.75 0 0 1
236 127 0.75 0 0 1
237 127 0.75 0 0 1
233 128.5 0.75 0 0 1
234 128.5 0.75 0 0 1
235 128.5 0.75 0 0 1
236 128.5 0.75 0 0 1
237 128.5 0.75 0 0 1
241 122.5 0.75 0 0 1
242 122.5 0.75 0 0 1
243 122.5 0.75 0 0 1
244 122.5 0.75 0 0 1
245 122.5 0.75 0 0 1
241 124 0.75 0 0 1
242 124 0.75 0 0 1
243 124 0.75 0 0 1
244 124 0.75 0 0 1
245 124 0.75 0 0 1
241 125.5 0.75 0 0 1
242 125.5 0.75 0 0 1
243 125.5 0.75 0 0 1
244 125.5 0.75 0 0 1
245 125.5 0.75 0 0 1
241 127 0.75 0 0 1
242 127 0.75 0 0 1
243 127 0.75 0 0 1
244 127 0.75 0 0 1
245 127 0.75 0 0 1
241 128.5 0.75 0 0 1
242 128.5 0.75 0 0 1
243 128.5 0.75 0 0 1
244 128.5 0.75 0 0 1
245 128.5 0.75 0 0 1
249 122.5 0.75 0 0 1
250 122.5 0.75 0 0 1
251 122.5 0.75 0 0 1
252 122.5 0.75 0 0 1
253 122.5 0.75 0 0 1
249 124 0.75 0 0 1
250 124 0.75 0 0 1
251 124 0.75 0 0 1
252 124 0.75 0 0 1
253 124 0.75 0 0 1
249 125.5 0.75 0 0 1
250 125.5 0.75 0 0 1
251 125.5 0.75 0 0 1
252 125.5 0.75 0 0 1
253 125.5 0.75 0 0 1
249 127 0.75 0 0 1
250 127 0.75 0 0 1
251 127 0.75 0 0 1
252 127 0.75 0 0 1
253 127 0.75 0 0 1
249 128.5 0.75 0 0 1
250 128.5 0.75 0 0 1
251 128.5 0.75 0 0 1
252 128.5 0.75 0 0 1
253 128.5 0.75 0 0 1
1 133.5 0.75 0 0 1
2 133.5 0.75 0 0 1
3 133.5 0.75 0 0 1
4 133.5 0.75 0 0 1
5 133.5 0.75 0 0 1
1 135 0.75 0 0 1
2 135 0.75 0 0 1
3 135 0.75 0 0 1
4 135 0.75 0 0 1
5 135 0.75 0 0 1
1 136.5 0.75 0 0 1
2 136.5 0.75 0 0 1
3 136.5 0.75 0 0 1
4 136.5 0.75 0 0 1
5 136.5 0.75 0 0 1
1 138 0.75 0 0 1
2 138 0.75 0 0 1
3 138 0.75 0 0 1
4 138 0.75 0 0 1
5 138 0.75 0 0 1
1 139.5 0.75 0 0 1
2 139.5 0.75 0 0 1
3 139.5 0.75 0 0 1
4 139.5 0.75 0 0 1
5 139.5 0.75 0 0 1
9 133.5 0.75 0 0 1
10 133.5 0.75 0 0 1
11 133.5 0.75 0 0 1
12 133.5 0.75 0 0 1
13 133.5 0.75 0 0 1
9 135 0.75 0 0 1
10 135 0.75 0 0 1
11 135 0.75 0 0 1
12 135 0.75 0 0 1
13 135 0.75 0 0 1
9 136.5 0.75 0 0 1
10 136.5 0.75 0 0 1
11 136.5 0.75 0 0 1
12 136.5 0.75 0 0 1
13 136.5 0.75 0 0 1
9 138 0.75 0 0 1
10 138 0.75 0 0 1
11 138 0.75 0 0 1
12 138 0.75 0 0 1
13 138 0.75 0 0 1
9 139.5 0.75 0 0 1
10 139.5 0.75 0 0 1
11 139.5 0.75 0 0 1
12 139.5 0.75 0 0 1
13 139.5 0.75 0 0 1
17 133.5 0.75 0 0 1
18 133.5 0.75 0 0 1
19 133.5 0.75 0 0 1
20 133.5 0.75 0 0 1
21 133.5 0.75 0 0 1
17 135 0.75 0 0 1
18 135 0.75 0 0 1
19 135 0.75 0 0 1
20 135 0.75 0 0 1
21 135 0.75 0 0 1
17 136.5 0.75 0 0 1
18 136.5 0.75 0 0 1
19 136.5 0.75 0 0 1
20 136.5 0.75 0 0 1
21 136.5 0.75 0 0 1
17 138 0.75 0 0 1
18 138 0.75 0 0 1
19 138 0.75 0 0 1
20 138 0.75 0 0 1
21 138 0.75 0 0 1
17 139.5 0.75 0 0 1
18 139.5 0.75 0 0 1
19 139.5 0.75 0 0 1
20 139.5 0.75 0 0 1
21 139.5 0.75 0 0 1
25 133.5 0.75 0 0 1
26 133.5 0.75 0 0 1
27 133.5 0.75 0 0 1
28 133.5 0.75 0 0 1
29 133.5 0.75 0 0 1
25 135 0.75 0 0 1
26 135 0.75 0 0 1
27 135 0.75 0 0 1
28 135 0.75 0 0 1
29 135 0.75 0 0 1
25 136.5 0.75 0 0 1
26 136.5 0.75 0 0 1
27 136.5 0.75 0 0 1
28 136.5 0.75 0 0 1
29 136.5 0.75 0 0 1
25 138 0.75 0 0 1
26 138 0.75 0 0 1
27 138 0.75 0 0 1
28 138 0.75 0 0 1
29 138 0.75 0 0 1
25 139.5 0.75 0 0 1
26 139.5 0.75 0 0 1
27 139.5 0.75 0 0 1
28 139.5 0.75 0 0 1
29 139.5 0.75 0 0 1
33 133.5 0.75 0 0 1
34 133.5 0.75 0 0 1
35 133.5 0.75 0 0 1
36 133.5 0.75 0 0 1
37 133.5 0.75 0 0 1
33 135 0.75 0 0 1
34 135 0.75 0 0 1
35 135 0.75 0 0 1
36 135 0.75 0 0 1
37 135 0.75 0 0 1
33 136.5 0.75 0 0 1
34 136.5 0.75 0 0 1
35 136.5 0.75 0 0 1
36 136.5 0.75 0 0 1
37 136.5 0.75 0 0 1
33 138 0.75 0 0 1
34 138 0.75 0 0 1
35 138 0.75 0 0 1
36 138 0.75 0 0 1
37 138 0.75 0 0 1
33 139.5 0.75 0 0 1
34 139.5 0.75 0 0 1
35 139.5 0.75 0 0 1
36 139.5 0.75 0 0 1
37 139.5 0.75 0 0 1
41 133.5 0.75 0 0 1
42 133.5 0.75 0 0 1
43 133.5 0.75 0 0 1
44 133.5 0.75 0 0 1
45 133.5 0.75 0 0 1
41 135 0.75 0 0 1
42 135 0.75 0 0 1
43 135 0.75 0 0 1
44 135 0.75 0 0 1
45 135 0.75 0 0 1
41 136.5 0.75 0 0 1
42 136.5 0.75 0 0 1
43 136.5 0.75 0 0 1
44 136.5 0.75 0 0 1
45 136.5 0.75 0 0 1
41 138 0.75 0 0 1
42 138 0.75 0 0 1
43 138 0.75 0 0 1
44 138 0.75 0 0 1
45 138 0.75 0 0 1
41 139.5 0.75 0 0 1
42 139.5 0.75 0 0 1
43 139.5 0.75 0 0 1
44 139.5 0.75 0 0 1
45 139.5 0.75 0 0 1
49 133.5 0.75 0 0 1
50 133.5 0.75 0 0 1
51 133.5 0.75 0 0 1
52 133.5 0.75 0 0 1
53 133.5 0.75 0 0 1
49 135 0.75 0 0 1
50 135 0.75 0 0 1
51 135 0.75 0 0 1
52 135 0.75 0 0 1
53 135 0.75 0 0 1
49 136.5 0.75 0 0 1
50 136.5 0.75 0 0 1
51 136.5 0.75 0 0 1
52 136.5 0.75 0 0 1
53 136.5 0.75 0 0 1
49 138 0.75 0 0 1
50 138 0.75 0 0 1
51 138 0.75 0 0 1
52 138 0.75 0 0 1
53 138 0.75 0 0 1
49 139.5 0.75 0 0 1
50 139.5 0.75 0 0 1
51 139.5 0.75 0 0 1
52 139.5 0.75 0 0 1
53 139.5 0.75 0 0 1
57 133.5 0.75 0 0 1
58 133.5 0.75 0 0 1
59 133.5 0.75 0 0 1
60 133.5 0.75 0 0 1
61 133.5 0.75 0 0 1
57 135 0.75 0 0 1
58 135 0.75 0 0 1
59 135 0.75 0 0 1
60 135 0.75 0 0 1
61 135 0.75 0 0 1
57 136.5 0.75 0 0 1
58 136.5 0.75 0 0 1
59 136.5 0.75 0 0 1
60 136.5 0.75 0 0 1
61 136.5 0.75 0 0 1
57 138 0.75 0 0 1
58 138 0.75 0 0 1
59 138 0.75 0 0 1
60 138 0.75 0 0 1
61 138 0.75 0 0 1
57 139.5 0.75 0 0 1
58 139.5 0.75 0 0 1
59 139.5 0.75 0 0 1
60 139.5 0.75 0 0 1
61 139.5 0.75 0 0 1
65 133.5 0.75 0 0 1
66 133.5 0.75 0 0 1
67 133.5 0.75 0 0 1
68 133.5 0.75 0 0 1
69 133.5 0.75 0 0 1
65 135 0.75 0 0 1
66 135 0.75 0 0 1
67 135 0.75 0 0 1
68 135 0.75 0 0 1
69 135 0.75 0 0 1
65 136.5 0.75 0 0 1
66 136.5 0.75 0 0 1
67 136.5 0.75 0 0 1
68 136.5 0.75 0 0 1
69 136.5 0.75 0 0 1
65 138 0.75 0 0 1
66 138 0.75 0 0 1
67 138 0.75 0 0 1
68 138 0.75 0 0 1
69 138 0.75 0 0 1
65 139.5 0.75 0 0 1
66 139.5 0.75 0 0 1
67 139.5 0.75 0 0 1
68 139.5 0.75 0 0 1
69 139.5 0.75 0 0 1
73 133.5 0.75 0 0 1
74 133.5 0.75 0 0 1
75 133.5 0.75 0 0 1
76 133.5 0.75 0 0 1
77 133.5 0.75 0 0 1
73 135 0.75 0 0 1
74 135 0.75 0 0 1
75 135 0.75 0 0 1
76 135 0.75 0 0 1
77 135 0.75 0 0 1
73 136.5 0.75 0 0 1
74 136.5 0.75 0 0 1
75 136.5 0.75 0 0 1
76 136.5 0.75 0 0 1
77 136.5 0.75 0 0 1
73 138 0.75 0 0 1
74 138 0.75 0 0 1
75 138 0.75 0 0 1
76 138 0.75 0 0 1
77 138 0.75 0 0 1
73 139.5 0.75 0 0 1
74 139.5 0.75 0 0 1
75 139.5 0.75 0 0 1
76 139.5 0.75 0 0 1
77 139.5 0.75 0 0 1
81 133.5 0.75 0 0 1
82 133.5 0.75 0 0 1
83 133.5 0.75 0 0 1
84 133.5 0.75 0 0 1
85 133.5 0.75 0 0 1
81 135 0.75 0 0 1
82 135 0.75 0 0 1
83 135 0.75 0 0 1
84 135 0.75 0 0 1
85 135 0.75 0 0 1
81 136.5 0.75 0 0 1
82 136.5 0.75 0 0 1
83 136.5 0.75 0 0 1
84 136.5 0.75 0 0 1
85 136.5 0.75 0 0 1
81 138 0.75 0 0 1
82 138 0.75 0 0 1
83 138 0.75 0 0 1
84 138 0.75 0 0 1
85 138 0.75 0 0 1
81 139.5 0.75 0 0 1
82 139.5 0.75 0 0 1
83 139.5 0.75 0 0 1
84 139.5 0.75 0 0 1
85 139.5 0.75 0 0 1
89 133.5 0.75 0 0 1
90 133.5 0.75 0 0 1
91 133.5 0.75 0 0 1
92 133.5 0.75 0 0 1
93 133.5 0.75 0 0 1
89 135 0.75 0 0 1
90 135 0.75 0 0 1
91 135 0.75 0 0 1
92 135 0.75 0 0 1
93 135 0.75 0 0 1
89 136.5 0.75 0 0 1
90 136.5 0.75 0 0 1
91 136.5 0.75 0 0 1
92 136.5 0.75 0 0 1
93 136.5 0.75 0 0 1
89 138 0.75 0 0 1
90 138 0.75 0 0 1
91 138 0.75 0 0 1
92 138 0.75 0 0 1
93 138 0.75 0 0 1
89 139.5 0.75 0 0 1
90 139.5 0.75 0 0 1
91 139.5 0.75 0 0 1
92 139.5 0.75 0 0 1
93 139.5 0.75 0 0 1
97 133.5 0.75 0 0 1
98 133.5 0.75 0 0 1
99 133.5 0.75 0 0 1
100 133.5 0.75 0 0 1
101 133.5 0.75 0 0 1
97 135 0.75 0 0 1
98 135 0.75 0 0 1
99 135 0.75 0 0 1
100 135 0.75 0 0 1
101 135 0.75 0 0 1
97 136.5 0.75 0 0 1
98 136.5 0.75 0 0 1
99 136.5 0.75 0 0 1
100 136.5 0.75 0 0 1
101 136.5 0.75 0 0 1
97 138 0.75 0 0 1
98 138 0.75 0 0 1
99 138 0.75 0 0 1
100 138 0.75 0 0 1
101 138 0.75 0 0 1
97 139.5 0.75 0 0 1
98 139.5 0.75 0 0 1
99 139.5 0.75 0 0 1
100 139.5 0.75 0 0 1
101 139.5 0.75 0 0 1
105 133.5 0.75 0 0 1
106 133.5 0.75 0 0 1
107 133.5 0.75 0 0 1
108 133.5 0.75 0 0 1
109 133.5 0.75 0 0 1
105 135 0.75 0 0 1
106 135 0.75 0 0 1
107 135 0.75 0 0 1
108 135 0.75 0 0 1
109 135 0.75 0 0 1
105 136.5 0.75 0 0 1
106 136.5 0.75 0 0 1
107 136.5 0.75 0 0 1
108 136.5 0.75 0 0 1
109 136.5 0.75 0 0 1
105 138 0.75 0 0 1
106 138 0.75 0 0 1
107 138 0.75 0 0 1
108 138 0.75 0 0 1
109 138 0.75 0 0 1
105 139.5 0.75 0 0 1
106 139.5 0.75 0 0 1
107 139.5 0.75 0 0 1
108 139.5 0.75 0 0 1
109 139.5 0.75 0 0 1
113 133.5 0.75 0 0 1
114 133.5 0.75 0 0 1
115 133.5 0.75 0 0 1
116 133.5 0.75 0 0 1
117 133.5 0.75 0 0 1
113 135 0.75 0 0 1
114 135 0.75 0 0 1
115 135 0.75 0 0 1
116 135 0.75 0 0 1
117 135 0.75 0 0 1
113 136.5 0.75 0 0 1
114 136.5 0.75 0 0 1
115 136.5 0.75 0 0 1
116 136.5 0.75 0 0 1
117 136.5 0.75 0 0 1
113 138 0.75 0 0 1
114 138 0.75 0 0 1
115 138 0.75 0 0 1
116 138 0.75 0 0 1
117 138 0.75 0 0 1
113 139.5 0.75 0 0 1
114 139.5 0.75 0 0 1
115 139.5 0.75 0 0 1
116 139.5 0.75 0 0 1
117 139.5 0.75 0 0 1
121 133.5 0.75 0 0 1
122 133.5 0.75 0 0 1
123 133.5 0.75 0 0 1
124 133.5 0.75 0 0 1
125 133.5 0.75 0 0 1
121 135 0.75 0 0 1
122 135 0.75 0 0 1
123 135 0.75 0 0 1
124 135 0.75 0 0 1
125 135 0.75 0 0 1
121 136.5 0.75 0 0 1
122 136.5 0.75 0 0 1
123 136.5 0.75 0 0 1
124 136.5 0.75 0 0 1
125 136.5 0.75 0 0 1
121 138 0.75 0 0 1
122 138 0.75 0 0 1
123 138 0.75 0 0 1
124 138 0.75 0 0 1
125 138 0.75 0 0 1
121 139.5 0.75 0 0 1
122 139.5 0.75 0 0 1
123 139.5 0.75 0 0 1
124 139.5 0.75 0 0 1
125 139.5 0.75 0 0 1
129 133.5 0.75 0 0 1
130 133.5 0.75 0 0 1
131 133.5 0.75 0 0 1
132 133.5 0.75 0 0 1
133 133.5 0.75 0 0 1
129 135 0.75 0 0 1
130 135 0.75 0 0 1
131 135 0.75 0 0 1
132 135 0.75 0 0 1
133 135 0.75 0 0 1
129 136.5 0.75 0 0 1
130 136.5 0.75 0 0 1
131 136.5 0.75 0 0 1
132 136.5 0.75 0 0 1
133 136.5 0.75 0 0 1
129 138 0.75 0 0 1
130 138 0.75 0 0 1
131 138 0.75 0 0 1
132 138 0.75 0 0 1
133 138 0.75 0 0 1
129 139.5 0.75 0 0 1
130 139.5 0.75 0 0 1
131 139.5 0.75 0 0 1
132 139.5 0.75 0 0 1
133 139.5 0.75 0 0 1
137 133.5 0.75 0 0 1
138 133.5 0.75 0 0 1
139 133.5 0.75 0 0 1
140 133.5 0.75 0 0 1
141 133.5 0.75 0 0 1
137 135 0.75 0 0 1
138 135 0.75 0 0 1
139 135 0.75 0 0 1
140 135 0.75 0 0 1
141 135 0.75 0 0 1
137 136.5 0.75 0 0 1
138 136.5 0.75 0 0 1
139 136.5 0.75 0 0 1
140 136.5 0.75 0 0 1
141 136.5 0.75 0 0 1
137 138 0.75 0 0 1
138 138 0.75 0 0 1
139 138 0.75 0 0 1
140 138 0.75 0 0 1
141 138 0.75 0 0 1
137 139.5 0.75 0 0 1
138 139.5 0.75 0 0 1
139 139.5 0.75 0 0 1
140 139.5 0.75 0 0 1
141 139.5 0.75 0 0 1
145 133.5 0.75 0 0 1
146 133.5 0.75 0 0 1
147 133.5 0.75 0 0 1
148 133.5 0.75 0 0 1
149 133.5 0.75 0 0 1
145 135 0.75 0 0 1
146 135 0.75 0 0 1
147 135 0.75 0 0 1
148 135 0.75 0 0 1
149 135 0.75 0 0 1
145 136.5 0.75 0 0 1
146 136.5 0.75 0 0 1
147 136.5 0.75 0 0 1
148 136.5 0.75 0 0 1
149 136.5 0.75 0 0 1
145 138 0.75 0 0 1
146 138 0.75 0 0 1
147 138 0.75 0 0 1
148 138 0.75 0 0 1
149 138 0.75 0 0 1
145 139.5 0.75 0 0 1
146 139.5 0.75 0 0 1
147 139.5 0.75 0 0 1
148 139.5 0.75 0 0 1
149 139.5 0.75 0 0 1
153 133.5 0.75 0 0 1
154 133.5 0.75 0 0 1
155 133.5 0.75 0 0 1
156 133.5 0.75 0 0 1
157 133.5 0.75 0 0 1
153 135 0.75 0 0 1
154 135 0.75 0 0 1
155 135 0.75 0 0 1
156 135 0.75 0 0 1
157 135 0.75 0 0 1
153 136.5 0.75 0 0 1
154 136.5 0.75 0 0 1
155 136.5 0.75 0 0 1
156 136.5 0.75 0 0 1
157 136.5 0.75 0 0 1
153 138 0.75 0 0 1
154 138 0.75 0 0 1
155 138 0.75 0 0 1
156 138 0.75 0 0 1
157 138 0.75 0 0 1
153 139.5 0.75 0 0 1
154 139.5 0.75 0 0 1
155 139.5 0.75 0 0 1
156 139.5 0.75 0 0 1
157 139.5 0.75 0 0 1
161 133.5 0.75 0 0 1
162 133.5 0.75 0 0 1
163 133.5 0.75 0 0 1
164 133.5 0.75 0 0 1
165 133.5 0.75 0 0 1
161 135 0.75 0 0 1
162 135 0.75 0 0 1
163 135 0.75 0 0 1
164 135 0.75 0 0 1
165 135 0.75 0 0 1
161 136.5 0.75 0 0 1
162 136.5 0.75 0 0 1
163 136.5 0.75 0 0 1
164 136.5 0.75 0 0 1
165 136.5 0.75 0 0 1
161 138 0.75 0 0 1
162 138 0.75 0 0 1
163 138 0.75 0 0 1
164 138 0.75 0 0 1
165 138 0.75 0 0 1
161 139.5 0.75 0 0 1
162 139.5 0.75 0 0 1
163 139.5 0.75 0 0 1
164 139.5 0.75 0 0 1
165 139.5 0.75 0 0 1
169 133.5 0.75 0 0 1
170 133.5 0.75 0 0 1
171 133.5 0.75 0 0 1
172 133.5 0.75 0 0 1
173 133.5 0.75 0 0 1
169 135 0.75 0 0 1
170 135 0.75 0 0 1
171 135 0.75 0 0 1
172 135 0.75 0 0 1
173 135 0.75 0 0 1
169 136.5 0.75 0 0 1
170 136.5 0.75 0 0 1
171 136.5 0.75 0 0 1
172 136.5 0.75 0 0 1
173 136.5 0.75 0 0 1
169 138 0.75 0 0 1
170 138 0.75 0 0 1
171 138 0.75 0 0 1
172 138 0.75 0 0 1
173 138 0.75 0 0 1
169 139.5 0.75 0 0 1
170 139.5 0.75 0 0 1
171 139.5 0.75 0 0 1
172 139.5 0.75 0 0 1
173 139.5 0.75 0 0 1
177 133.5 0.75 0 0 1
178 133.5 0.75 0 0 1
179 133.5 0.75 0 0 1
180 133.5 0.75 0 0 1
181 133.5 0.75 0 0 1
177 135 0.75 0 0 1
178 135 0.75 0 0 1
179 135 0.75 0 0 1
180 135 0.75 0 0 1
181 135 0.75 0 0 1
177 136.5 0.75 0 0 1
178 136.5 0.75 0 0 1
179 136.5 0.75 0 0 1
180 136.5 0.75 0 0 1
181 136.5 0.75 0 0 1
177 138 0.75 0 0 1
178 138 0.75 0 0 1
179 138 0.75 0 0 1
180 138 0.75 0 0 1
181 138 0.75 0 0 1
177 139.5 0.75 0 0 1
178 139.5 0.75 0 0 1
179 139.5 0.75 0 0 1
180 139.5 0.75 0 0 1
181 139.5 0.75 0 0 1
185 133.5 0.75 0 0 1
186 133.5 0.75 0 0 1
187 133.5 0.75 0 0 1
188 133.5 0.75 0 0 1
189 133.5 0.75 0 0 1
185 135 0.75 0 0 1
186 135 0.75 0 0 1
187 135 0.75 0 0 1
188 135 0.75 0 0 1
189 135 0.75 0 0 1
185 136.5 0.75 0 0 1
186 136.5 0.75 0 0 1
187 136.5 0.75 0 0 1
188 136.5 0.75 0 0 1
189 136.5 0.75 0 0 1
185 138 0.75 0 0 1
186 138 0.75 0 0 1
187 138 0.75 0 0 1
188 138 0.75 0 0 1
189 138 0.75 0 0 1
185 139.5 0.75 0 0 1
186 139.5 0.75 0 0 1
187 139.5 0.75 0 0 1
188 139.5 0.75 0 0 1
189 139.5 0.75 0 0 1
193 133.5 0.75 0 0 1
194 133.5 0.75 0 0 1
195 133.5 0.75 0 0 1
196 133.5 0.75 0 0 1
197 133.5 0.75 0 0 1
193 135 0.75 0 0 1
194 135 0.75 0 0 1
195 135 0.75 0 0 1
196 135 0.75 0 0 1
197 135 0.75 0 0 1
193 136.5 0.75 0 0 1
194 136.5 0.75 0 0 1
195 136.5 0.75 0 0 1
196 136.5 0.75 0 0 1
197 136.5 0.75 0 0 1
193 138 0.75 0 0 1
194 138 0.75 0 0 1
195 138 0.75 0 0 1
196 138 0.75 0 0 1
197 138 0.75 0 0 1
193 139.5 0.75 0 0 1
194 139.5 0.75 0 0 1
195 139.5 0.75 0 0 1
196 139.5 0.75 0 0 1
197 139.5 0.75 0 0 1
201 133.5 0.75 0 0 1
202 133.5 0.75 0 0 1
203 133.5 0.75 0 0 1
204 133.5 0.75 0 0 1
205 133.5 0.75 0 0 1
201 135 0.75 0 0 1
202 135 0.75 0 0 1
203 135 0.75 0 0 1
204 135 0.75 0 0 1
205 135 0.75 0 0 1
201 136.5 0.75 0 0 1
202 136.5 0.75 0 0 1
203 136.5 0.75 0 0 1
204 136.5 0.75 0 0 1
205 136.5 0.75 0 0 1
201 138 0.75 0 0 1
202 138 0.75 0 0 1
203 138 0.75 0 0 1
204 138 0.75 0 0 1
205 138 0.75 0 0 1
201 139.5 0.75 0 0 1
202 139.5 0.75 0 0 1
203 139.5 0.75 0 0 1
204 139.5 0.75 0 0 1
205 139.5 0.75 0 0 1
209 133.5 0.75 0 0 1
210 133.5 0.75 0 0 1
211 133.5 0.75 0 0 1
212 133.5 0.75 0 0 1
213 133.5 0.75 0 0 1
209 135 0.75 0 0 1
210 135 0.75 0 0 1
211 135 0.75 0 0 1
212 135 0.75 0 0 1
213 135 0.75 0 0 1
209 136.5 0.75 0 0 1
210 136.5 0.75 0 0 1
211 136.5 0.75 0 0 1
212 136.5 0.75 0 0 1
213 136.5 0.75 0 0 1
209 138 0.75 0 0 1
210 138 0.75 0 0 1
211 138 0.75 0 0 1
212 138 0.75 0 0 1
213 138 0.75 0 0 1
209 139.5 0.75 0 0 1
210 139.5 0.75 0 0 1
211 139.5 0.75 0 0 1
212 139.5 0.75 0 0 1
213 139.5 0.75 0 0 1
217 133.5 0.75 0 0 1
218 133.5 0.75 0 0 1
219 133.5 0.75 0 0 1
220 133.5 0.75 0 0 1
221 133.5 0.75 0 0 1
217 135 0.75 0 0 1
218 135 0.75 0 0 1
219 135 0.75 0 0 1
220 135 0.75 0 0 1
221 135 0.75 0 0 1
217 136.5 0.75 0 0 1
218 136.5 0.75 0 0 1
219 136.5 0.75 0 0 1
220 136.5 0.75 0 0 1
221 136.5 0.75 0 0 1
217 138 0.75 0 0 1
218 138 0.75 0 0 1
219 138 0.75 0 0 1
220 138 0.75 0 0 1
221 138 0.75 0 0 1
217 139.5 0.75 0 0 1
218 139.5 0.75 0 0 1
219 139.5 0.75 0 0 1
220 139.5 0.75 0 0 1
221 139.5 0.75 0 0 1
225 133.5 0.75 0 0 1
226 133.5 0.75 0 0 1
227 133.5 0.75 0 0 1
228 133.5 0.75 0 0 1
229 133.5 0.75 0 0 1
225 135 0.75 0 0 1
226 135 0.75 0 0 1
227 135 0.75 0 0 1
228 135 0.75 0 0 1
229 135 0.75 0 0 1
225 136.5 0.75 0 0 1
226 136.5 0.75 0 0 1
227 136.5 0.75 0 0 1
228 136.5 0.75 0 0 1
229 136.5 0.75 0 0 1
225 138 0.75 0 0 1
226 138 0.75 0 0 1
227 138 0.75 0 0 1
228 138 0.75 0 0 1
229 138 0.75 0 0 1
225 139.5 0.75 0 0 1
226 139.5 0.75 0 0 1
227 139.5 0.75 0 0 1
228 139.5 0.75 0 0 1
229 139.5 0.75 0 0 1
233 133.5 0.75 0 0 1
234 133.5 0.75 0 0 1
235 133.5 0.75 0 0 1
236 133.5 0.75 0 0 1
237 133.5 0.75 0 0 1
233 135 0.75 0 0 1
234 135 0.75 0 0 1
235 135 0.75 0 0 1
236 135 0.75 0 0 1
237 135 0.75 0 0 1
233 136.5 0.75 0 0 1
234 136.5 0.75 0 0 1
235 136.5 0.75 0 0 1
236 136.5 0.75 0 0 1
237 136.5 0.75 0 0 1
233 138 0.75 0 0 1
234 138 0.75 0 0 1
235 138 0.75 0 0 1
236 138 0.75 0 0 1
237 138 0.75 0 0 1
233 139.5 0.75 0 0 1
234 139.5 0.75 0 0 1
235 139.5 0.75 0 0 1
236 139.5 0.75 0 0 1
237 139.5 0.75 0 0 1
241 133.5 0.75 0 0 1
242 133.5 0.75 0 0 1
243 133.5 0.75 0 0 1
244 133.5 0.75 0 0 1
245 133.5 0.75 0 0 1
241 135 0.75 0 0 1
242 135 0.75 0 0 1
243 135 0.75 0 0 1
244 135 0.75 0 0 1
245 135 0.75 0 0 1
241 136.5 0.75 0 0 1
242 136.5 0.75 0 0 1
243 136.5 0.75 0 0 1
244 136.5 0.75 0 0 1
245 136.5 0.75 0 0 1
241 138 0.75 0 0 1
242 138 0.75 0 0 1
243 138 0.75 0 0 1
244 138 0.75 0 0 1
245 138 0.75 0 0 1
241 139.5 0.75 0 0 1
242 139.5 0.75 0 0 1
243 139.5 0.75 0 0 1
244 139.5 0.75 0 0 1
245 139.5 0.75 0 0 1
249 133.5 0.75 0 0 1
250 133.5 0.75 0 0 1
251 133.5 0.75 0 0 1
252 133.5 0.75 0 0 1
253 133.5 0.75 0 0 1
249 135 0.75 0 0 1
250 135 0.75 0 0 1
251 135 0.75 0 0 1
252 135 0.75 0 0 1
253 135 0.75 0 0 1
249 136.5 0.75 0 0 1
250 136.5 0.75 0 0 1
251 136.5 0.75 0 0 1
252 136.5 0.75 0 0 1
253 136.5 0.75 0 0 1
249 138 0.75 0 0 1
250 138 0.75 0 0 1
251 138 0.75 0 0 1
252 138 0.75 0 0 1
253 138 0.75 0 0 1
249 139.5 0.75 0 0 1
250 139.5 0.75 0 0 1
251 139.5 0.75 0 0 1
252 139.5 0.75 0 0 1
253 139.5 0.75 0 0 1
1 144.5 0.75 0 0 1
2 144.5 0.75 0 0 1
3 144.5 0.75 0 0 1
4 144.5 0.75 0 0 1
5 144.5 0.75 0 0 1
1 146 0.75 0 0 1
2 146 0.75 0 0 1
3 146 0.75 0 0 1
4 146 0.75 0 0 1
5 146 0.75 0 0 1
1 147.5 0.75 0 0 1
2 147.5 0.75 0 0 1
3 147.5 0.75 0 0 1
4 147.5 0.75 0 0 1
5 147.5 0.75 0 0 1
1 149 0.75 0 0 1
2 149 0.75 0 0 1
3 149 0.75 0 0 1
4 149 0.75 0 0 1
5 149 0.75 0 0 1
1 150.5 0.75 0 0 1
2 150.5 0.75 0 0 1
3 150.5 0.75 0 0 1
4 150.5 0.75 0 0 1
5 150.5 0.75 0 0 1
9 144.5 0.75 0 0 1
10 144.5 0.75 0 0 1
11 144.5 0.75 0 0 1
12 144.5 0.75 0 0 1
13 144.5 0.75 0 0 1
9 146 0.75 0 0 1
10 146 0.75 0 0 1
11 146 0.75 0 0 1
12 146 0.75 0 0 1
13 146 0.75 0 0 1
9 147.5 0.75 0 0 1
10 147.5 0.75 0 0 1
11 147.5 0.75 0 0 1
12 147.5 0.75 0 0 1
13 147.5 0.75 0 0 1
9 149 0.75 0 0 1
10 149 0.75 0 0 1
11 149 0.75 0 0 1
12 149 0.75 0 0 1
13 149 0.75 0 0 1
9 150.5 0.75 0 0 1
10 150.5 0.75 0 0 1
11 150.5 0.75 0 0 1
12 150.5 0.75 0 0 1
13 150.5 0.75 0 0 1
17 144.5 0.75 0 0 1
18 144.5 0.75 0 0 1
19 144.5 0.75 0 0 1
20 144.5 0.75 0 0 1
21 144.5 0.75 0 0 1
17 146 0.75 0 0 1
18 146 0.75 0 0 1
19 146 0.75 0 0 1
20 146 0.75 0 0 1
21 146 0.75 0 0 1
17 147.5 0.75 0 0 1
18 147.5 0.75 0 0 1
19 147.5 0.75 0 0 1
20 147.5 0.75 0 0 1
21 147.5 0.75 0 0 1
17 149 0.75 0 0 1
18 149 0.75 0 0 1
19 149 0.75 0 0 1
20 149 0.75 0 0 1
21 149 0.75 0 0 1
17 150.5 0.75 0 0 1
18 150.5 0.75 0 0 1
19 150.5 0.75 0 0 1
20 150.5 0.75 0 0 1
21 150.5 0.75 0 0 1
25 144.5 0.75 0 0 1
26 144.5 0.75 0 0 1
27 144.5 0.75 0 0 1
28 144.5 0.75 0 0 1
29 144.5 0.75 0 0 1
25 146 0.75 0 0 1
26 146 0.75 0 0 1
27 146 0.75 0 0 1
28 146 0.75 0 0 1
29 146 0.75 0 0 1
25 147.5 0.75 0 0 1
26 147.5 0.75 0 0 1
27 147.5 0.75 0 0 1
28 147.5 0.75 0 0 1
29 147.5 0.75 0 0 1
25 149 0.75 0 0 1
26 149 0.75 0 0 1
27 149 0.75 0 0 1
28 149 0.75 0 0 1
29 149 0.75 0 0 1
25 150.5 0.75 0 0 1
26 150.5 0.75 0 0 1
27 150.5 0.75 0 0 1
28 150.5 0.75 0 0 1
29 150.5 0.75 0 0 1
33 144.5 0.75 0 0 1
34 144.5 0.75 0 0 1
35 144.5 0.75 0 0 1
36 144.5 0.75 0 0 1
37 144.5 0.75 0 0 1
33 146 0.75 0 0 1
34 146 0.75 0 0 1
35 146 0.75 0 0 1
36 146 0.75 0 0 1
37 146 0.75 0 0 1
33 147.5 0.75 0 0 1
34 147.5 0.75 0 0 1
35 147.5 0.75 0 0 1
36 147.5 0.75 0 0 1
37 147.5 0.75 0 0 1
33 149 0.75 0 0 1
34 149 0.75 0 0 1
35 149 0.75 0 0 1
36 149 0.75 0 0 1
37 149 0.75 0 0 1
33 150.5 0.75 0 0 1
34 150.5 0.75 0 0 1
35 150.5 0.75 0 0 1
36 150.5 0.75 0 0 1
37 150.5 0.75 0 0 1
41 144.5 0.75 0 0 1
42 144.5 0.75 0 0 1
43 144.5 0.75 0 0 1
44 144.5 0.75 0 0 1
45 144.5 0.75 0 0 1
41 146 0.75 0 0 1
42 146 0.75 0 0 1
43 146 0.75 0 0 1
44 146 0.75 0 0 1
45 146 0.75 0 0 1
41 147.5 0.75 0 0 1
42 147.5 0.75 0 0 1
43 147.5 0.75 0 0 1
44 147.5 0.75 0 0 1
45 147.5 0.75 0 0 1
41 149 0.75 0 0 1
42 149 0.75 0 0 1
43 149 0.75 0 0 1
44 149 0.75 0 0 1
45 149 0.75 0 0 1
41 150.5 0.75 0 0 1
42 150.5 0.75 0 0 1
43 150.5 0.75 0 0 1
44 150.5 0.75 0 0 1
45 150.5 0.75 0 0 1
49 144.5 0.75 0 0 1
50 144.5 0.75 0 0 1
51 144.5 0.75 0 0 1
52 144.5 0.75 0 0 1
53 144.5 0.75 0 0 1
49 146 0.75 0 0 1
50 146 0.75 0 0 1
51 146 0.75 0 0 1
52 146 0.75 0 0 1
53 146 0.75 0 0 1
49 147.5 0.75 0 0 1
50 147.5 0.75 0 0 1
51 147.5 0.75 0 0 1
52 147.5 0.75 0 0 1
53 147.5 0.75 0 0 1
49 149 0.75 0 0 1
50 149 0.75 0 0 1
51 149 0.75 0 0 1
52 149 0.75 0 0 1
53 149 0.75 0 0 1
49 150.5 0.75 0 0 1
50 150.5 0.75 0 0 1
51 150.5 0.75 0 0 1
52 150.5 0.75 0 0 1
53 150.5 0.75 0 0 1
57 144.5 0.75 0 0 1
58 144.5 0.75 0 0 1
59 144.5 0.75 0 0 1
60 144.5 0.75 0 0 1
61 144.5 0.75 0 0 1
57 146 0.75 0 0 1
58 146 0.75 0 0 1
59 146 0.75 0 0 1
60 146 0.75 0 0 1
61 146 0.75 0 0 1
57 147.5 0.75 0 0 1
58 147.5 0.75 0 0 1
59 147.5 0.75 0 0 1
60 147.5 0.75 0 0 1
61 147.5 0.75 0 0 1
57 149 0.75 0 0 1
58 149 0.75 0 0 1
59 149 0.75 0 0 1
60 149 0.75 0 0 1
61 149 0.75 0 0 1
57 150.5 0.75 0 0 1
58 150.5 0.75 0 0 1
59 150.5 0.75 0 0 1
60 150.5 0.75 0 0 1
61 150.5 0.75 0 0 1
65 144.5 0.75 0 0 1
66 144.5 0.75 0 0 1
67 144.5 0.75 0 0 1
68 144.5 0.75 0 0 1
69 144.5 0.75 0 0 1
65 146 0.75 0 0 1
66 146 0.75 0 0 1
67 146 0.75 0 0 1
68 146 0.75 0 0 1
69 146 0.75 0 0 1
65 147.5 0.75 0 0 1
66 147.5 0.75 0 0 1
67 147.5 0.75 0 0 1
68 147.5 0.75 0 0 1
69 147.5 0.75 0 0 1
65 149 0.75 0 0 1
66 149 0.75 0 0 1
67 149 0.75 0 0 1
68 149 0.75 0 0 1
69 149 0.75 0 0 1
65 150.5 0.75 0 0 1
66 150.5 0.75 0 0 1
67 150.5 0.75 0 0 1
68 150.5 0.75 0 0 1
69 150.5 0.75 0 0 1
73 144.5 0.75 0 0 1
74 144.5 0.75 0 0 1
75 144.5 0.75 0 0 1
76 144.5 0.75 0 0 1
77 144.5 0.75 0 0 1
73 146 0.75 0 0 1
74 146 0.75 0 0 1
75 146 0.75 0 0 1
76 146 0.75 0 0 1
77 146 0.75 0 0 1
73 147.5 0.75 0 0 1
74 147.5 0.75 0 0 1
75 147.5 0.75 0 0 1
76 147.5 0.75 0 0 1
77 147.5 0.75 0 0 1
73 149 0.75 0 0 1
74 149 0.75 0 0 1
75 149 0.75 0 0 1
76 149 0.75 0 0 1
77 149 0.75 0 0 1
73 150.5 0.75 0 0 1
74 150.5 0.75 0 0 1
75 150.5 0.75 0 0 1
76 150.5 0.75 0 0 1
77 150.5 0.75 0 0 1
81 144.5 0.75 0 0 1
82 144.5 0.75 0 0 1
83 144.5 0.75 0 0 1
84 144.5 0.75 0 0 1
85 144.5 0.75 0 0 1
81 146 0.75 0 0 1
82 146 0.75 0 0 1
83 146 0.75 0 0 1
84 146 0.75 0 0 1
85 146 0.75 0 0 1
81 147.5 0.75 0 0 1
82 147.5 0.75 0 0 1
83 147.5 0.75 0 0 1
84 147.5 0.75 0 0 1
85 147.5 0.75 0 0 1
81 149 0.75 0 0 1
82 149 0.75 0 0 1
83 149 0.75 0 0 1
84 149 0.75 0 0 1
85 149 0.75 0 0 1
81 150.5 0.75 0 0 1
82 150.5 0.75 0 0 1
83 150.5 0.75 0 0 1
84 150.5 0.75 0 0 1
85 150.5 0.75 0 0 1
89 144.5 0.75 0 0 1
90 144.5 0.75 0 0 1
91 144.5 0.75 0 0 1
92 144.5 0.75 0 0 1
93 144.5 0.75 0 0 1
89 146 0.75 0 0 1
90 146 0.75 0 0 1
91 146 0.75 0 0 1
92 146 0.75 0 0 1
93 146 0.75 0 0 1
89 147.5 0.75 0 0 1
90 147.5 0.75 0 0 1
91 147.5 0.75 0 0 1
92 147.5 0.75 0 0 1
93 147.5 0.75 0 0 1
89 149 0.75 0 0 1
90 149 0.75 0 0 1
91 149 0.75 0 0 1
92 149 0.75 0 0 1
93 149 0.75 0 0 1
89 150.5 0.75 0 0 1
90 150.5 0.75 0 0 1
91 150.5 0.75 0 0 1
92 150.5 0.75 0 0 1
93 150.5 0.75 0 0 1
97 144.5 0.75 0 0 1
98 144.5 0.75 0 0 1
99 144.5 0.75 0 0 1
100 144.5 0.75 0 0 1
101 144.5 0.75 0 0 1
97 146 0.75 0 0 1
98 146 0.75 0 0 1
99 146 0.75 0 0 1
100 146 0.75 0 0 1
101 146 0.75 0 0 1
97 147.5 0.75 0 0 1
98 147.5 0.75 0 0 1
99 147.5 0.75 0 0 1
100 147.5 0.75 0 0 1
101 147.5 0.75 0 0 1
97 149 0.75 0 0 1
98 149 0.75 0 0 1
99 149 0.75 0 0 1
100 149 0.75 0 0 1
101 149 0.75 0 0 1
97 150.5 0.75 0 0 1
98 150.5 0.75 0 0 1
99 150.5 0.75 0 0 1
100 150.5 0.75 0 0 1
101 150.5 0.75 0 0 1
105 144.5 0.75 0 0 1
106 144.5 0.75 0 0 1
107 144.5 0.75 0 0 1
108 144.5 0.75 0 0 1
109 144.5 0.75 0 0 1
105 146 0.75 0 0 1
106 146 0.75 0 0 1
107 146 0.75 0 0 1
108 146 0.75 0 0 1
109 146 0.75 0 0 1
105 147.5 0.75 0 0 1
106 147.5 0.75 0 0 1
107 147.5 0.75 0 0 1
108 147.5 0.75 0 0 1
109 147.5 0.75 0 0 1
105 149 0.75 0 0 1
106 149 0.75 0 0 1
107 149 0.75 0 0 1
108 149 0.75 0 0 1
109 149 0.75 0 0 1
105 150.5 0.75 0 0 1
106 150.5 0.75 0 0 1
107 150.5 0.75 0 0 1
108 150.5 0.75 0 0 1
109 150.5 0.75 0 0 1
113 144.5 0.75 0 0 1
114 144.5 0.75 0 0 1
115 144.5 0.75 0 0 1
116 144.5 0.75 0 0 1
117 144.5 0.75 0 0 1
113 146 0.75 0 0 1
114 146 0.75 0 0 1
115 146 0.75 0 0 1
116 146 0.75 0 0 1
117 146 0.75 0 0 1
113 147.5 0.75 0 0 1
114 147.5 0.75 0 0 1
115 147.5 0.75 0 0 1
116 147.5 0.75 0 0 1
117 147.5 0.75 0 0 1
113 149 0.75 0 0 1
114 149 0.75 0 0 1
115 149 0.75 0 0 1
116 149 0.75 0 0 1
117 149 0.75 0 0 1
113 150.5 0.75 0 0 1
114 150.5 0.75 0 0 1
115 150.5 0.75 0 0 1
116 150.5 0.75 0 0 1
117 150.5 0.75 0 0 1
121 144.5 0.75 0 0 1
122 144.5 0.75 0 0 1
123 144.5 0.75 0 0 1
124 144.5 0.75 0 0 1
125 144.5 0.75 0 0 1
121 146 0.75 0 0 1
122 146 0.75 0 0 1
123 146 0.75 0 0 1
124 146 0.75 0 0 1
125 146 0.75 0 0 1
121 147.5 0.75 0 0 1
122 147.5 0.75 0 0 1
123 147.5 0.75 0 0 1
124 147.5 0.75 0 0 1
125 147.5 0.75 0 0 1
121 149 0.75 0 0 1
122 149 0.75 0 0 1
123 149 0.75 0 0 1
124 149 0.75 0 0 1
125 149 0.75 0 0 1
121 150.5 0.75 0 0 1
122 150.5 0.75 0 0 1
123 150.5 0.75 0 0 1
124 150.5 0.75 0 0 1
125 150.5 0.75 0 0 1
129 144.5 0.75 0 0 1
130 144.5 0.75 0 0 1
131 144.5 0.75 0 0 1
132 144.5 0.75 0 0 1
133 144.5 0.75 0 0 1
129 146 0.75 0 0 1
130 146 0.75 0 0 1
131 146 0.75 0 0 1
132 146 0.75 0 0 1
133 146 0.75 0 0 1
129 147.5 0.75 0 0 1
130 147.5 0.75 0 0 1
131 147.5 0.75 0 0 1
132 147.5 0.75 0 0 1
133 147.5 0.75 0 0 1
129 149 0.75 0 0 1
130 149 0.75 0 0 1
131 149 0.75 0 0 1
132 149 0.75 0 0 1
133 149 0.75 0 0 1
129 150.5 0.75 0 0 1
130 150.5 0.75 0 0 1
131 150.5 0.75 0 0 1
132 150.5 0.75 0 0 1
133 150.5 0.75 0 0 1
137 144.5 0.75 0 0 1
138 144.5 0.75 0 0 1
139 144.5 0.75 0 0 1
140 144.5 0.75 0 0 1
141 144.5 0.75 0 0 1
137 146 0.75 0 0 1
138 146 0.75 0 0 1
139 146 0.75 0 0 1
140 146 0.75 0 0 1
141 146 0.75 0 0 1
137 147.5 0.75 0 0 1
138 147.5 0.75 0 0 1
139 147.5 0.75 0 0 1
140 147.5 0.75 0 0 1
141 147.5 0.75 0 0 1
137 149 0.75 0 0 1
138 149 0.75 0 0 1
139 149 0.75 0 0 1
140 149 0.75 0 0 1
141 149 0.75 0 0 1
137 150.5 0.75 0 0 1
138 150.5 0.75 0 0 1
139 150.5 0.75 0 0 1
140 150.5 0.75 0 0 1
141 150.5 0.75 0 0 1
145 144.5 0.75 0 0 1
146 144.5 0.75 0 0 1
147 144.5 0.75 0 0 1
148 144.5 0.75 0 0 1
149 144.5 0.75 0 0 1
145 146 0.75 0 0 1
146 146 0.75 0 0 1
147 146 0.75 0 0 1
148 146 0.75 0 0 1
149 146 0.75 0 0 1
145 147.5 0.75 0 0 1
146 147.5 0.75 0 0 1
147 147.5 0.75 0 0 1
148 147.5 0.75 0 0 1
149 147.5 0.75 0 0 1
145 149 0.75 0 0 1
146 149 0.75 0 0 1
147 149 0.75 0 0 1
148 149 0.75 0 0 1
149 149 0.75 0 0 1
145 150.5 0.75 0 0 1
146 150.5 0.75 0 0 1
147 150.5 0.75 0 0 1
148 150.5 0.75 0 0 1
149 150.5 0.75 0 0 1
153 144.5 0.75 0 0 1
154 144.5 0.75 0 0 1
155 144.5 0.75 0 0 1
156 144.5 0.75 0 0 1
157 144.5 0.75 0 0 1
153 146 0.75 0 0 1
154 146 0.75 0 0 1
155 146 0.75 0 0 1
156 146 0.75 0 0 1
157 146 0.75 0 0 1
153 147.5 0.75 0 0 1
154 147.5 0.75 0 0 1
155 147.5 0.75 0 0 1
156 147.5 0.75 0 0 1
157 147.5 0.75 0 0 1
153 149 0.75 0 0 1
154 149 0.75 0 0 1
155 149 0.75 0 0 1
156 149 0.75 0 0 1
157 149 0.75 0 0 1
153 150.5 0.75 0 0 1
154 150.5 0.75 0 0 1
155 150.5 0.75 0 0 1
156 150.5 0.75 0 0 1
157 150.5 0.75 0 0 1
161 144.5 0.75 0 0 1
162 144.5 0.75 0 0 1
163 144.5 0.75 0 0 1
164 144.5 0.75 0 0 1
165 144.5 0.75 0 0 1
161 146 0.75 0 0 1
162 146 0.75 0 0 1
163 146 0.75 0 0 1
164 146 0.75 0 0 1
165 146 0.75 0 0 1
161 147.5 0.75 0 0 1
162 147.5 0.75 0 0 1
163 147.5 0.75 0 0 1
164 147.5 0.75 0 0 1
165 147.5 0.75 0 0 1
161 149 0.75 0 0 1
162 149 0.75 0 0 1
163 149 0.75 0 0 1
164 149 0.75 0 0 1
165 149 0.75 0 0 1
161 150.5 0.75 0 0 1
162 150.5 0.75 0 0 1
163 150.5 0.75 0 0 1
164 150.5 0.75 0 0 1
165 150.5 0.75 0 0 1
169 144.5 0.75 0 0 1
170 144.5 0.75 0 0 1
171 144.5 0.75 0 0 1
172 144.5 0.75 0 0 1
173 144.5 0.75 0 0 1
169 146 0.75 0 0 1
170 146 0.75 0 0 1
171 146 0.75 0 0 1
172 146 0.75 0 0 1
173 146 0.75 0 0 1
169 147.5 0.75 0 0 1
170 147.5 0.75 0 0 1
171 147.5 0.75 0 0 1
172 147.5 0.75 0 0 1
173 147.5 0.75 0 0 1
169 149 0.75 0 0 1
170 149 0.75 0 0 1
171 149 0.75 0 0 1
172 149 0.75 0 0 1
173 149 0.75 0 0 1
169 150.5 0.75 0 0 1
170 150.5 0.75 0 0 1
171 150.5 0.75 0 0 1
172 150.5 0.75 0 0 1
173 150.5 0.75 0 0 1
177 144.5 0.75 0 0 1
178 144.5 0.75 0 0 1
179 144.5 0.75 0 0 1
180 144.5 0.75 0 0 1
181 144.5 0.75 0 0 1
177 146 0.75 0 0 1
178 146 0.75 0 0 1
179 146 0.75 0 0 1
180 146 0.75 0 0 1
181 146 0.75 0 0 1
177 147.5 0.75 0 0 1
178 147.5 0.75 0 0 1
179 147.5 0.75 0 0 1
180 147.5 0.75 0 0 1
181 147.5 0.75 0 0 1
177 149 0.75 0 0 1
178 149 0.75 0 0 1
179 149 0.75 0 0 1
180 149 0.75 0 0 1
181 149 0.75 0 0 1
177 150.5 0.75 0 0 1
178 150.5 0.75 0 0 1
179 150.5 0.75 0 0 1
180 150.5 0.75 0 0 1
181 150.5 0.75 0 0 1
185 144.5 0.75 0 0 1
186 144.5 0.75 0 0 1
187 144.5 0.75 0 0 1
188 144.5 0.75 0 0 1
189 144.5 0.75 0 0 1
185 146 0.75 0 0 1
186 146 0.75 0 0 1
187 146 0.75 0 0 1
188 146 0.75 0 0 1
189 146 0.75 0 0 1
185 147.5 0.75 0 0 1
186 147.5 0.75 0 0 1
187 147.5 0.75 0 0 1
188 147.5 0.75 0 0 1
189 147.5 0.75 0 0 1
185 149 0.75 0 0 1
186 149 0.75 0 0 1
187 149 0.75 0 0 1
188 149 0.75 0 0 1
189 149 0.75 0 0 1
185 150.5 0.75 0 0 1
186 150.5 0.75 0 0 1
187 150.5 0.75 0 0 1
188 150.5 0.75 0 0 1
189 150.5 0.75 0 0 1
193 144.5 0.75 0 0 1
194 144.5 0.75 0 0 1
195 144.5 0.75 0 0 1
196 144.5 0.75 0 0 1
197 144.5 0.75 0 0 1
193 146 0.75 0 0 1
194 146 0.75 0 0 1
195 146 0.75 0 0 1
196 146 0.75 0 0 1
197 146 0.75 0 0 1
193 147.5 0.75 0 0 1
194 147.5 0.75 0 0 1
195 147.5 0.75 0 0 1
196 147.5 0.75 0 0 1
197 147.5 0.75 0 0 1
193 149 0.75 0 0 1
194 149 0.75 0 0 1
195 149 0.75 0 0 1
196 149 0.75 0 0 1
197 149 0.75 0 0 1
193 150.5 0.75 0 0 1
194 150.5 0.75 0 0 1
195 150.5 0.75 0 0 1
196 150.5 0.75 0 0 1
197 150.5 0.75 0 0 1
201 144.5 0.75 0 0 1
202 144.5 0.75 0 0 1
203 144.5 0.75 0 0 1
204 144.5 0.75 0 0 1
205 144.5 0.75 0 0 1
201 146 0.75 0 0 1
202 146 0.75 0 0 1
203 146 0.75 0 0 1
204 146 0.75 0 0 1
205 146 0.75 0 0 1
201 147.5 0.75 0 0 1
202 147.5 0.75 0 0 1
203 147.5 0.75 0 0 1
204 147.5 0.75 0 0 1
205 147.5 0.75 0 0 1
201 149 0.75 0 0 1
202 149 0.75 0 0 1
203 149 0.75 0 0 1
204 149 0.75 0 0 1
205 149 0.75 0 0 1
201 150.5 0.75 0 0 1
202 150.5 0.75 0 0 1
203 150.5 0.75 0 0 1
204 150.5 0.75 0 0 1
205 150.5 0.75 0 0 1
209 144.5 0.75 0 0 1
210 144.5 0.75 0 0 1
211 144.5 0.75 0 0 1
212 144.5 0.75 0 0 1
213 144.5 0.75 0 0 1
209 146 0.75 0 0 1
210 146 0.75 0 0 1
211 146 0.75 0 0 1
212 146 0.75 0 0 1
213 146 0.75 0 0 1
209 147.5 0.75 0 0 1
210 147.5 0.75 0 0 1
211 147.5 0.75 0 0 1
212 147.5 0.75 0 0 1
213 147.5 0.75 0 0 1
209 149 0.75 0 0 1
210 149 0.75 0 0 1
211 149 0.75 0 0 1
212 149 0.75 0 0 1
213 149 0.75 0 0 1
209 150.5 0.75 0 0 1
210 150.5 0.75 0 0 1
211 150.5 0.75 0 0 1
212 150.5 0.75 0 0 1
213 150.5 0.75 0 0 1
217 144.5 0.75 0 0 1
218 144.5 0.75 0 0 1
219 144.5 0.75 0 0 1
220 144.5 0.75 0 0 1
221 144.5 0.75 0 0 1
217 146 0.75 0 0 1
218 146 0.75 0 0 1
219 146 0.75 0 0 1
220 146 0.75 0 0 1
221 146 0.75 0 0 1
217 147.5 0.75 0 0 1
218 147.5 0.75 0 0 1
219 147.5 0.75 0 0 1
220 147.5 0.75 0 0 1
221 147.5 0.75 0 0 1
217 149 0.75 0 0 1
218 149 0.75 0 0 1
219 149 0.75 0 0 1
220 149 0.75 0 0 1
221 149 0.75 0 0 1
217 150.5 0.75 0 0 1
218 150.5 0.75 0 0 1
219 150.5 0.75 0 0 1
220 150.5 0.75 0 0 1
221 150.5 0.75 0 0 1
225 144.5 0.75 0 0 1
226 144.5 0.75 0 0 1
227 144.5 0.75 0 0 1
228 144.5 0.75 0 0 1
229 144.5 0.75 0 0 1
225 146 0.75 0 0 1
226 146 0.75 0 0 1
227 146 0.75 0 0 1
228 146 0.75 0 0 1
229 146 0.75 0 0 1
225 147.5 0.75 0 0 1
226 147.5 0.75 0 0 1
227 147.5 0.75 0 0 1
228 147.5 0.75 0 0 1
229 147.5 0.75 0 0 1
225 149 0.75 0 0 1
226 149 0.75 0 0 1
227 149 0.75 0 0 1
228 149 0.75 0 0 1
229 149 0.75 0 0 1
225 150.5 0.75 0 0 1
226 150.5 0.75 0 0 1
227 150.5 0.75 0 0 1
228 150.5 0.75 0 0 1
229 150.5 0.75 0 0 1
233 144.5 0.75 0 0 1
234 144.5 0.75 0 0 1
235 144.5 0.75 0 0 1
236 144.5 0.75 0 0 1
237 144.5 0.75 0 0 1
233 146 0.75 0 0 1
234 146 0.75 0 0 1
235 146 0.75 0 0 1
236 146 0.75 0 0 1
237 146 0.75 0 0 1
233 147.5 0.75 0 0 1
234 147.5 0.75 0 0 1
235 147.5 0.75 0 0 1
236 147.5 0.75 0 0 1
237 147.5 0.75 0 0 1
233 149 0.75 0 0 1
234 149 0.75 0 0 1
235 149 0.75 0 0 1
236 149 0.75 0 0 1
237 149 0.75 0 0 1
233 150.5 0.75 0 0 1
234 150.5 0.75 0 0 1
235 150.5 0.75 0 0 1
236 150.5 0.75 0 0 1
237 150.5 0.75 0 0 1
241 144.5 0.75 0 0 1
242 144.5 0.75 0 0 1
243 144.5 0.75 0 0 1
244 144.5 0.75 0 0 1
245 144.5 0.75 0 0 1
241 146 0.75 0 0 1
242 146 0.75 0 0 1
243 146 0.75 0 0 1
244 146 0.75 0 0 1
245 146 0.75 0 0 1
241 147.5 0.75 0 0 1
242 147.5 0.75 0 0 1
243 147.5 0.75 0 0 1
244 147.5 0.75 0 0 1
245 147.5 0.75 0 0 1
241 149 0.75 0 0 1
242 149 0.75 0 0 1
243 149 0.75 0 0 1
244 149 0.75 0 0 1
245 149 0.75 0 0 1
241 150.5 0.75 0 0 1
242 150.5 0.75 0 0 1
243 150.5 0.75 0 0 1
244 150.5 0.75 0 0 1
245 150.5 0.75 0 0 1
249 144.5 0.75 0 0 1
250 144.5 0.75 0 0 1
251 144.5 0.75 0 0 1
252 144.5 0.75 0 0 1
253 144.5 0.75 0 0 1
249 146 0.75 0 0 1
250 146 0.75 0 0 1
251 146 0.75 0 0 1
252 146 0.75 0 0 1
253 146 0.75 0 0 1
249 147.5 0.75 0 0 1
250 147.5 0.75 0 0 1
251 147.5 0.75 0 0 1
252 147.5 0.75 0 0 1
253 147.5 0.75 0 0 1
249 149 0.75 0 0 1
250 149 0.75 0 0 1
251 149 0.75 0 0 1
252 149 0.75 0 0 1
253 149 0.75 0 0 1
249 150.5 0.75 0 0 1
250 150.5 0.75 0 0 1
251 150.5 0.75 0 0 1
252 150.5 0.75 0 0 1
253 150.5 0.75 0 0 1
1 155.5 0.75 0 0 1
2 155.5 0.75 0 0 1
3 155.5 0.75 0 0 1
4 155.5 0.75 0 0 1
5 155.5 0.75 0 0 1
1 157 0.75 0 0 1
2 157 0.75 0 0 1
3 157 0.75 0 0 1
4 157 0.75 0 0 1
5 157 0.75 0 0 1
1 158.5 0.75 0 0 1
2 158.5 0.75 0 0 1
3 158.5 0.75 0 0 1
4 158.5 0.75 0 0 1
5 158.5 0.75 0 0 1
1 160 0.75 0 0 1
2 160 0.75 0 0 1
3 160 0.75 0 0 1
4 160 0.75 0 0 1
5 160 0.75 0 0 1
1 161.5 0.75 0 0 1
2 161.5 0.75 0 0 1
3 161.5 0.75 0 0 1
4 161.5 0.75 0 0 1
5 161.5 0.75 0 0 1
9 155.5 0.75 0 0 1
10 155.5 0.75 0 0 1
11 155.5 0.75 0 0 1
12 155.5 0.75 0 0 1
13 155.5 0.75 0 0 1
9 157 0.75 0 0 1
10 157 0.75 0 0 1
11 157 0.75 0 0 1
12 157 0.75 0 0 1
13 157 0.75 0 0 1
9 158.5 0.75 0 0 1
10 158.5 0.75 0 0 1
11 158.5 0.75 0 0 1
12 158.5 0.75 0 0 1
13 158.5 0.75 0 0 1
9 160 0.75 0 0 1
10 160 0.75 0 0 1
11 160 0.75 0 0 1
12 160 0.75 0 0 1
13 160 0.75 0 0 1
9 161.5 0.75 0 0 1
10 161.5 0.75 0 0 1
11 161.5 0.75 0 0 1
12 161.5 0.75 0 0 1
13 161.5 0.75 0 0 1
17 155.5 0.75 0 0 1
18 155.5 0.75 0 0 1
19 155.5 0.75 0 0 1
20 155.5 0.75 0 0 1
21 155.5 0.75 0 0 1
17 157 0.75 0 0 1
18 157 0.75 0 0 1
19 157 0.75 0 0 1
20 157 0.75 0 0 1
21 157 0.75 0 0 1
17 158.5 0.75 0 0 1
18 158.5 0.75 0 0 1
19 158.5 0.75 0 0 1
20 158.5 0.75 0 0 1
21 158.5 0.75 0 0 1
17 160 0.75 0 0 1
18 160 0.75 0 0 1
19 160 0.75 0 0 1
20 160 0.75 0 0 1
21 160 0.75 0 0 1
17 161.5 0.75 0 0 1
18 161.5 0.75 0 0 1
19 161.5 0.75 0 0 1
20 161.5 0.75 0 0 1
21 161.5 0.75 0 0 1
25 155.5 0.75 0 0 1
26 155.5 0.75 0 0 1
27 155.5 0.75 0 0 1
28 155.5 0.75 0 0 1
29 155.5 0.75 0 0 1
25 157 0.75 0 0 1
26 157 0.75 0 0 1
27 157 0.75 0 0 1
28 157 0.75 0 0 1
29 157 0.75 0 0 1
25 158.5 0.75 0 0 1
26 158.5 0.75 0 0 1
27 158.5 0.75 0 0 1
28 158.5 0.75 0 0 1
29 158.5 0.75 0 0 1
25 160 0.75 0 0 1
26 160 0.75 0 0 1
27 160 0.75 0 0 1
28 160 0.75 0 0 1
29 160 0.75 0 0 1
25 161.5 0.75 0 0 1
26 161.5 0.75 0 0 1
27 161.5 0.75 0 0 1
28 161.5 0.75 0 0 1
29 161.5 0.75 0 0 1
33 155.5 0.75 0 0 1
34 155.5 0.75 0 0 1
35 155.5 0.75 0 0 1
36 155.5 0.75 0 0 1
37 155.5 0.75 0 0 1
33 157 0.75 0 0 1
34 157 0.75 0 0 1
35 157 0.75 0 0 1
36 157 0.75 0 0 1
37 157 0.75 0 0 1
33 158.5 0.75 0 0 1
34 158.5 0.75 0 0 1
35 158.5 0.75 0 0 1
36 158.5 0.75 0 0 1
37 158.5 0.75 0 0 1
33 160 0.75 0 0 1
34 160 0.75 0 0 1
35 160 0.75 0 0 1
36 160 0.75 0 0 1
37 160 0.75 0 0 1
33 161.5 0.75 0 0 1
34 161.5 0.75 0 0 1
35 161.5 0.75 0 0 1
36 161.5 0.75 0 0 1
37 161.5 0.75 0 0 1
41 155.5 0.75 0 0 1
42 155.5 0.75 0 0 1
43 155.5 0.75 0 0 1
44 155.5 0.75 0 0 1
45 155.5 0.75 0 0 1
41 157 0.75 0 0 1
42 157 0.75 0 0 1
43 157 0.75 0 0 1
44 157 0.75 0 0 1
45 157 0.75 0 0 1
41 158.5 0.75 0 0 1
42 158.5 0.75 0 0 1
43 158.5 0.75 0 0 1
44 158.5 0.75 0 0 1
45 158.5 0.75 0 0 1
41 160 0.75 0 0 1
42 160 0.75 0 0 1
43 160 0.75 0 0 1
44 160 0.75 0 0 1
45 160 0.75 0 0 1
41 161.5 0.75 0 0 1
42 161.5 0.75 0 0 1
43 161.5 0.75 0 0 1
44 161.5 0.75 0 0 1
45 161.5 0.75 0 0 1
49 155.5 0.75 0 0 1
50 155.5 0.75 0 0 1
51 155.5 0.75 0 0 1
52 155.5 0.75 0 0 1
53 155.5 0.75 0 0 1
49 157 0.75 0 0 1
50 157 0.75 0 0 1
51 157 0.75 0 0 1
52 157 0.75 0 0 1
53 157 0.75 0 0 1
49 158.5 0.75 0 0 1
50 158.5 0.75 0 0 1
51 158.5 0.75 0 0 1
52 158.5 0.75 0 0 1
53 158.5 0.75 0 0 1
49 160 0.75 0 0 1
50 160 0.75 0 0 1
51 160 0.75 0 0 1
52 160 0.75 0 0 1
53 160 0.75 0 0 1
49 161.5 0.75 0 0 1
50 161.5 0.75 0 0 1
51 161.5 0.75 0 0 1
52 161.5 0.75 0 0 1
53 161.5 0.75 0 0 1
57 155.5 0.75 0 0 1
58 155.5 0.75 0 0 1
59 155.5 0.75 0 0 1
60 155.5 0.75 0 0 1
61 155.5 0.75 0 0 1
57 157 0.75 0 0 1
58 157 0.75 0 0 1
59 157 0.75 0 0 1
60 157 0.75 0 0 1
61 157 0.75 0 0 1
57 158.5 0.75 0 0 1
58 158.5 0.75 0 0 1
59 158.5 0.75 0 0 1
60 158.5 0.75 0 0 1
61 158.5 0.75 0 0 1
57 160 0.75 0 0 1
58 160 0.75 0 0 1
59 160 0.75 0 0 1
60 160 0.75 0 0 1
61 160 0.75 0 0 1
57 161.5 0.75 0 0 1
58 161.5 0.75 0 0 1
59 161.5 0.75 0 0 1
60 161.5 0.75 0 0 1
61 161.5 0.75 0 0 1
65 155.5 0.75 0 0 1
66 155.5 0.75 0 0 1
67 155.5 0.75 0 0 1
68 155.5 0.75 0 0 1
69 155.5 0.75 0 0 1
65 157 0.75 0 0 1
66 157 0.75 0 0 1
67 157 0.75 0 0 1
68 157 0.75 0 0 1
69 157 0.75 0 0 1
65 158.5 0.75 0 0 1
66 158.5 0.75 0 0 1
67 158.5 0.75 0 0 1
68 158.5 0.75 0 0 1
69 158.5 0.75 0 0 1
65 160 0.75 0 0 1
66 160 0.75 0 0 1
67 160 0.75 0 0 1
68 160 0.75 0 0 1
69 160 0.75 0 0 1
65 161.5 0.75 0 0 1
66 161.5 0.75 0 0 1
67 161.5 0.75 0 0 1
68 161.5 0.75 0 0 1
69 161.5 0.75 0 0 1
73 155.5 0.75 0 0 1
74 155.5 0.75 0 0 1
75 155.5 0.75 0 0 1
76 155.5 0.75 0 0 1
77 155.5 0.75 0 0 1
73 157 0.75 0 0 1
74 157 0.75 0 0 1
75 157 0.75 0 0 1
76 157 0.75 0 0 1
77 157 0.75 0 0 1
73 158.5 0.75 0 0 1
74 158.5 0.75 0 0 1
75 158.5 0.75 0 0 1
76 158.5 0.75 0 0 1
77 158.5 0.75 0 0 1
73 160 0.75 0 0 1
74 160 0.75 0 0 1
75 160 0.75 0 0 1
76 160 0.75 0 0 1
77 160 0.75 0 0 1
73 161.5 0.75 0 0 1
74 161.5 0.75 0 0 1
75 161.5 0.75 0 0 1
76 161.5 0.75 0 0 1
77 161.5 0.75 0 0 1
81 155.5 0.75 0 0 1
82 155.5 0.75 0 0 1
83 155.5 0.75 0 0 1
84 155.5 0.75 0 0 1
85 155.5 0.75 0 0 1
81 157 0.75 0 0 1
82 157 0.75 0 0 1
83 157 0.75 0 0 1
84 157 0.75 0 0 1
85 157 0.75 0 0 1
81 158.5 0.75 0 0 1
82 158.5 0.75 0 0 1
83 158.5 0.75 0 0 1
84 158.5 0.75 0 0 1
85 158.5 0.75 0 0 1
81 160 0.75 0 0 1
82 160 0.75 0 0 1
83 160 0.75 0 0 1
84 160 0.75 0 0 1
85 160 0.75 0 0 1
81 161.5 0.75 0 0 1
82 161.5 0.75 0 0 1
83 161.5 0.75 0 0 1
84 161.5 0.75 0 0 1
85 161.5 0.75 0 0 1
89 155.5 0.75 0 0 1
90 155.5 0.75 0 0 1
91 155.5 0.75 0 0 1
92 155.5 0.75 0 0 1
93 155.5 0.75 0 0 1
89 157 0.75 0 0 1
90 157 0.75 0 0 1
91 157 0.75 0 0 1
92 157 0.75 0 0 1
93 157 0.75 0 0 1
89 158.5 0.75 0 0 1
90 158.5 0.75 0 0 1
91 158.5 0.75 0 0 1
92 158.5 0.75 0 0 1
93 158.5 0.75 0 0 1
89 160 0.75 0 0 1
90 160 0.75 0 0 1
91 160 0.75 0 0 1
92 160 0.75 0 0 1
93 160 0.75 0 0 1
89 161.5 0.75 0 0 1
90 161.5 0.75 0 0 1
91 161.5 0.75 0 0 1
92 161.5 0.75 0 0 1
93 161.5 0.75 0 0 1
97 155.5 0.75 0 0 1
98 155.5 0.75 0 0 1
99 155.5 0.75 0 0 1
100 155.5 0.75 0 0 1
101 155.5 0.75 0 0 1
97 157 0.75 0 0 1
98 157 0.75 0 0 1
99 157 0.75 0 0 1
100 157 0.75 0 0 1
101 157 0.75 0 0 1
97 158.5 0.75 0 0 1
98 158.5 0.75 0 0 1
99 158.5 0.75 0 0 1
100 158.5 0.75 0 0 1
101 158.5 0.75 0 0 1
97 160 0.75 0 0 1
98 160 0.75 0 0 1
99 160 0.75 0 0 1
100 160 0.75 0 0 1
101 160 0.75 0 0 1
97 161.5 0.75 0 0 1
98 161.5 0.75 0 0 1
99 161.5 0.75 0 0 1
100 161.5 0.75 0 0 1
101 161.5 0.75 0 0 1
105 155.5 0.75 0 0 1
106 155.5 0.75 0 0 1
107 155.5 0.75 0 0 1
108 155.5 0.75 0 0 1
109 155.5 0.75 0 0 1
105 157 0.75 0 0 1
106 157 0.75 0 0 1
107 157 0.75 0 0 1
108 157 0.75 0 0 1
109 157 0.75 0 0 1
105 158.5 0.75 0 0 1
106 158.5 0.75 0 0 1
107 158.5 0.75 0 0 1
108 158.5 0.75 0 0 1
109 158.5 0.75 0 0 1
105 160 0.75 0 0 1
106 160 0.75 0 0 1
107 160 0.75 0 0 1
108 160 0.75 0 0 1
109 160 0.75 0 0 1
105 161.5 0.75 0 0 1
106 161.5 0.75 0 0 1
107 161.5 0.75 0 0 1
108 161.5 0.75 0 0 1
109 161.5 0.75 0 0 1
113 155.5 0.75 0 0 1
114 155.5 0.75 0 0 1
115 155.5 0.75 0 0 1
116 155.5 0.75 0 0 1
117 155.5 0.75 0 0 1
113 157 0.75 0 0 1
114 157 0.75 0 0 1
115 157 0.75 0 0 1
116 157 0.75 0 0 1
117 157 0.75 0 0 1
113 158.5 0.75 0 0 1
114 158.5 0.75 0 0 1
115 158.5 0.75 0 0 1
116 158.5 0.75 0 0 1
117 158.5 0.75 0 0 1
113 160 0.75 0 0 1
114 160 0.75 0 0 1
115 160 0.75 0 0 1
116 160 0.75 0 0 1
117 160 0.75 0 0 1
113 161.5 0.75 0 0 1
114 161.5 0.75 0 0 1
115 161.5 0.75 0 0 1
116 161.5 0.75 0 0 1
117 161.5 0.75 0 0 1
121 155.5 0.75 0 0 1
122 155.5 0.75 0 0 1
123 155.5 0.75 0 0 1
124 155.5 0.75 0 0 1
125 155.5 0.75 0 0 1
121 157 0.75 0 0 1
122 157 0.75 0 0 1
123 157 0.75 0 0 1
124 157 0.75 0 0 1
125 157 0.75 0 0 1
121 158.5 0.75 0 0 1
122 158.5 0.75 0 0 1
123 158.5 0.75 0 0 1
124 158.5 0.75 0 0 1
125 158.5 0.75 0 0 1
121 160 0.75 0 0 1
122 160 0.75 0 0 1
123 160 0.75 0 0 1
124 160 0.75 0 0 1
125 160 0.75 0 0 1
121 161.5 0.75 0 0 1
122 161.5 0.75 0 0 1
123 161.5 0.75 0 0 1
124 161.5 0.75 0 0 1
125 161.5 0.75 0 0 1
129 155.5 0.75 0 0 1
130 155.5 0.75 0 0 1
131 155.5 0.75 0 0 1
132 155.5 0.75 0 0 1
133 155.5 0.75 0 0 1
129 157 0.75 0 0 1
130 157 0.75 0 0 1
131 157 0.75 0 0 1
132 157 0.75 0 0 1
133 157 0.75 0 0 1
129 158.5 0.75 0 0 1
130 158.5 0.75 0 0 1
131 158.5 0.75 0 0 1
132 158.5 0.75 0 0 1
133 158.5 0.75 0 0 1
129 160 0.75 0 0 1
130 160 0.75 0 0 1
131 160 0.75 0 0 1
132 160 0.75 0 0 1
133 160 0.75 0 0 1
129 161.5 0.75 0 0 1
130 161.5 0.75 0 0 1
131 161.5 0.75 0 0 1
132 161.5 0.75 0 0 1
133 161.5 0.75 0 0 1
137 155.5 0.75 0 0 1
138 155.5 0.75 0 0 1
139 155.5 0.75 0 0 1
140 155.5 0.75 0 0 1
141 155.5 0.75 0 0 1
137 157 0.75 0 0 1
138 157 0.75 0 0 1
139 157 0.75 0 0 1
140 157 0.75 0 0 1
141 157 0.75 0 0 1
137 158.5 0.75 0 0 1
138 158.5 0.75 0 0 1
139 158.5 0.75 0 0 1
140 158.5 0.75 0 0 1
141 158.5 0.75 0 0 1
137 160 0.75 0 0 1
138 160 0.75 0 0 1
139 160 0.75 0 0 1
140 160 0.75 0 0 1
141 160 0.75 0 0 1
137 161.5 0.75 0 0 1
138 161.5 0.75 0 0 1
139 161.5 0.75 0 0 1
140 161.5 0.75 0 0 1
141 161.5 0.75 0 0 1
145 155.5 0.75 0 0 1
146 155.5 0.75 0 0 1
147 155.5 0.75 0 0 1
148 155.5 0.75 0 0 1
149 155.5 0.75 0 0 1
145 157 0.75 0 0 1
146 157 0.75 0 0 1
147 157 0.75 0 0 1
148 157 0.75 0 0 1
149 157 0.75 0 0 1
145 158.5 0.75 0 0 1
146 158.5 0.75 0 0 1
147 158.5 0.75 0 0 1
148 158.5 0.75 0 0 1
149 158.5 0.75 0 0 1
145 160 0.75 0 0 1
146 160 0.75 0 0 1
147 160 0.75 0 0 1
148 160 0.75 0 0 1
149 160 0.75 0 0 1
145 161.5 0.75 0 0 1
146 161.5 0.75 0 0 1
147 161.5 0.75 0 0 1
148 161.5 0.75 0 0 1
149 161.5 0.75 0 0 1
153 155.5 0.75 0 0 1
154 155.5 0.75 0 0 1
155 155.5 0.75 0 0 1
156 155.5 0.75 0 0 1
157 155.5 0.75 0 0 1
153 157 0.75 0 0 1
154 157 0.75 0 0 1
155 157 0.75 0 0 1
156 157 0.75 0 0 1
157 157 0.75 0 0 1
153 158.5 0.75 0 0 1
154 158.5 0.75 0 0 1
155 158.5 0.75 0 0 1
156 158.5 0.75 0 0 1
157 158.5 0.75 0 0 1
153 160 0.75 0 0 1
154 160 0.75 0 0 1
155 160 0.75 0 0 1
156 160 0.75 0 0 1
157 160 0.75 0 0 1
153 161.5 0.75 0 0 1
154 161.5 0.75 0 0 1
155 161.5 0.75 0 0 1
156 161.5 0.75 0 0 1
157 161.5 0.75 0 0 1
161 155.5 0.75 0 0 1
162 155.5 0.75 0 0 1
163 155.5 0.75 0 0 1
164 155.5 0.75 0 0 1
165 155.5 0.75 0 0 1
161 157 0.75 0 0 1
162 157 0.75 0 0 1
163 157 0.75 0 0 1
164 157 0.75 0 0 1
165 157 0.75 0 0 1
161 158.5 0.75 0 0 1
162 158.5 0.75 0 0 1
163 158.5 0.75 0 0 1
164 158.5 0.75 0 0 1
165 158.5 0.75 0 0 1
161 160 0.75 0 0 1
162 160 0.75 0 0 1
163 160 0.75 0 0 1
164 160 0.75 0 0 1
165 160 0.75 0 0 1
161 161.5 0.75 0 0 1
162 161.5 0.75 0 0 1
163 161.5 0.75 0 0 1
164 161.5 0.75 0 0 1
165 161.5 0.75 0 0 1
169 155.5 0.75 0 0 1
170 155.5 0.75 0 0 1
171 155.5 0.75 0 0 1
172 155.5 0.75 0 0 1
173 155.5 0.75 0 0 1
169 157 0.75 0 0 1
170 157 0.75 0 0 1
171 157 0.75 0 0 1
172 157 0.75 0 0 1
173 157 0.75 0 0 1
169 158.5 0.75 0 0 1
170 158.5 0.75 0 0 1
171 158.5 0.75 0 0 1
172 158.5 0.75 0 0 1
173 158.5 0.75 0 0 1
169 160 0.75 0 0 1
170 160 0.75 0 0 1
171 160 0.75 0 0 1
172 160 0.75 0 0 1
173 160 0.75 0 0 1
169 161.5 0.75 0 0 1
170 161.5 0.75 0 0 1
171 161.5 0.75 0 0 1
172 161.5 0.75 0 0 1
173 161.5 0.75 0 0 1
177 155.5 0.75 0 0 1
178 155.5 0.75 0 0 1
179 155.5 0.75 0 0 1
180 155.5 0.75 0 0 1
181 155.5 0.75 0 0 1
177 157 0.75 0 0 1
178 157 0.75 0 0 1
179 157 0.75 0 0 1
180 157 0.75 0 0 1
181 157 0.75 0 0 1
177 158.5 0.75 0 0 1
178 158.5 0.75 0 0 1
179 158.5 0.75 0 0 1
180 158.5 0.75 0 0 1
181 158.5 0.75 0 0 1
177 160 0.75 0 0 1
178 160 0.75 0 0 1
179 160 0.75 0 0 1
180 160 0.75 0 0 1
181 160 0.75 0 0 1
177 161.5 0.75 0 0 1
178 161.5 0.75 0 0 1
179 161.5 0.75 0 0 1
180 161.5 0.75 0 0 1
181 161.5 0.75 0 0 1
185 155.5 0.75 0 0 1
186 155.5 0.75 0 0 1
187 155.5 0.75 0 0 1
188 155.5 0.75 0 0 1
189 155.5 0.75 0 0 1
185 157 0.75 0 0 1
186 157 0.75 0 0 1
187 157 0.75 0 0 1
188 157 0.75 0 0 1
189 157 0.75 0 0 1
185 158.5 0.75 0 0 1
186 158.5 0.75 0 0 1
187 158.5 0.75 0 0 1
188 158.5 0.75 0 0 1
189 158.5 0.75 0 0 1
185 160 0.75 0 0 1
186 160 0.75 0 0 1
187 160 0.75 0 0 1
188 160 0.75 0 0 1
189 160 0.75 0 0 1
185 161.5 0.75 0 0 1
186 161.5 0.75 0 0 1
187 161.5 0.75 0 0 1
188 161.5 0.75 0 0 1
189 161.5 0.75 0 0 1
193 155.5 0.75 0 0 1
194 155.5 0.75 0 0 1
195 155.5 0.75 0 0 1
196 155.5 0.75 0 0 1
197 155.5 0.75 0 0 1
193 157 0.75 0 0 1
194 157 0.75 0 0 1
195 157 0.75 0 0 1
196 157 0.75 0 0 1
197 157 0.75 0 0 1
193 158.5 0.75 0 0 1
194 158.5 0.75 0 0 1
195 158.5 0.75 0 0 1
196 158.5 0.75 0 0 1
197 158.5 0.75 0 0 1
193 160 0.75 0 0 1
194 160 0.75 0 0 1
195 160 0.75 0 0 1
196 160 0.75 0 0 1
197 160 0.75 0 0 1
193 161.5 0.75 0 0 1
194 161.5 0.75 0 0 1
195 161.5 0.75 0 0 1
196 161.5 0.75 0 0 1
197 161.5 0.75 0 0 1
201 155.5 0.75 0 0 1
202 155.5 0.75 0 0 1
203 155.5 0.75 0 0 1
204 155.5 0.75 0 0 1
205 155.5 0.75 0 0 1
201 157 0.75 0 0 1
202 157 0.75 0 0 1
203 157 0.75 0 0 1
204 157 0.75 0 0 1
205 157 0.75 0 0 1
201 158.5 0.75 0 0 1
202 158.5 0.75 0 0 1
203 158.5 0.75 0 0 1
204 158.5 0.75 0 0 1
205 158.5 0.75 0 0 1
201 160 0.75 0 0 1
202 160 0.75 0 0 1
203 160 0.75 0 0 1
204 160 0.75 0 0 1
205 160 0.75 0 0 1
201 161.5 0.75 0 0 1
202 161.5 0.75 0 0 1
203 161.5 0.75 0 0 1
204 161.5 0.75 0 0 1
205 161.5 0.75 0 0 1
209 155.5 0.75 0 0 1
210 155.5 0.75 0 0 1
211 155.5 0.75 0 0 1
212 155.5 0.75 0 0 1
213 155.5 0.75 0 0 1
209 157 0.75 0 0 1
210 157 0.75 0 0 1
211 157 0.75 0 0 1
212 157 0.75 0 0 1
213 157 0.75 0 0 1
209 158.5 0.75 0 0 1
210 158.5 0.75 0 0 1
211 158.5 0.75 0 0 1
212 158.5 0.75 0 0 1
213 158.5 0.75 0 0 1
209 160 0.75 0 0 1
210 160 0.75 0 0 1
211 160 0.75 0 0 1
212 160 0.75 0 0 1
213 160 0.75 0 0 1
209 161.5 0.75 0 0 1
210 161.5 0.75 0 0 1
211 161.5 0.75 0 0 1
212 161.5 0.75 0 0 1
213 161.5 0.75 0 0 1
217 155.5 0.75 0 0 1
218 155.5 0.75 0 0 1
219 155.5 0.75 0 0 1
220 155.5 0.75 0 0 1
221 155.5 0.75 0 0 1
217 157 0.75 0 0 1
218 157 0.75 0 0 1
219 157 0.75 0 0 1
220 157 0.75 0 0 1
221 157 0.75 0 0 1
217 158.5 0.75 0 0 1
218 158.5 0.75 0 0 1
219 158.5 0.75 0 0 1
220 158.5 0.75 0 0 1
221 158.5 0.75 0 0 1
217 160 0.75 0 0 1
218 160 0.75 0 0 1
219 160 0.75 0 0 1
220 160 0.75 0 0 1
221 160 0.75 0 0 1
217 161.5 0.75 0 0 1
218 161.5 0.75 0 0 1
219 161.5 0.75 0 0 1
220 161.5 0.75 0 0 1
221 161.5 0.75 0 0 1
225 155.5 0.75 0 0 1
226 155.5 0.75 0 0 1
227 155.5 0.75 0 0 1
228 155.5 0.75 0 0 1
229 155.5 0.75 0 0 1
225 157 0.75 0 0 1
226 157 0.75 0 0 1
227 157 0.75 0 0 1
228 157 0.75 0 0 1
229 157 0.75 0 0 1
225 158.5 0.75 0 0 1
226 158.5 0.75 0 0 1
227 158.5 0.75 0 0 1
228 158.5 0.75 0 0 1
229 158.5 0.75 0 0 1
225 160 0.75 0 0 1
226 160 0.75 0 0 1
227 160 0.75 0 0 1
228 160 0.75 0 0 1
229 160 0.75 0 0 1
225 161.5 0.75 0 0 1
226 161.5 0.75 0 0 1
227 161.5 0.75 0 0 1
228 161.5 0.75 0 0 1
229 161.5 0.75 0 0 1
233 155.5 0.75 0 0 1
234 155.5 0.75 0 0 1
235 155.5 0.75 0 0 1
236 155.5 0.75 0 0 1
237 155.5 0.75 0 0 1
233 157 0.75 0 0 1
234 157 0.75 0 0 1
235 157 0.75 0 0 1
236 157 0.75 0 0 1
237 157 0.75 0 0 1
233 158.5 0.75 0 0 1
234 158.5 0.75 0 0 1
235 158.5 0.75 0 0 1
236 158.5 0.75 0 0 1
237 158.5 0.75 0 0 1
233 160 0.75 0 0 1
234 160 0.75 0 0 1
235 160 0.75 0 0 1
236 160 0.75 0 0 1
237 160 0.75 0 0 1
233 161.5 0.75 0 0 1
234 161.5 0.75 0 0 1
235 161.5 0.75 0 0 1
236 161.5 0.75 0 0 1
237 161.5 0.75 0 0 1
241 155.5 0.75 0 0 1
242 155.5 0.75 0 0 1
243 155.5 0.75 0 0 1
244 155.5 0.75 0 0 1
245 155.5 0.75 0 0 1
241 157 0.75 0 0 1
242 157 0.75 0 0 1
243 157 0.75 0 0 1
244 157 0.75 0 0 1
245 157 0.75 0 0 1
241 158.5 0.75 0 0 1
242 158.5 0.75 0 0 1
243 158.5 0.75 0 0 1
244 158.5 0.75 0 0 1
245 158.5 0.75 0 0 1
241 160 0.75 0 0 1
242 160 0.75 0 0 1
243 160 0.75 0 0 1
244 160 0.75 0 0 1
245 160 0.75 0 0 1
241 161.5 0.75 0 0 1
242 161.5 0.75 0 0 1
243 161.5 0.75 0 0 1
244 161.5 0.75 0 0 1
245 161.5 0.75 0 0 1
249 155.5 0.75 0 0 1
250 155.5 0.75 0 0 1
251 155.5 0.75 0 0 1
252 155.5 0.75 0 0 1
253 155.5 0.75 0 0 1
249 157 0.75 0 0 1
250 157 0.75 0 0 1
251 157 0.75 0 0 1
252 157 0.75 0 0 1
253 157 0.75 0 0 1
249 158.5 0.75 0 0 1
250 158.5 0.75 0 0 1
251 158.5 0.75 0 0 1
252 158.5 0.75 0 0 1
253 158.5 0.75 0 0 1
249 160 0.75 0 0 1
250 160 0.75 0 0 1
251 160 0.75 0 0 1
252 160 0.75 0 0 1
253 160 0.75 0 0 1
249 161.5 0.75 0 0 1
250 161.5 0.75 0 0 1
251 161.5 0.75 0 0 1
252 161.5 0.75 0 0 1
253 161.5 0.75 0 0 1
1 166.5 0.75 0 0 1
2 166.5 0.75 0 0 1
3 166.5 0.75 0 0 1
4 166.5 0.75 0 0 1
5 166.5 0.75 0 0 1
1 168 0.75 0 0 1
2 168 0.75 0 0 1
3 168 0.75 0 0 1
4 168 0.75 0 0 1
5 168 0.75 0 0 1
1 169.5 0.75 0 0 1
2 169.5 0.75 0 0 1
3 169.5 0.75 0 0 1
4 169.5 0.75 0 0 1
5 169.5 0.75 0 0 1
1 171 0.75 0 0 1
2 171 0.75 0 0 1
3 171 0.75 0 0 1
4 171 0.75 0 0 1
5 171 0.75 0 0 1
1 172.5 0.75 0 0 1
2 172.5 0.75 0 0 1
3 172.5 0.75 0 0 1
4 172.5 0.75 0 0 1
5 172.5 0.75 0 0 1
9 166.5 0.75 0 0 1
10 166.5 0.75 0 0 1
11 166.5 0.75 0 0 1
12 166.5 0.75 0 0 1
13 166.5 0.75 0 0 1
9 168 0.75 0 0 1
10 168 0.75 0 0 1
11 168 0.75 0 0 1
12 168 0.75 0 0 1
13 168 0.75 0 0 1
9 169.5 0.75 0 0 1
10 169.5 0.75 0 0 1
11 169.5 0.75 0 0 1
12 169.5 0.75 0 0 1
13 169.5 0.75 0 0 1
9 171 0.75 0 0 1
10 171 0.75 0 0 1
11 171 0.75 0 0 1
12 171 0.75 0 0 1
13 171 0.75 0 0 1
9 172.5 0.75 0 0 1
10 172.5 0.75 0 0 1
11 172.5 0.75 0 0 1
12 172.5 0.75 0 0 1
13 172.5 0.75 0 0 1
17 166.5 0.75 0 0 1
18 166.5 0.75 0 0 1
19 166.5 0.75 0 0 1
20 166.5 0.75 0 0 1
21 166.5 0.75 0 0 1
17 168 0.75 0 0 1
18 168 0.75 0 0 1
19 168 0.75 0 0 1
20 168 0.75 0 0 1
21 168 0.75 0 0 1
17 169.5 0.75 0 0 1
18 169.5 0.75 0 0 1
19 169.5 0.75 0 0 1
20 169.5 0.75 0 0 1
21 169.5 0.75 0 0 1
17 171 0.75 0 0 1
18 171 0.75 0 0 1
19 171 0.75 0 0 1
20 171 0.75 0 0 1
21 171 0.75 0 0 1
17 172.5 0.75 0 0 1
18 172.5 0.75 0 0 1
19 172.5 0.75 0 0 1
20 172.5 0.75 0 0 1
21 172.5 0.75 0 0 1
25 166.5 0.75 0 0 1
26 166.5 0.75 0 0 1
27 166.5 0.75 0 0 1
28 166.5 0.75 0 0 1
29 166.5 0.75 0 0 1
25 168 0.75 0 0 1
26 168 0.75 0 0 1
27 168 0.75 0 0 1
28 168 0.75 0 0 1
29 168 0.75 0 0 1
25 169.5 0.75 0 0 1
26 169.5 0.75 0 0 1
27 169.5 0.75 0 0 1
28 169.5 0.75 0 0 1
29 169.5 0.75 0 0 1
25 171 0.75 0 0 1
26 171 0.75 0 0 1
27 171 0.75 0 0 1
28 171 0.75 0 0 1
29 171 0.75 0 0 1
25 172.5 0.75 0 0 1
26 172.5 0.75 0 0 1
27 172.5 0.75 0 0 1
28 172.5 0.75 0 0 1
29 172.5 0.75 0 0 1
33 166.5 0.75 0 0 1
34 166.5 0.75 0 0 1
35 166.5 0.75 0 0 1
36 166.5 0.75 0 0 1
37 166.5 0.75 0 0 1
33 168 0.75 0 0 1
34 168 0.75 0 0 1
35 168 0.75 0 0 1
36 168 0.75 0 0 1
37 168 0.75 0 0 1
33 169.5 0.75 0 0 1
34 169.5 0.75 0 0 1
35 169.5 0.75 0 0 1
36 169.5 0.75 0 0 1
37 169.5 0.75 0 0 1
33 171 0.75 0 0 1
34 171 0.75 0 0 1
35 171 0.75 0 0 1
36 171 0.75 0 0 1
37 171 0.75 0 0 1
33 172.5 0.75 0 0 1
34 172.5 0.75 0 0 1
35 172.5 0.75 0 0 1
36 172.5 0.75 0 0 1
37 172.5 0.75 0 0 1
41 166.5 0.75 0 0 1
42 166.5 0.75 0 0 1
43 166.5 0.75 0 0 1
44 166.5 0.75 0 0 1
45 166.5 0.75 0 0 1
41 168 0.75 0 0 1
42 168 0.75 0 0 1
43 168 0.75 0 0 1
44 168 0.75 0 0 1
45 168 0.75 0 0 1
41 169.5 0.75 0 0 1
42 169.5 0.75 0 0 1
43 169.5 0.75 0 0 1
44 169.5 0.75 0 0 1
45 169.5 0.75 0 0 1
41 171 0.75 0 0 1
42 171 0.75 0 0 1
43 171 0.75 0 0 1
44 171 0.75 0 0 1
45 171 0.75 0 0 1
41 172.5 0.75 0 0 1
42 172.5 0.75 0 0 1
43 172.5 0.75 0 0 1
44 172.5 0.75 0 0 1
45 172.5 0.75 0 0 1
49 166.5 0.75 0 0 1
50 166.5 0.75 0 0 1
51 166.5 0.75 0 0 1
52 166.5 0.75 0 0 1
53 166.5 0.75 0 0 1
49 168 0.75 0 0 1
50 168 0.75 0 0 1
51 168 0.75 0 0 1
52 168 0.75 0 0 1
53 168 0.75 0 0 1
49 169.5 0.75 0 0 1
50 169.5 0.75 0 0 1
51 169.5 0.75 0 0 1
52 169.5 0.75 0 0 1
53 169.5 0.75 0 0 1
49 171 0.75 0 0 1
50 171 0.75 0 0 1
51 171 0.75 0 0 1
52 171 0.75 0 0 1
53 171 0.75 0 0 1
49 172.5 0.75 0 0 1
50 172.5 0.75 0 0 1
51 172.5 0.75 0 0 1
52 172.5 0.75 0 0 1
53 172.5 0.75 0 0 1
57 166.5 0.75 0 0 1
58 166.5 0.75 0 0 1
59 166.5 0.75 0 0 1
60 166.5 0.75 0 0 1
61 166.5 0.75 0 0 1
57 168 0.75 0 0 1
58 168 0.75 0 0 1
59 168 0.75 0 0 1
60 168 0.75 0 0 1
61 168 0.75 0 0 1
57 169.5 0.75 0 0 1
58 169.5 0.75 0 0 1
59 169.5 0.75 0 0 1
60 169.5 0.75 0 0 1
61 169.5 0.75 0 0 1
57 171 0.75 0 0 1
58 171 0.75 0 0 1
59 171 0.75 0 0 1
60 171 0.75 0 0 1
61 171 0.75 0 0 1
57 172.5 0.75 0 0 1
58 172.5 0.75 0 0 1
59 172.5 0.75 0 0 1
60 172.5 0.75 0 0 1
61 172.5 0.75 0 0 1
65 166.5 0.75 0 0 1
66 166.5 0.75 0 0 1
67 166.5 0.75 0 0 1
68 166.5 0.75 0 0 1
69 166.5 0.75 0 0 1
65 168 0.75 0 0 1
66 168 0.75 0 0 1
67 168 0.75 0 0 1
68 168 0.75 0 0 1
69 168 0.75 0 0 1
65 169.5 0.75 0 0 1
66 169.5 0.75 0 0 1
67 169.5 0.75 0 0 1
68 169.5 0.75 0 0 1
69 169.5 0.75 0 0 1
65 171 0.75 0 0 1
66 171 0.75 0 0 1
67 171 0.75 0 0 1
68 171 0.75 0 0 1
69 171 0.75 0 0 1
65 172.5 0.75 0 0 1
66 172.5 0.75 0 0 1
67 172.5 0.75 0 0 1
68 172.5 0.75 0 0 1
69 172.5 0.75 0 0 1
73 166.5 0.75 0 0 1
74 166.5 0.75 0 0 1
75 166.5 0.75 0 0 1
76 166.5 0.75 0 0 1
77 166.5 0.75 0 0 1
73 168 0.75 0 0 1
74 168 0.75 0 0 1
75 168 0.75 0 0 1
76 168 0.75 0 0 1
77 168 0.75 0 0 1
73 169.5 0.75 0 0 1
74 169.5 0.75 0 0 1
75 169.5 0.75 0 0 1
76 169.5 0.75 0 0 1
77 169.5 0.75 0 0 1
73 171 0.75 0 0 1
74 171 0.75 0 0 1
75 171 0.75 0 0 1
76 171 0.75 0 0 1
77 171 0.75 0 0 1
73 172.5 0.75 0 0 1
74 172.5 0.75 0 0 1
75 172.5 0.75 0 0 1
76 172.5 0.75 0 0 1
77 172.5 0.75 0 0 1
81 166.5 0.75 0 0 1
82 166.5 0.75 0 0 1
83 166.5 0.75 0 0 1
84 166.5 0.75 0 0 1
85 166.5 0.75 0 0 1
81 168 0.75 0 0 1
82 168 0.75 0 0 1
83 168 0.75 0 0 1
84 168 0.75 0 0 1
85 168 0.75 0 0 1
81 169.5 0.75 0 0 1
82 169.5 0.75 0 0 1
83 169.5 0.75 0 0 1
84 169.5 0.75 0 0 1
85 169.5 0.75 0 0 1
81 171 0.75 0 0 1
82 171 0.75 0 0 1
83 171 0.75 0 0 1
84 171 0.75 0 0 1
85 171 0.75 0 0 1
81 172.5 0.75 0 0 1
82 172.5 0.75 0 0 1
83 172.5 0.75 0 0 1
84 172.5 0.75 0 0 1
85 172.5 0.75 0 0 1
89 166.5 0.75 0 0 1
90 166.5 0.75 0 0 1
91 166.5 0.75 0 0 1
92 166.5 0.75 0 0 1
93 166.5 0.75 0 0 1
89 168 0.75 0 0 1
90 168 0.75 0 0 1
91 168 0.75 0 0 1
92 168 0.75 0 0 1
93 168 0.75 0 0 1
89 169.5 0.75 0 0 1
90 169.5 0.75 0 0 1
91 169.5 0.75 0 0 1
92 169.5 0.75 0 0 1
93 169.5 0.75 0 0 1
89 171 0.75 0 0 1
90 171 0.75 0 0 1
91 171 0.75 0 0 1
92 171 0.75 0 0 1
93 171 0.75 0 0 1
89 172.5 0.75 0 0 1
90 172.5 0.75 0 0 1
91 172.5 0.75 0 0 1
92 172.5 0.75 0 0 1
93 172.5 0.75 0 0 1
97 166.5 0.75 0 0 1
98 166.5 0.75 0 0 1
99 166.5 0.75 0 0 1
100 166.5 0.75 0 0 1
101 166.5 0.75 0 0 1
97 168 0.75 0 0 1
98 168 0.75 0 0 1
99 168 0.75 0 0 1
100 168 0.75 0 0 1
101 168 0.75 0 0 1
97 169.5 0.75 0 0 1
98 169.5 0.75 0 0 1
99 169.5 0.75 0 0 1
100 169.5 0.75 0 0 1
101 169.5 0.75 0 0 1
97 171 0.75 0 0 1
98 171 0.75 0 0 1
99 171 0.75 0 0 1
100 171 0.75 0 0 1
101 171 0.75 0 0 1
97 172.5 0.75 0 0 1
98 172.5 0.75 0 0 1
99 172.5 0.75 0 0 1
100 172.5 0.75 0 0 1
101 172.5 0.75 0 0 1
105 166.5 0.75 0 0 1
106 166.5 0.75 0 0 1
107 166.5 0.75 0 0 1
108 166.5 0.75 0 0 1
109 166.5 0.75 0 0 1
105 168 0.75 0 0 1
106 168 0.75 0 0 1
107 168 0.75 0 0 1
108 168 0.75 0 0 1
109 168 0.75 0 0 1
105 169.5 0.75 0 0 1
106 169.5 0.75 0 0 1
107 169.5 0.75 0 0 1
108 169.5 0.75 0 0 1
109 169.5 0.75 0 0 1
105 171 0.75 0 0 1
106 171 0.75 0 0 1
107 171 0.75 0 0 1
108 171 0.75 0 0 1
109 171 0.75 0 0 1
105 172.5 0.75 0 0 1
106 172.5 0.75 0 0 1
107 172.5 0.75 0 0 1
108 172.5 0.75 0 0 1
109 172.5 0.75 0 0 1
113 166.5 0.75 0 0 1
114 166.5 0.75 0 0 1
115 166.5 0.75 0 0 1
116 166.5 0.75 0 0 1
117 166.5 0.75 0 0 1
113 168 0.75 0 0 1
114 168 0.75 0 0 1
115 168 0.75 0 0 1
116 168 0.75 0 0 1
117 168 0.75 0 0 1
113 169.5 0.75 0 0 1
114 169.5 0.75 0 0 1
115 169.5 0.75 0 0 1
116 169.5 0.75 0 0 1
117 169.5 0.75 0 0 1
113 171 0.75 0 0 1
114 171 0.75 0 0 1
115 171 0.75 0 0 1
116 171 0.75 0 0 1
117 171 0.75 0 0 1
113 172.5 0.75 0 0 1
114 172.5 0.75 0 0 1
115 172.5 0.75 0 0 1
116 172.5 0.75 0 0 1
117 172.5 0.75 0 0 1
121 166.5 0.75 0 0 1
122 166.5 0.75 0 0 1
123 166.5 0.75 0 0 1
124 166.5 0.75 0 0 1
125 166.5 0.75 0 0 1
121 168 0.75 0 0 1
122 168 0.75 0 0 1
123 168 0.75 0 0 1
124 168 0.75 0 0 1
125 168 0.75 0 0 1
121 169.5 0.75 0 0 1
122 169.5 0.75 0 0 1
123 169.5 0.75 0 0 1
124 169.5 0.75 0 0 1
125 169.5 0.75 0 0 1
121 171 0.75 0 0 1
122 171 0.75 0 0 1
123 171 0.75 0 0 1
124 171 0.75 0 0 1
125 171 0.75 0 0 1
121 172.5 0.75 0 0 1
122 172.5 0.75 0 0 1
123 172.5 0.75 0 0 1
124 172.5 0.75 0 0 1
125 172.5 0.75 0 0 1
129 166.5 0.75 0 0 1
130 166.5 0.75 0 0 1
131 166.5 0.75 0 0 1
132 166.5 0.75 0 0 1
133 166.5 0.75 0 0 1
129 168 0.75 0 0 1
130 168 0.75 0 0 1
131 168 0.75 0 0 1
132 168 0.75 0 0 1
133 168 0.75 0 0 1
129 169.5 0.75 0 0 1
130 169.5 0.75 0 0 1
131 169.5 0.75 0 0 1
132 169.5 0.75 0 0 1
133 169.5 0.75 0 0 1
129 171 0.75 0 0 1
130 171 0.75 0 0 1
131 171 0.75 0 0 1
132 171 0.75 0 0 1
133 171 0.75 0 0 1
129 172.5 0.75 0 0 1
130 172.5 0.75 0 0 1
131 172.5 0.75 0 0 1
132 172.5 0.75 0 0 1
133 172.5 0.75 0 0 1
137 166.5 0.75 0 0 1
138 166.5 0.75 0 0 1
139 166.5 0.75 0 0 1
140 166.5 0.75 0 0 1
141 166.5 0.75 0 0 1
137 168 0.75 0 0 1
138 168 0.75 0 0 1
139 168 0.75 0 0 1
140 168 0.75 0 0 1
141 168 0.75 0 0 1
137 169.5 0.75 0 0 1
138 169.5 0.75 0 0 1
139 169.5 0.75 0 0 1
140 169.5 0.75 0 0 1
141 169.5 0.75 0 0 1
137 171 0.75 0 0 1
138 171 0.75 0 0 1
139 171 0.75 0 0 1
140 171 0.75 0 0 1
141 171 0.75 0 0 1
137 172.5 0.75 0 0 1
138 172.5 0.75 0 0 1
139 172.5 0.75 0 0 1
140 172.5 0.75 0 0 1
141 172.5 0.75 0 0 1
145 166.5 0.75 0 0 1
146 166.5 0.75 0 0 1
147 166.5 0.75 0 0 1
148 166.5 0.75 0 0 1
149 166.5 0.75 0 0 1
145 168 0.75 0 0 1
146 168 0.75 0 0 1
147 168 0.75 0 0 1
148 168 0.75 0 0 1
149 168 0.75 0 0 1
145 169.5 0.75 0 0 1
146 169.5 0.75 0 0 1
147 169.5 0.75 0 0 1
148 169.5 0.75 0 0 1
149 169.5 0.75 0 0 1
145 171 0.75 0 0 1
146 171 0.75 0 0 1
147 171 0.75 0 0 1
148 171 0.75 0 0 1
149 171 0.75 0 0 1
145 172.5 0.75 0 0 1
146 172.5 0.75 0 0 1
147 172.5 0.75 0 0 1
148 172.5 0.75 0 0 1
149 172.5 0.75 0 0 1
153 166.5 0.75 0 0 1
154 166.5 0.75 0 0 1
155 166.5 0.75 0 0 1
156 166.5 0.75 0 0 1
157 166.5 0.75 0 0 1
153 168 0.75 0 0 1
154 168 0.75 0 0 1
155 168 0.75 0 0 1
156 168 0.75 0 0 1
157 168 0.75 0 0 1
153 169.5 0.75 0 0 1
154 169.5 0.75 0 0 1
155 169.5 0.75 0 0 1
156 169.5 0.75 0 0 1
157 169.5 0.75 0 0 1
153 171 0.75 0 0 1
154 171 0.75 0 0 1
155 171 0.75 0 0 1
156 171 0.75 0 0 1
157 171 0.75 0 0 1
153 172.5 0.75 0 0 1
154 172.5 0.75 0 0 1
155 172.5 0.75 0 0 1
156 172.5 0.75 0 0 1
157 172.5 0.75 0 0 1
161 166.5 0.75 0 0 1
162 166.5 0.75 0 0 1
163 166.5 0.75 0 0 1
164 166.5 0.75 0 0 1
165 166.5 0.75 0 0 1
161 168 0.75 0 0 1
162 168 0.75 0 0 1
163 168 0.75 0 0 1
164 168 0.75 0 0 1
165 168 0.75 0 0 1
161 169.5 0.75 0 0 1
162 169.5 0.75 0 0 1
163 169.5 0.75 0 0 1
164 169.5 0.75 0 0 1
165 169.5 0.75 0 0 1
161 171 0.75 0 0 1
162 171 0.75 0 0 1
163 171 0.75 0 0 1
164 171 0.75 0 0 1
165 171 0.75 0 0 1
161 172.5 0.75 0 0 1
162 172.5 0.75 0 0 1
163 172.5 0.75 0 0 1
164 172.5 0.75 0 0 1
165 172.5 0.75 0 0 1
169 166.5 0.75 0 0 1
170 166.5 0.75 0 0 1
171 166.5 0.75 0 0 1
172 166.5 0.75 0 0 1
173 166.5 0.75 0 0 1
169 168 0.75 0 0 1
170 168 0.75 0 0 1
171 168 0.75 0 0 1
172 168 0.75 0 0 1
173 168 0.75 0 0 1
169 169.5 0.75 0 0 1
170 169.5 0.75 0 0 1
171 169.5 0.75 0 0 1
172 169.5 0.75 0 0 1
173 169.5 0.75 0 0 1
169 171 0.75 0 0 1
170 171 0.75 0 0 1
171 171 0.75 0 0 1
172 171 0.75 0 0 1
173 171 0.75 0 0 1
169 172.5 0.75 0 0 1
170 172.5 0.75 0 0 1
171 172.5 0.75 0 0 1
172 172.5 0.75 0 0 1
173 172.5 0.75 0 0 1
177 166.5 0.75 0 0 1
178 166.5 0.75 0 0 1
179 166.5 0.75 0 0 1
180 166.5 0.75 0 0 1
181 166.5 0.75 0 0 1
177 168 0.75 0 0 1
178 168 0.75 0 0 1
179 168 0.75 0 0 1
180 168 0.75 0 0 1
181 168 0.75 0 0 1
177 169.5 0.75 0 0 1
178 169.5 0.75 0 0 1
179 169.5 0.75 0 0 1
180 169.5 0.75 0 0 1
181 169.5 0.75 0 0 1
177 171 0.75 0 0 1
178 171 0.75 0 0 1
179 171 0.75 0 0 1
180 171 0.75 0 0 1
181 171 0.75 0 0 1
177 172.5 0.75 0 0 1
178 172.5 0.75 0 0 1
179 172.5 0.75 0 0 1
180 172.5 0.75 0 0 1
181 172.5 0.75 0 0 1
185 166.5 0.75 0 0 1
186 166.5 0.75 0 0 1
187 166.5 0.75 0 0 1
188 166.5 0.75 0 0 1
189 166.5 0.75 0 0 1
185 168 0.75 0 0 1
186 168 0.75 0 0 1
187 168 0.75 0 0 1
188 168 0.75 0 0 1
189 168 0.75 0 0 1
185 169.5 0.75 0 0 1
186 169.5 0.75 0 0 1
187 169.5 0.75 0 0 1
188 169.5 0.75 0 0 1
189 169.5 0.75 0 0 1
185 171 0.75 0 0 1
186 171 0.75 0 0 1
187 171 0.75 0 0 1
188 171 0.75 0 0 1
189 171 0.75 0 0 1
185 172.5 0.75 0 0 1
186 172.5 0.75 0 0 1
187 172.5 0.75 0 0 1
188 172.5 0.75 0 0 1
189 172.5 0.75 0 0 1
193 166.5 0.75 0 0 1
194 166.5 0.75 0 0 1
195 166.5 0.75 0 0 1
196 166.5 0.75 0 0 1
197 166.5 0.75 0 0 1
193 168 0.75 0 0 1
194 168 0.75 0 0 1
195 168 0.75 0 0 1
196 168 0.75 0 0 1
197 168 0.75 0 0 1
193 169.5 0.75 0 0 1
194 169.5 0.75 0 0 1
195 169.5 0.75 0 0 1
196 169.5 0.75 0 0 1
197 169.5 0.75 0 0 1
193 171 0.75 0 0 1
194 171 0.75 0 0 1
195 171 0.75 0 0 1
196 171 0.75 0 0 1
197 171 0.75 0 0 1
193 172.5 0.75 0 0 1
194 172.5 0.75 0 0 1
195 172.5 0.75 0 0 1
196 172.5 0.75 0 0 1
197 172.5 0.75 0 0 1
201 166.5 0.75 0 0 1
202 166.5 0.75 0 0 1
203 166.5 0.75 0 0 1
204 166.5 0.75 0 0 1
205 166.5 0.75 0 0 1
201 168 0.75 0 0 1
202 168 0.75 0 0 1
203 168 0.75 0 0 1
204 168 0.75 0 0 1
205 168 0.75 0 0 1
201 169.5 0.75 0 0 1
202 169.5 0.75 0 0 1
203 169.5 0.75 0 0 1
204 169.5 0.75 0 0 1
205 169.5 0.75 0 0 1
201 171 0.75 0 0 1
202 171 0.75 0 0 1
203 171 0.75 0 0 1
204 171 0.75 0 0 1
205 171 0.75 0 0 1
201 172.5 0.75 0 0 1
202 172.5 0.75 0 0 1
203 172.5 0.75 0 0 1
204 172.5 0.75 0 0 1
205 172.5 0.75 0 0 1
209 166.5 0.75 0 0 1
210 166.5 0.75 0 0 1
211 166.5 0.75 0 0 1
212 166.5 0.75 0 0 1
213 166.5 0.75 0 0 1
209 168 0.75 0 0 1
210 168 0.75 0 0 1
211 168 0.75 0 0 1
212 168 0.75 0 0 1
213 168 0.75 0 0 1
209 169.5 0.75 0 0 1
210 169.5 0.75 0 0 1
211 169.5 0.75 0 0 1
212 169.5 0.75 0 0 1
213 169.5 0.75 0 0 1
209 171 0.75 0 0 1
210 171 0.75 0 0 1
211 171 0.75 0 0 1
212 171 0.75 0 0 1
213 171 0.75 0 0 1
209 172.5 0.75 0 0 1
210 172.5 0.75 0 0 1
211 172.5 0.75 0 0 1
212 172.5 0.75 0 0 1
213 172.5 0.75 0 0 1
217 166.5 0.75 0 0 1
218 166.5 0.75 0 0 1
219 166.5 0.75 0 0 1
220 166.5 0.75 0 0 1
221 166.5 0.75 0 0 1
217 168 0.75 0 0 1
218 168 0.75 0 0 1
219 168 0.75 0 0 1
220 168 0.75 0 0 1
221 168 0.75 0 0 1
217 169.5 0.75 0 0 1
218 169.5 0.75 0 0 1
219 169.5 0.75 0 0 1
220 169.5 0.75 0 0 1
221 169.5 0.75 0 0 1
217 171 0.75 0 0 1
218 171 0.75 0 0 1
219 171 0.75 0 0 1
220 171 0.75 0 0 1
221 171 0.75 0 0 1
217 172.5 0.75 0 0 1
218 172.5 0.75 0 0 1
219 172.5 0.75 0 0 1
220 172.5 0.75 0 0 1
221 172.5 0.75 0 0 1
225 166.5 0.75 0 0 1
226 166.5 0.75 0 0 1
227 166.5 0.75 0 0 1
228 166.5 0.75 0 0 1
229 166.5 0.75 0 0 1
225 168 0.75 0 0 1
226 168 0.75 0 0 1
227 168 0.75 0 0 1
228 168 0.75 0 0 1
229 168 0.75 0 0 1
225 169.5 0.75 0 0 1
226 169.5 0.75 0 0 1
227 169.5 0.75 0 0 1
228 169.5 0.75 0 0 1
229 169.5 0.75 0 0 1
225 171 0.75 0 0 1
226 171 0.75 0 0 1
227 171 0.75 0 0 1
228 171 0.75 0 0 1
229 171 0.75 0 0 1
225 172.5 0.75 0 0 1
226 172.5 0.75 0 0 1
227 172.5 0.75 0 0 1
228 172.5 0.75 0 0 1
229 172.5 0.75 0 0 1
233 166.5 0.75 0 0 1
234 166.5 0.75 0 0 1
235 166.5 0.75 0 0 1
236 166.5 0.75 0 0 1
237 166.5 0.75 0 0 1
233 168 0.75 0 0 1
234 168 0.75 0 0 1
235 168 0.75 0 0 1
236 168 0.75 0 0 1
237 168 0.75 0 0 1
233 169.5 0.75 0 0 1
234 169.5 0.75 0 0 1
235 169.5 0.75 0 0 1
236 169.5 0.75 0 0 1
237 169.5 0.75 0 0 1
233 171 0.75 0 0 1
234 171 0.75 0 0 1
235 171 0.75 0 0 1
236 171 0.75 0 0 1
237 171 0.75 0 0 1
233 172.5 0.75 0 0 1
234 172.5 0.75 0 0 1
235 172.5 0.75 0 0 1
236 172.5 0.75 0 0 1
237 172.5 0.75 0 0 1
241 166.5 0.75 0 0 1
242 166.5 0.75 0 0 1
243 166.5 0.75 0 0 1
244 166.5 0.75 0 0 1
245 166.5 0.75 0 0 1
241 168 0.75 0 0 1
242 168 0.75 0 0 1
243 168 0.75 0 0 1
244 168 0.75 0 0 1
245 168 0.75 0 0 1
241 169.5 0.75 0 0 1
242 169.5 0.75 0 0 1
243 169.5 0.75 0 0 1
244 169.5 0.75 0 0 1
245 169.5 0.75 0 0 1
241 171 0.75 0 0 1
242 171 0.75 0 0 1
243 171 0.75 0 0 1
244 171 0.75 0 0 1
245 171 0.75 0 0 1
241 172.5 0.75 0 0 1
242 172.5 0.75 0 0 1
243 172.5 0.75 0 0 1
244 172.5 0.75 0 0 1
245 172.5 0.75 0 0 1
249 166.5 0.75 0 0 1
250 166.5 0.75 0 0 1
251 166.5 0.75 0 0 1
252 166.5 0.75 0 0 1
253 166.5 0.75 0 0 1
249 168 0.75 0 0 1
250 168 0.75 0 0 1
251 168 0.75 0 0 1
252 168 0.75 0 0 1
253 168 0.75 0 0 1
249 169.5 0.75 0 0 1
250 169.5 0.75 0 0 1
251 169.5 0.75 0 0 1
252 169.5 0.75 0 0 1
253 169.5 0.75 0 0 1
249 171 0.75 0 0 1
250 171 0.75 0 0 1
251 171 0.75 0 0 1
252 171 0.75 0 0 1
253 171 0.75 0 0 1
249 172.5 0.75 0 0 1
250 172.5 0.75 0 0 1
251 172.5 0.75 0 0 1
252 172.5 0.75 0 0 1
253 172.5 0.75 0 0 1
1 177.5 0.75 0 0 1
2 177.5 0.75 0 0 1
3 177.5 0.75 0 0 1
4 177.5 0.75 0 0 1
5 177.5 0.75 0 0 1
1 179 0.75 0 0 1
2 179 0.75 0 0 1
3 179 0.75 0 0 1
4 179 0.75 0 0 1
5 179 0.75 0 0 1
1 180.5 0.75 0 0 1
2 180.5 0.75 0 0 1
3 180.5 0.75 0 0 1
4 180.5 0.75 0 0 1
5 180.5 0.75 0 0 1
1 182 0.75 0 0 1
2 182 0.75 0 0 1
3 182 0.75 0 0 1
4 182 0.75 0 0 1
5 182 0.75 0 0 1
1 183.5 0.75 0 0 1
2 183.5 0.75 0 0 1
3 183.5 0.75 0 0 1
4 183.5 0.75 0 0 1
5 183.5 0.75 0 0 1
9 177.5 0.75 0 0 1
10 177.5 0.75 0 0 1
11 177.5 0.75 0 0 1
12 177.5 0.75 0 0 1
13 177.5 0.75 0 0 1
9 179 0.75 0 0 1
10 179 0.75 0 0 1
11 179 0.75 0 0 1
12 179 0.75 0 0 1
13 179 0.75 0 0 1
9 180.5 0.75 0 0 1
10 180.5 0.75 0 0 1
11 180.5 0.75 0 0 1
12 180.5 0.75 0 0 1
13 180.5 0.75 0 0 1
9 182 0.75 0 0 1
10 182 0.75 0 0 1
11 182 0.75 0 0 1
12 182 0.75 0 0 1
13 182 0.75 0 0 1
9 183.5 0.75 0 0 1
10 183.5 0.75 0 0 1
11 183.5 0.75 0 0 1
12 183.5 0.75 0 0 1
13 183.5 0.75 0 0 1
17 177.5 0.75 0 0 1
18 177.5 0.75 0 0 1
19 177.5 0.75 0 0 1
20 177.5 0.75 0 0 1
21 177.5 0.75 0 0 1
17 179 0.75 0 0 1
18 179 0.75 0 0 1
19 179 0.75 0 0 1
20 179 0.75 0 0 1
21 179 0.75 0 0 1
17 180.5 0.75 0 0 1
18 180.5 0.75 0 0 1
19 180.5 0.75 0 0 1
20 180.5 0.75 0 0 1
21 180.5 0.75 0 0 1
17 182 0.75 0 0 1
18 182 0.75 0 0 1
19 182 0.75 0 0 1
20 182 0.75 0 0 1
21 182 0.75 0 0 1
17 183.5 0.75 0 0 1
18 183.5 0.75 0 0 1
19 183.5 0.75 0 0 1
20 183.5 0.75 0 0 1
21 183.5 0.75 0 0 1
25 177.5 0.75 0 0 1
26 177.5 0.75 0 0 1
27 177.5 0.75 0 0 1
28 177.5 0.75 0 0 1
29 177.5 0.75 0 0 1
25 179 0.75 0 0 1
26 179 0.75 0 0 1
27 179 0.75 0 0 1
28 179 0.75 0 0 1
29 179 0.75 0 0 1
25 180.5 0.75 0 0 1
26 180.5 0.75 0 0 1
27 180.5 0.75 0 0 1
28 180.5 0.75 0 0 1
29 180.5 0.75 0 0 1
25 182 0.75 0 0 1
26 182 0.75 0 0 1
27 182 0.75 0 0 1
28 182 0.75 0 0 1
29 182 0.75 0 0 1
25 183.5 0.75 0 0 1
26 183.5 0.75 0 0 1
27 183.5 0.75 0 0 1
28 183.5 0.75 0 0 1
29 183.5 0.75 0 0 1
33 177.5 0.75 0 0 1
34 177.5 0.75 0 0 1
35 177.5 0.75 0 0 1
36 177.5 0.75 0 0 1
37 177.5 0.75 0 0 1
33 179 0.75 0 0 1
34 179 0.75 0 0 1
35 179 0.75 0 0 1
36 179 0.75 0 0 1
37 179 0.75 0 0 1
33 180.5 0.75 0 0 1
34 180.5 0.75 0 0 1
35 180.5 0.75 0 0 1
36 180.5 0.75 0 0 1
37 180.5 0.75 0 0 1
33 182 0.75 0 0 1
34 182 0.75 0 0 1
35 182 0.75 0 0 1
36 182 0.75 0 0 1
37 182 0.75 0 0 1
33 183.5 0.75 0 0 1
34 183.5 0.75 0 0 1
35 183.5 0.75 0 0 1
36 183.5 0.75 0 0 1
37 183.5 0.75 0 0 1
41 177.5 0.75 0 0 1
42 177.5 0.75 0 0 1
43 177.5 0.75 0 0 1
44 177.5 0.75 0 0 1
45 177.5 0.75 0 0 1
41 179 0.75 0 0 1
42 179 0.75 0 0 1
43 179 0.75 0 0 1
44 179 0.75 0 0 1
45 179 0.75 0 0 1
41 180.5 0.75 0 0 1
42 180.5 0.75 0 0 1
43 180.5 0.75 0 0 1
44 180.5 0.75 0 0 1
45 180.5 0.75 0 0 1
41 182 0.75 0 0 1
42 182 0.75 0 0 1
43 182 0.75 0 0 1
44 182 0.75 0 0 1
45 182 0.75 0 0 1
41 183.5 0.75 0 0 1
42 183.5 0.75 0 0 1
43 183.5 0.75 0 0 1
44 183.5 0.75 0 0 1
45 183.5 0.75 0 0 1
49 177.5 0.75 0 0 1
50 177.5 0.75 0 0 1
51 177.5 0.75 0 0 1
52 177.5 0.75 0 0 1
53 177.5 0.75 0 0 1
49 179 0.75 0 0 1
50 179 0.75 0 0 1
51 179 0.75 0 0 1
52 179 0.75 0 0 1
53 179 0.75 0 0 1
49 180.5 0.75 0 0 1
50 180.5 0.75 0 0 1
51 180.5 0.75 0 0 1
52 180.5 0.75 0 0 1
53 180.5 0.75 0 0 1
49 182 0.75 0 0 1
50 182 0.75 0 0 1
51 182 0.75 0 0 1
52 182 0.75 0 0 1
53 182 0.75 0 0 1
49 183.5 0.75 0 0 1
50 183.5 0.75 0 0 1
51 183.5 0.75 0 0 1
52 183.5 0.75 0 0 1
53 183.5 0.75 0 0 1
57 177.5 0.75 0 0 1
58 177.5 0.75 0 0 1
59 177.5 0.75 0 0 1
60 177.5 0.75 0 0 1
61 177.5 0.75 0 0 1
57 179 0.75 0 0 1
58 179 0.75 0 0 1
59 179 0.75 0 0 1
60 179 0.75 0 0 1
61 179 0.75 0 0 1
57 180.5 0.75 0 0 1
58 180.5 0.75 0 0 1
59 180.5 0.75 0 0 1
60 180.5 0.75 0 0 1
61 180.5 0.75 0 0 1
57 182 0.75 0 0 1
58 182 0.75 0 0 1
59 182 0.75 0 0 1
60 182 0.75 0 0 1
61 182 0.75 0 0 1
57 183.5 0.75 0 0 1
58 183.5 0.75 0 0 1
59 183.5 0.75 0 0 1
60 183.5 0.75 0 0 1
61 183.5 0.75 0 0 1
65 177.5 0.75 0 0 1
66 177.5 0.75 0 0 1
67 177.5 0.75 0 0 1
68 177.5 0.75 0 0 1
69 177.5 0.75 0 0 1
65 179 0.75 0 0 1
66 179 0.75 0 0 1
67 179 0.75 0 0 1
68 179 0.75 0 0 1
69 179 0.75 0 0 1
65 180.5 0.75 0 0 1
66 180.5 0.75 0 0 1
67 180.5 0.75 0 0 1
68 180.5 0.75 0 0 1
69 180.5 0.75 0 0 1
65 182 0.75 0 0 1
66 182 0.75 0 0 1
67 182 0.75 0 0 1
68 182 0.75 0 0 1
69 182 0.75 0 0 1
65 183.5 0.75 0 0 1
66 183.5 0.75 0 0 1
67 183.5 0.75 0 0 1
68 183.5 0.75 0 0 1
69 183.5 0.75 0 0 1
73 177.5 0.75 0 0 1
74 177.5 0.75 0 0 1
75 177.5 0.75 0 0 1
76 177.5 0.75 0 0 1
77 177.5 0.75 0 0 1
73 179 0.75 0 0 1
74 179 0.75 0 0 1
75 179 0.75 0 0 1
76 179 0.75 0 0 1
77 179 0.75 0 0 1
73 180.5 0.75 0 0 1
74 180.5 0.75 0 0 1
75 180.5 0.75 0 0 1
76 180.5 0.75 0 0 1
77 180.5 0.75 0 0 1
73 182 0.75 0 0 1
74 182 0.75 0 0 1
75 182 0.75 0 0 1
76 182 0.75 0 0 1
77 182 0.75 0 0 1
73 183.5 0.75 0 0 1
74 183.5 0.75 0 0 1
75 183.5 0.75 0 0 1
76 183.5 0.75 0 0 1
77 183.5 0.75 0 0 1
81 177.5 0.75 0 0 1
82 177.5 0.75 0 0 1
83 177.5 0.75 0 0 1
84 177.5 0.75 0 0 1
85 177.5 0.75 0 0 1
81 179 0.75 0 0 1
82 179 0.75 0 0 1
83 179 0.75 0 0 1
84 179 0.75 0 0 1
85 179 0.75 0 0 1
81 180.5 0.75 0 0 1
82 180.5 0.75 0 0 1
83 180.5 0.75 0 0 1
84 180.5 0.75 0 0 1
85 180.5 0.75 0 0 1
81 182 0.75 0 0 1
82 182 0.75 0 0 1
83 182 0.75 0 0 1
84 182 0.75 0 0 1
85 182 0.75 0 0 1
81 183.5 0.75 0 0 1
82 183.5 0.75 0 0 1
83 183.5 0.75 0 0 1
84 183.5 0.75 0 0 1
85 183.5 0.75 0 0 1
89 177.5 0.75 0 0 1
90 177.5 0.75 0 0 1
91 177.5 0.75 0 0 1
92 177.5 0.75 0 0 1
93 177.5 0.75 0 0 1
89 179 0.75 0 0 1
90 179 0.75 0 0 1
91 179 0.75 0 0 1
92 179 0.75 0 0 1
93 179 0.75 0 0 1
89 180.5 0.75 0 0 1
90 180.5 0.75 0 0 1
91 180.5 0.75 0 0 1
92 180.5 0.75 0 0 1
93 180.5 0.75 0 0 1
89 182 0.75 0 0 1
90 182 0.75 0 0 1
91 182 0.75 0 0 1
92 182 0.75 0 0 1
93 182 0.75 0 0 1
89 183.5 0.75 0 0 1
90 183.5 0.75 0 0 1
91 183.5 0.75 0 0 1
92 183.5 0.75 0 0 1
93 183.5 0.75 0 0 1
97 177.5 0.75 0 0 1
98 177.5 0.75 0 0 1
99 177.5 0.75 0 0 1
100 177.5 0.75 0 0 1
101 177.5 0.75 0 0 1
97 179 0.75 0 0 1
98 179 0.75 0 0 1
99 179 0.75 0 0 1
100 179 0.75 0 0 1
101 179 0.75 0 0 1
97 180.5 0.75 0 0 1
98 180.5 0.75 0 0 1
99 180.5 0.75 0 0 1
100 180.5 0.75 0 0 1
101 180.5 0.75 0 0 1
97 182 0.75 0 0 1
98 182 0.75 0 0 1
99 182 0.75 0 0 1
100 182 0.75 0 0 1
101 182 0.75 0 0 1
97 183.5 0.75 0 0 1
98 183.5 0.75 0 0 1
99 183.5 0.75 0 0 1
100 183.5 0.75 0 0 1
101 183.5 0.75 0 0 1
105 177.5 0.75 0 0 1
106 177.5 0.75 0 0 1
107 177.5 0.75 0 0 1
108 177.5 0.75 0 0 1
109 177.5 0.75 0 0 1
105 179 0.75 0 0 1
106 179 0.75 0 0 1
107 179 0.75 0 0 1
108 179 0.75 0 0 1
109 179 0.75 0 0 1
105 180.5 0.75 0 0 1
106 180.5 0.75 0 0 1
107 180.5 0.75 0 0 1
108 180.5 0.75 0 0 1
109 180.5 0.75 0 0 1
105 182 0.75 0 0 1
106 182 0.75 0 0 1
107 182 0.75 0 0 1
108 182 0.75 0 0 1
109 182 0.75 0 0 1
105 183.5 0.75 0 0 1
106 183.5 0.75 0 0 1
107 183.5 0.75 0 0 1
108 183.5 0.75 0 0 1
109 183.5 0.75 0 0 1
113 177.5 0.75 0 0 1
114 177.5 0.75 0 0 1
115 177.5 0.75 0 0 1
116 177.5 0.75 0 0 1
117 177.5 0.75 0 0 1
113 179 0.75 0 0 1
114 179 0.75 0 0 1
115 179 0.75 0 0 1
116 179 0.75 0 0 1
117 179 0.75 0 0 1
113 180.5 0.75 0 0 1
114 180.5 0.75 0 0 1
115 180.5 0.75 0 0 1
116 180.5 0.75 0 0 1
117 180.5 0.75 0 0 1
113 182 0.75 0 0 1
114 182 0.75 0 0 1
115 182 0.75 0 0 1
116 182 0.75 0 0 1
117 182 0.75 0 0 1
113 183.5 0.75 0 0 1
114 183.5 0.75 0 0 1
115 183.5 0.75 0 0 1
116 183.5 0.75 0 0 1
117 183.5 0.75 0 0 1
121 177.5 0.75 0 0 1
122 177.5 0.75 0 0 1
123 177.5 0.75 0 0 1
124 177.5 0.75 0 0 1
125 177.5 0.75 0 0 1
121 179 0.75 0 0 1
122 179 0.75 0 0 1
123 179 0.75 0 0 1
124 179 0.75 0 0 1
125 179 0.75 0 0 1
121 180.5 0.75 0 0 1
122 180.5 0.75 0 0 1
123 180.5 0.75 0 0 1
124 180.5 0.75 0 0 1
125 180.5 0.75 0 0 1
121 182 0.75 0 0 1
122 182 0.75 0 0 1
123 182 0.75 0 0 1
124 182 0.75 0 0 1
125 182 0.75 0 0 1
121 183.5 0.75 0 0 1
122 183.5 0.75 0 0 1
123 183.5 0.75 0 0 1
124 183.5 0.75 0 0 1
125 183.5 0.75 0 0 1
129 177.5 0.75 0 0 1
130 177.5 0.75 0 0 1
131 177.5 0.75 0 0 1
132 177.5 0.75 0 0 1
133 177.5 0.75 0 0 1
129 179 0.75 0 0 1
130 179 0.75 0 0 1
131 179 0.75 0 0 1
132 179 0.75 0 0 1
133 179 0.75 0 0 1
129 180.5 0.75 0 0 1
130 180.5 0.75 0 0 1
131 180.5 0.75 0 0 1
132 180.5 0.75 0 0 1
133 180.5 0.75 0 0 1
129 182 0.75 0 0 1
130 182 0.75 0 0 1
131 182 0.75 0 0 1
132 182 0.75 0 0 1
133 182 0.75 0 0 1
129 183.5 0.75 0 0 1
130 183.5 0.75 0 0 1
131 183.5 0.75 0 0 1
132 183.5 0.75 0 0 1
133 183.5 0.75 0 0 1
137 177.5 0.75 0 0 1
138 177.5 0.75 0 0 1
139 177.5 0.75 0 0 1
140 177.5 0.75 0 0 1
141 177.5 0.75 0 0 1
137 179 0.75 0 0 1
138 179 0.75 0 0 1
139 179 0.75 0 0 1
140 179 0.75 0 0 1
141 179 0.75 0 0 1
137 180.5 0.75 0 0 1
138 180.5 0.75 0 0 1
139 180.5 0.75 0 0 1
140 180.5 0.75 0 0 1
141 180.5 0.75 0 0 1
137 182 0.75 0 0 1
138 182 0.75 0 0 1
139 182 0.75 0 0 1
140 182 0.75 0 0 1
141 182 0.75 0 0 1
137 183.5 0.75 0 0 1
138 183.5 0.75 0 0 1
139 183.5 0.75 0 0 1
140 183.5 0.75 0 0 1
141 183.5 0.75 0 0 1
145 177.5 0.75 0 0 1
146 177.5 0.75 0 0 1
147 177.5 0.75 0 0 1
148 177.5 0.75 0 0 1
149 177.5 0.75 0 0 1
145 179 0.75 0 0 1
146 179 0.75 0 0 1
147 179 0.75 0 0 1
148 179 0.75 0 0 1
149 179 0.75 0 0 1
145 180.5 0.75 0 0 1
146 180.5 0.75 0 0 1
147 180.5 0.75 0 0 1
148 180.5 0.75 0 0 1
149 180.5 0.75 0 0 1
145 182 0.75 0 0 1
146 182 0.75 0 0 1
147 182 0.75 0 0 1
148 182 0.75 0 0 1
149 182 0.75 0 0 1
145 183.5 0.75 0 0 1
146 183.5 0.75 0 0 1
147 183.5 0.75 0 0 1
148 183.5 0.75 0 0 1
149 183.5 0.75 0 0 1
153 177.5 0.75 0 0 1
154 177.5 0.75 0 0 1
155 177.5 0.75 0 0 1
156 177.5 0.75 0 0 1
157 177.5 0.75 0 0 1
153 179 0.75 0 0 1
154 179 0.75 0 0 1
155 179 0.75 0 0 1
156 179 0.75 0 0 1
157 179 0.75 0 0 1
153 180.5 0.75 0 0 1
154 180.5 0.75 0 0 1
155 180.5 0.75 0 0 1
156 180.5 0.75 0 0 1
157 180.5 0.75 0 0 1
153 182 0.75 0 0 1
154 182 0.75 0 0 1
155 182 0.75 0 0 1
156 182 0.75 0 0 1
157 182 0.75 0 0 1
153 183.5 0.75 0 0 1
154 183.5 0.75 0 0 1
155 183.5 0.75 0 0 1
156 183.5 0.75 0 0 1
157 183.5 0.75 0 0 1
161 177.5 0.75 0 0 1
162 177.5 0.75 0 0 1
163 177.5 0.75 0 0 1
164 177.5 0.75 0 0 1
165 177.5 0.75 0 0 1
161 179 0.75 0 0 1
162 179 0.75 0 0 1
163 179 0.75 0 0 1
164 179 0.75 0 0 1
165 179 0.75 0 0 1
161 180.5 0.75 0 0 1
162 180.5 0.75 0 0 1
163 180.5 0.75 0 0 1
164 180.5 0.75 0 0 1
165 180.5 0.75 0 0 1
161 182 0.75 0 0 1
162 182 0.75 0 0 1
163 182 0.75 0 0 1
164 182 0.75 0 0 1
165 182 0.75 0 0 1
161 183.5 0.75 0 0 1
162 183.5 0.75 0 0 1
163 183.5 0.75 0 0 1
164 183.5 0.75 0 0 1
165 183.5 0.75 0 0 1
169 177.5 0.75 0 0 1
170 177.5 0.75 0 0 1
171 177.5 0.75 0 0 1
172 177.5 0.75 0 0 1
173 177.5 0.75 0 0 1
169 179 0.75 0 0 1
170 179 0.75 0 0 1
171 179 0.75 0 0 1
172 179 0.75 0 0 1
173 179 0.75 0 0 1
169 180.5 0.75 0 0 1
170 180.5 0.75 0 0 1
171 180.5 0.75 0 0 1
172 180.5 0.75 0 0 1
173 180.5 0.75 0 0 1
169 182 0.75 0 0 1
170 182 0.75 0 0 1
171 182 0.75 0 0 1
172 182 0.75 0 0 1
173 182 0.75 0 0 1
169 183.5 0.75 0 0 1
170 183.5 0.75 0 0 1
171 183.5 0.75 0 0 1
172 183.5 0.75 0 0 1
173 183.5 0.75 0 0 1
177 177.5 0.75 0 0 1
178 177.5 0.75 0 0 1
179 177.5 0.75 0 0 1
180 177.5 0.75 0 0 1
181 177.5 0.75 0 0 1
177 179 0.75 0 0 1
178 179 0.75 0 0 1
179 179 0.75 0 0 1
180 179 0.75 0 0 1
181 179 0.75 0 0 1
177 180.5 0.75 0 0 1
178 180.5 0.75 0 0 1
179 180.5 0.75 0 0 1
180 180.5 0.75 0 0 1
181 180.5 0.75 0 0 1
177 182 0.75 0 0 1
178 182 0.75 0 0 1
179 182 0.75 0 0 1
180 182 0.75 0 0 1
181 182 0.75 0 0 1
177 183.5 0.75 0 0 1
178 183.5 0.75 0 0 1
179 183.5 0.75 0 0 1
180 183.5 0.75 0 0 1
181 183.5 0.75 0 0 1
185 177.5 0.75 0 0 1
186 177.5 0.75 0 0 1
187 177.5 0.75 0 0 1
188 177.5 0.75 0 0 1
189 177.5 0.75 0 0 1
185 179 0.75 0 0 1
186 179 0.75 0 0 1
187 179 0.75 0 0 1
188 179 0.75 0 0 1
189 179 0.75 0 0 1
185 180.5 0.75 0 0 1
186 180.5 0.75 0 0 1
187 180.5 0.75 0 0 1
188 180.5 0.75 0 0 1
189 180.5 0.75 0 0 1
185 182 0.75 0 0 1
186 182 0.75 0 0 1
187 182 0.75 0 0 1
188 182 0.75 0 0 1
189 182 0.75 0 0 1
185 183.5 0.75 0 0 1
186 183.5 0.75 0 0 1
187 183.5 0.75 0 0 1
188 183.5 0.75 0 0 1
189 183.5 0.75 0 0 1
193 177.5 0.75 0 0 1
194 177.5 0.75 0 0 1
195 177.5 0.75 0 0 1
196 177.5 0.75 0 0 1
197 177.5 0.75 0 0 1
193 179 0.75 0 0 1
194 179 0.75 0 0 1
195 179 0.75 0 0 1
196 179 0.75 0 0 1
197 179 0.75 0 0 1
193 180.5 0.75 0 0 1
194 180.5 0.75 0 0 1
195 180.5 0.75 0 0 1
196 180.5 0.75 0 0 1
197 180.5 0.75 0 0 1
193 182 0.75 0 0 1
194 182 0.75 0 0 1
195 182 0.75 0 0 1
196 182 0.75 0 0 1
197 182 0.75 0 0 1
193 183.5 0.75 0 0 1
194 183.5 0.75 0 0 1
195 183.5 0.75 0 0 1
196 183.5 0.75 0 0 1
197 183.5 0.75 0 0 1
201 177.5 0.75 0 0 1
202 177.5 0.75 0 0 1
203 177.5 0.75 0 0 1
204 177.5 0.75 0 0 1
205 177.5 0.75 0 0 1
201 179 0.75 0 0 1
202 179 0.75 0 0 1
203 179 0.75 0 0 1
204 179 0.75 0 0 1
205 179 0.75 0 0 1
201 180.5 0.75 0 0 1
202 180.5 0.75 0 0 1
203 180.5 0.75 0 0 1
204 180.5 0.75 0 0 1
205 180.5 0.75 0 0 1
201 182 0.75 0 0 1
202 182 0.75 0 0 1
203 182 0.75 0 0 1
204 182 0.75 0 0 1
205 182 0.75 0 0 1
201 183.5 0.75 0 0 1
202 183.5 0.75 0 0 1
203 183.5 0.75 0 0 1
204 183.5 0.75 0 0 1
205 183.5 0.75 0 0 1
209 177.5 0.75 0 0 1
210 177.5 0.75 0 0 1
211 177.5 0.75 0 0 1
212 177.5 0.75 0 0 1
213 177.5 0.75 0 0 1
209 179 0.75 0 0 1
210 179 0.75 0 0 1
211 179 0.75 0 0 1
212 179 0.75 0 0 1
213 179 0.75 0 0 1
209 180.5 0.75 0 0 1
210 180.5 0.75 0 0 1
211 180.5 0.75 0 0 1
212 180.5 0.75 0 0 1
213 180.5 0.75 0 0 1
209 182 0.75 0 0 1
210 182 0.75 0 0 1
211 182 0.75 0 0 1
212 182 0.75 0 0 1
213 182 0.75 0 0 1
209 183.5 0.75 0 0 1
210 183.5 0.75 0 0 1
211 183.5 0.75 0 0 1
212 183.5 0.75 0 0 1
213 183.5 0.75 0 0 1
217 177.5 0.75 0 0 1
218 177.5 0.75 0 0 1
219 177.5 0.75 0 0 1
220 177.5 0.75 0 0 1
221 177.5 0.75 0 0 1
217 179 0.75 0 0 1
218 179 0.75 0 0 1
219 179 0.75 0 0 1
220 179 0.75 0 0 1
221 179 0.75 0 0 1
217 180.5 0.75 0 0 1
218 180.5 0.75 0 0 1
219 180.5 0.75 0 0 1
220 180.5 0.75 0 0 1
221 180.5 0.75 0 0 1
217 182 0.75 0 0 1
218 182 0.75 0 0 1
219 182 0.75 0 0 1
220 182 0.75 0 0 1
221 182 0.75 0 0 1
217 183.5 0.75 0 0 1
218 183.5 0.75 0 0 1
219 183.5 0.75 0 0 1
220 183.5 0.75 0 0 1
221 183.5 0.75 0 0 1
225 177.5 0.75 0 0 1
226 177.5 0.75 0 0 1
227 177.5 0.75 0 0 1
228 177.5 0.75 0 0 1
229 177.5 0.75 0 0 1
225 179 0.75 0 0 1
226 179 0.75 0 0 1
227 179 0.75 0 0 1
228 179 0.75 0 0 1
229 179 0.75 0 0 1
225 180.5 0.75 0 0 1
226 180.5 0.75 0 0 1
227 180.5 0.75 0 0 1
228 180.5 0.75 0 0 1
229 180.5 0.75 0 0 1
225 182 0.75 0 0 1
226 182 0.75 0 0 1
227 182 0.75 0 0 1
228 182 0.75 0 0 1
229 182 0.75 0 0 1
225 183.5 0.75 0 0 1
226 183.5 0.75 0 0 1
227 183.5 0.75 0 0 1
228 183.5 0.75 0 0 1
229 183.5 0.75 0 0 1
233 177.5 0.75 0 0 1
234 177.5 0.75 0 0 1
235 177.5 0.75 0 0 1
236 177.5 0.75 0 0 1
237 177.5 0.75 0 0 1
233 179 0.75 0 0 1
234 179 0.75 0 0 1
235 179 0.75 0 0 1
236 179 0.75 0 0 1
237 179 0.75 0 0 1
233 180.5 0.75 0 0 1
234 180.5 0.75 0 0 1
235 180.5 0.75 0 0 1
236 180.5 0.75 0 0 1
237 180.5 0.75 0 0 1
233 182 0.75 0 0 1
234 182 0.75 0 0 1
235 182 0.75 0 0 1
236 182 0.75 0 0 1
237 182 0.75 0 0 1
233 183.5 0.75 0 0 1
234 183.5 0.75 0 0 1
235 183.5 0.75 0 0 1
236 183.5 0.75 0 0 1
237 183.5 0.75 0 0 1
241 177.5 0.75 0 0 1
242 177.5 0.75 0 0 1
243 177.5 0.75 0 0 1
244 177.5 0.75 0 0 1
245 177.5 0.75 0 0 1
241 179 0.75 0 0 1
242 179 0.75 0 0 1
243 179 0.75 0 0 1
244 179 0.75 0 0 1
245 179 0.75 0 0 1
241 180.5 0.75 0 0 1
242 180.5 0.75 0 0 1
243 180.5 0.75 0 0 1
244 180.5 0.75 0 0 1
245 180.5 0.75 0 0 1
241 182 0.75 0 0 1
242 182 0.75 0 0 1
243 182 0.75 0 0 1
244 182 0.75 0 0 1
245 182 0.75 0 0 1
241 183.5 0.75 0 0 1
242 183.5 0.75 0 0 1
243 183.5 0.75 0 0 1
244 183.5 0.75 0 0 1
245 183.5 0.75 0 0 1
249 177.5 0.75 0 0 1
250 177.5 0.75 0 0 1
251 177.5 0.75 0 0 1
252 177.5 0.75 0 0 1
253 177.5 0.75 0 0 1
249 179 0.75 0 0 1
250 179 0.75 0 0 1
251 179 0.75 0 0 1
252 179 0.75 0 0 1
253 179 0.75 0 0 1
249 180.5 0.75 0 0 1
250 180.5 0.75 0 0 1
251 180.5 0.75 0 0 1
252 180.5 0.75 0 0 1
253 180.5 0.75 0 0 1
249 182 0.75 0 0 1
250 182 0.75 0 0 1
251 182 0.75 0 0 1
252 182 0.75 0 0 1
253 182 0.75 0 0 1
249 183.5 0.75 0 0 1
250 183.5 0.75 0 0 1
251 183.5 0.75 0 0 1
252 183.5 0.75 0 0 1
253 183.5 0.75 0 0 1
1 188.5 0.75 0 0 1
2 188.5 0.75 0 0 1
3 188.5 0.75 0 0 1
4 188.5 0.75 0 0 1
5 188.5 0.75 0 0 1
1 190 0.75 0 0 1
2 190 0.75 0 0 1
3 190 0.75 0 0 1
4 190 0.75 0 0 1
5 190 0.75 0 0 1
1 191.5 0.75 0 0 1
2 191.5 0.75 0 0 1
3 191.5 0.75 0 0 1
4 191.5 0.75 0 0 1
5 191.5 0.75 0 0 1
1 193 0.75 0 0 1
2 193 0.75 0 0 1
3 193 0.75 0 0 1
4 193 0.75 0 0 1
5 193 0.75 0 0 1
1 194.5 0.75 0 0 1
2 194.5 0.75 0 0 1
3 194.5 0.75 0 0 1
4 194.5 0.75 0 0 1
5 194.5 0.75 0 0 1
9 188.5 0.75 0 0 1
10 188.5 0.75 0 0 1
11 188.5 0.75 0 0 1
12 188.5 0.75 0 0 1
13 188.5 0.75 0 0 1
9 190 0.75 0 0 1
10 190 0.75 0 0 1
11 190 0.75 0 0 1
12 190 0.75 0 0 1
13 190 0.75 0 0 1
9 191.5 0.75 0 0 1
10 191.5 0.75 0 0 1
11 191.5 0.75 0 0 1
12 191.5 0.75 0 0 1
13 191.5 0.75 0 0 1
9 193 0.75 0 0 1
10 193 0.75 0 0 1
11 193 0.75 0 0 1
12 193 0.75 0 0 1
13 193 0.75 0 0 1
9 194.5 0.75 0 0 1
10 194.5 0.75 0 0 1
11 194.5 0.75 0 0 1
12 194.5 0.75 0 0 1
13 194.5 0.75 0 0 1
17 188.5 0.75 0 0 1
18 188.5 0.75 0 0 1
19 188.5 0.75 0 0 1
20 188.5 0.75 0 0 1
21 188.5 0.75 0 0 1
17 190 0.75 0 0 1
18 190 0.75 0 0 1
19 190 0.75 0 0 1
20 190 0.75 0 0 1
21 190 0.75 0 0 1
17 191.5 0.75 0 0 1
18 191.5 0.75 0 0 1
19 191.5 0.75 0 0 1
20 191.5 0.75 0 0 1
21 191.5 0.75 0 0 1
17 193 0.75 0 0 1
18 193 0.75 0 0 1
19 193 0.75 0 0 1
20 193 0.75 0 0 1
21 193 0.75 0 0 1
17 194.5 0.75 0 0 1
18 194.5 0.75 0 0 1
19 194.5 0.75 0 0 1
20 194.5 0.75 0 0 1
21 194.5 0.75 0 0 1
25 188.5 0.75 0 0 1
26 188.5 0.75 0 0 1
27 188.5 0.75 0 0 1
28 188.5 0.75 0 0 1
29 188.5 0.75 0 0 1
25 190 0.75 0 0 1
26 190 0.75 0 0 1
27 190 0.75 0 0 1
28 190 0.75 0 0 1
29 190 0.75 0 0 1
25 191.5 0.75 0 0 1
26 191.5 0.75 0 0 1
27 191.5 0.75 0 0 1
28 191.5 0.75 0 0 1
29 191.5 0.75 0 0 1
25 193 0.75 0 0 1
26 193 0.75 0 0 1
27 193 0.75 0 0 1
28 193 0.75 0 0 1
29 193 0.75 0 0 1
25 194.5 0.75 0 0 1
26 194.5 0.75 0 0 1
27 194.5 0.75 0 0 1
28 194.5 0.75 0 0 1
29 194.5 0.75 0 0 1
33 188.5 0.75 0 0 1
34 188.5 0.75 0 0 1
35 188.5 0.75 0 0 1
36 188.5 0.75 0 0 1
37 188.5 0.75 0 0 1
33 190 0.75 0 0 1
34 190 0.75 0 0 1
35 190 0.75 0 0 1
36 190 0.75 0 0 1
37 190 0.75 0 0 1
33 191.5 0.75 0 0 1
34 191.5 0.75 0 0 1
35 191.5 0.75 0 0 1
36 191.5 0.75 0 0 1
37 191.5 0.75 0 0 1
33 193 0.75 0 0 1
34 193 0.75 0 0 1
35 193 0.75 0 0 1
36 193 0.75 0 0 1
37 193 0.75 0 0 1
33 194.5 0.75 0 0 1
34 194.5 0.75 0 0 1
35 194.5 0.75 0 0 1
36 194.5 0.75 0 0 1
37 194.5 0.75 0 0 1
41 188.5 0.75 0 0 1
42 188.5 0.75 0 0 1
43 188.5 0.75 0 0 1
44 188.5 0.75 0 0 1
45 188.5 0.75 0 0 1
41 190 0.75 0 0 1
42 190 0.75 0 0 1
43 190 0.75 0 0 1
44 190 0.75 0 0 1
45 190 0.75 0 0 1
41 191.5 0.75 0 0 1
42 191.5 0.75 0 0 1
43 191.5 0.75 0 0 1
44 191.5 0.75 0 0 1
45 191.5 0.75 0 0 1
41 193 0.75 0 0 1
42 193 0.75 0 0 1
43 193 0.75 0 0 1
44 193 0.75 0 0 1
45 193 0.75 0 0 1
41 194.5 0.75 0 0 1
42 194.5 0.75 0 0 1
43 194.5 0.75 0 0 1
44 194.5 0.75 0 0 1
45 194.5 0.75 0 0 1
49 188.5 0.75 0 0 1
50 188.5 0.75 0 0 1
51 188.5 0.75 0 0 1
52 188.5 0.75 0 0 1
53 188.5 0.75 0 0 1
49 190 0.75 0 0 1
50 190 0.75 0 0 1
51 190 0.75 0 0 1
52 190 0.75 0 0 1
53 190 0.75 0 0 1
49 191.5 0.75 0 0 1
50 191.5 0.75 0 0 1
51 191.5 0.75 0 0 1
52 191.5 0.75 0 0 1
53 191.5 0.75 0 0 1
49 193 0.75 0 0 1
50 193 0.75 0 0 1
51 193 0.75 0 0 1
52 193 0.75 0 0 1
53 193 0.75 0 0 1
49 194.5 0.75 0 0 1
50 194.5 0.75 0 0 1
51 194.5 0.75 0 0 1
52 194.5 0.75 0 0 1
53 194.5 0.75 0 0 1
57 188.5 0.75 0 0 1
58 188.5 0.75 0 0 1
59 188.5 0.75 0 0 1
60 188.5 0.75 0 0 1
61 188.5 0.75 0 0 1
57 190 0.75 0 0 1
58 190 0.75 0 0 1
59 190 0.75 0 0 1
60 190 0.75 0 0 1
61 190 0.75 0 0 1
57 191.5 0.75 0 0 1
58 191.5 0.75 0 0 1
59 191.5 0.75 0 0 1
60 191.5 0.75 0 0 1
61 191.5 0.75 0 0 1
57 193 0.75 0 0 1
58 193 0.75 0 0 1
59 193 0.75 0 0 1
60 193 0.75 0 0 1
61 193 0.75 0 0 1
57 194.5 0.75 0 0 1
58 194.5 0.75 0 0 1
59 194.5 0.75 0 0 1
60 194.5 0.75 0 0 1
61 194.5 0.75 0 0 1
65 188.5 0.75 0 0 1
66 188.5 0.75 0 0 1
67 188.5 0.75 0 0 1
68 188.5 0.75 0 0 1
69 188.5 0.75 0 0 1
65 190 0.75 0 0 1
66 190 0.75 0 0 1
67 190 0.75 0 0 1
68 190 0.75 0 0 1
69 190 0.75 0 0 1
65 191.5 0.75 0 0 1
66 191.5 0.75 0 0 1
67 191.5 0.75 0 0 1
68 191.5 0.75 0 0 1
69 191.5 0.75 0 0 1
65 193 0.75 0 0 1
66 193 0.75 0 0 1
67 193 0.75 0 0 1
68 193 0.75 0 0 1
69 193 0.75 0 0 1
65 194.5 0.75 0 0 1
66 194.5 0.75 0 0 1
67 194.5 0.75 0 0 1
68 194.5 0.75 0 0 1
69 194.5 0.75 0 0 1
73 188.5 0.75 0 0 1
74 188.5 0.75 0 0 1
75 188.5 0.75 0 0 1
76 188.5 0.75 0 0 1
77 188.5 0.75 0 0 1
73 190 0.75 0 0 1
74 190 0.75 0 0 1
75 190 0.75 0 0 1
76 190 0.75 0 0 1
77 190 0.75 0 0 1
73 191.5 0.75 0 0 1
74 191.5 0.75 0 0 1
75 191.5 0.75 0 0 1
76 191.5 0.75 0 0 1
77 191.5 0.75 0 0 1
73 193 0.75 0 0 1
74 193 0.75 0 0 1
75 193 0.75 0 0 1
76 193 0.75 0 0 1
77 193 0.75 0 0 1
73 194.5 0.75 0 0 1
74 194.5 0.75 0 0 1
75 194.5 0.75 0 0 1
76 194.5 0.75 0 0 1
77 194.5 0.75 0 0 1
81 188.5 0.75 0 0 1
82 188.5 0.75 0 0 1
83 188.5 0.75 0 0 1
84 188.5 0.75 0 0 1
85 188.5 0.75 0 0 1
81 190 0.75 0 0 1
82 190 0.75 0 0 1
83 190 0.75 0 0 1
84 190 0.75 0 0 1
85 190 0.75 0 0 1
81 191.5 0.75 0 0 1
82 191.5 0.75 0 0 1
83 191.5 0.75 0 0 1
84 191.5 0.75 0 0 1
85 191.5 0.75 0 0 1
81 193 0.75 0 0 1
82 193 0.75 0 0 1
83 193 0.75 0 0 1
84 193 0.75 0 0 1
85 193 0.75 0 0 1
81 194.5 0.75 0 0 1
82 194.5 0.75 0 0 1
83 194.5 0.75 0 0 1
84 194.5 0.75 0 0 1
85 194.5 0.75 0 0 1
89 188.5 0.75 0 0 1
90 188.5 0.75 0 0 1
91 188.5 0.75 0 0 1
92 188.5 0.75 0 0 1
93 188.5 0.75 0 0 1
89 190 0.75 0 0 1
90 190 0.75 0 0 1
91 190 0.75 0 0 1
92 190 0.75 0 0 1
93 190 0.75 0 0 1
89 191.5 0.75 0 0 1
90 191.5 0.75 0 0 1
91 191.5 0.75 0 0 1
92 191.5 0.75 0 0 1
93 191.5 0.75 0 0 1
89 193 0.75 0 0 1
90 193 0.75 0 0 1
91 193 0.75 0 0 1
92 193 0.75 0 0 1
93 193 0.75 0 0 1
89 194.5 0.75 0 0 1
90 194.5 0.75 0 0 1
91 194.5 0.75 0 0 1
92 194.5 0.75 0 0 1
93 194.5 0.75 0 0 1
97 188.5 0.75 0 0 1
98 188.5 0.75 0 0 1
99 188.5 0.75 0 0 1
100 188.5 0.75 0 0 1
101 188.5 0.75 0 0 1
97 190 0.75 0 0 1
98 190 0.75 0 0 1
99 190 0.75 0 0 1
100 190 0.75 0 0 1
101 190 0.75 0 0 1
97 191.5 0.75 0 0 1
98 191.5 0.75 0 0 1
99 191.5 0.75 0 0 1
100 191.5 0.75 0 0 1
101 191.5 0.75 0 0 1
97 193 0.75 0 0 1
98 193 0.75 0 0 1
99 193 0.75 0 0 1
100 193 0.75 0 0 1
101 193 0.75 0 0 1
97 194.5 0.75 0 0 1
98 194.5 0.75 0 0 1
99 194.5 0.75 0 0 1
100 194.5 0.75 0 0 1
101 194.5 0.75 0 0 1
105 188.5 0.75 0 0 1
106 188.5 0.75 0 0 1
107 188.5 0.75 0 0 1
108 188.5 0.75 0 0 1
109 188.5 0.75 0 0 1
105 190 0.75 0 0 1
106 190 0.75 0 0 1
107 190 0.75 0 0 1
108 190 0.75 0 0 1
109 190 0.75 0 0 1
105 191.5 0.75 0 0 1
106 191.5 0.75 0 0 1
107 191.5 0.75 0 0 1
108 191.5 0.75 0 0 1
109 191.5 0.75 0 0 1
105 193 0.75 0 0 1
106 193 0.75 0 0 1
107 193 0.75 0 0 1
108 193 0.75 0 0 1
109 193 0.75 0 0 1
105 194.5 0.75 0 0 1
106 194.5 0.75 0 0 1
107 194.5 0.75 0 0 1
108 194.5 0.75 0 0 1
109 194.5 0.75 0 0 1
113 188.5 0.75 0 0 1
114 188.5 0.75 0 0 1
115 188.5 0.75 0 0 1
116 188.5 0.75 0 0 1
117 188.5 0.75 0 0 1
113 190 0.75 0 0 1
114 190 0.75 0 0 1
115 190 0.75 0 0 1
116 190 0.75 0 0 1
117 190 0.75 0 0 1
113 191.5 0.75 0 0 1
114 191.5 0.75 0 0 1
115 191.5 0.75 0 0 1
116 191.5 0.75 0 0 1
117 191.5 0.75 0 0 1
113 193 0.75 0 0 1
114 193 0.75 0 0 1
115 193 0.75 0 0 1
116 193 0.75 0 0 1
117 193 0.75 0 0 1
113 194.5 0.75 0 0 1
114 194.5 0.75 0 0 1
115 194.5 0.75 0 0 1
116 194.5 0.75 0 0 1
117 194.5 0.75 0 0 1
121 188.5 0.75 0 0 1
122 188.5 0.75 0 0 1
123 188.5 0.75 0 0 1
124 188.5 0.75 0 0 1
125 188.5 0.75 0 0 1
121 190 0.75 0 0 1
122 190 0.75 0 0 1
123 190 0.75 0 0 1
124 190 0.75 0 0 1
125 190 0.75 0 0 1
121 191.5 0.75 0 0 1
122 191.5 0.75 0 0 1
123 191.5 0.75 0 0 1
124 191.5 0.75 0 0 1
125 191.5 0.75 0 0 1
121 193 0.75 0 0 1
122 193 0.75 0 0 1
123 193 0.75 0 0 1
124 193 0.75 0 0 1
125 193 0.75 0 0 1
121 194.5 0.75 0 0 1
122 194.5 0.75 0 0 1
123 194.5 0.75 0 0 1
124 194.5 0.75 0 0 1
125 194.5 0.75 0 0 1
129 188.5 0.75 0 0 1
130 188.5 0.75 0 0 1
131 188.5 0.75 0 0 1
132 188.5 0.75 0 0 1
133 188.5 0.75 0 0 1
129 190 0.75 0 0 1
130 190 0.75 0 0 1
131 190 0.75 0 0 1
132 190 0.75 0 0 1
133 190 0.75 0 0 1
129 191.5 0.75 0 0 1
130 191.5 0.75 0 0 1
131 191.5 0.75 0 0 1
132 191.5 0.75 0 0 1
133 191.5 0.75 0 0 1
129 193 0.75 0 0 1
130 193 0.75 0 0 1
131 193 0.75 0 0 1
132 193 0.75 0 0 1
133 193 0.75 0 0 1
129 194.5 0.75 0 0 1
130 194.5 0.75 0 0 1
131 194.5 0.75 0 0 1
132 194.5 0.75 0 0 1
133 194.5 0.75 0 0 1
137 188.5 0.75 0 0 1
138 188.5 0.75 0 0 1
139 188.5 0.75 0 0 1
140 188.5 0.75 0 0 1
141 188.5 0.75 0 0 1
137 190 0.75 0 0 1
138 190 0.75 0 0 1
139 190 0.75 0 0 1
140 190 0.75 0 0 1
141 190 0.75 0 0 1
137 191.5 0.75 0 0 1
138 191.5 0.75 0 0 1
139 191.5 0.75 0 0 1
140 191.5 0.75 0 0 1
141 191.5 0.75 0 0 1
137 193 0.75 0 0 1
138 193 0.75 0 0 1
139 193 0.75 0 0 1
140 193 0.75 0 0 1
141 193 0.75 0 0 1
137 194.5 0.75 0 0 1
138 194.5 0.75 0 0 1
139 194.5 0.75 0 0 1
140 194.5 0.75 0 0 1
141 194.5 0.75 0 0 1
145 188.5 0.75 0 0 1
146 188.5 0.75 0 0 1
147 188.5 0.75 0 0 1
148 188.5 0.75 0 0 1
149 188.5 0.75 0 0 1
145 190 0.75 0 0 1
146 190 0.75 0 0 1
147 190 0.75 0 0 1
148 190 0.75 0 0 1
149 190 0.75 0 0 1
145 191.5 0.75 0 0 1
146 191.5 0.75 0 0 1
147 191.5 0.75 0 0 1
148 191.5 0.75 0 0 1
149 191.5 0.75 0 0 1
145 193 0.75 0 0 1
146 193 0.75 0 0 1
147 193 0.75 0 0 1
148 193 0.75 0 0 1
149 193 0.75 0 0 1
145 194.5 0.75 0 0 1
146 194.5 0.75 0 0 1
147 194.5 0.75 0 0 1
148 194.5 0.75 0 0 1
149 194.5 0.75 0 0 1
153 188.5 0.75 0 0 1
154 188.5 0.75 0 0 1
155 188.5 0.75 0 0 1
156 188.5 0.75 0 0 1
157 188.5 0.75 0 0 1
153 190 0.75 0 0 1
154 190 0.75 0 0 1
155 190 0.75 0 0 1
156 190 0.75 0 0 1
157 190 0.75 0 0 1
153 191.5 0.75 0 0 1
154 191.5 0.75 0 0 1
155 191.5 0.75 0 0 1
156 191.5 0.75 0 0 1
157 191.5 0.75 0 0 1
153 193 0.75 0 0 1
154 193 0.75 0 0 1
155 193 0.75 0 0 1
156 193 0.75 0 0 1
157 193 0.75 0 0 1
153 194.5 0.75 0 0 1
154 194.5 0.75 0 0 1
155 194.5 0.75 0 0 1
156 194.5 0.75 0 0 1
157 194.5 0.75 0 0 1
161 188.5 0.75 0 0 1
162 188.5 0.75 0 0 1
163 188.5 0.75 0 0 1
164 188.5 0.75 0 0 1
165 188.5 0.75 0 0 1
161 190 0.75 0 0 1
162 190 0.75 0 0 1
163 190 0.75 0 0 1
164 190 0.75 0 0 1
165 190 0.75 0 0 1
161 191.5 0.75 0 0 1
162 191.5 0.75 0 0 1
163 191.5 0.75 0 0 1
164 191.5 0.75 0 0 1
165 191.5 0.75 0 0 1
161 193 0.75 0 0 1
162 193 0.75 0 0 1
163 193 0.75 0 0 1
164 193 0.75 0 0 1
165 193 0.75 0 0 1
161 194.5 0.75 0 0 1
162 194.5 0.75 0 0 1
163 194.5 0.75 0 0 1
164 194.5 0.75 0 0 1
165 194.5 0.75 0 0 1
169 188.5 0.75 0 0 1
170 188.5 0.75 0 0 1
171 188.5 0.75 0 0 1
172 188.5 0.75 0 0 1
173 188.5 0.75 0 0 1
169 190 0.75 0 0 1
170 190 0.75 0 0 1
171 190 0.75 0 0 1
172 190 0.75 0 0 1
173 190 0.75 0 0 1
169 191.5 0.75 0 0 1
170 191.5 0.75 0 0 1
171 191.5 0.75 0 0 1
172 191.5 0.75 0 0 1
173 191.5 0.75 0 0 1
169 193 0.75 0 0 1
170 193 0.75 0 0 1
171 193 0.75 0 0 1
172 193 0.75 0 0 1
173 193 0.75 0 0 1
169 194.5 0.75 0 0 1
170 194.5 0.75 0 0 1
171 194.5 0.75 0 0 1
172 194.5 0.75 0 0 1
173 194.5 0.75 0 0 1
177 188.5 0.75 0 0 1
178 188.5 0.75 0 0 1
179 188.5 0.75 0 0 1
180 188.5 0.75 0 0 1
181 188.5 0.75 0 0 1
177 190 0.75 0 0 1
178 190 0.75 0 0 1
179 190 0.75 0 0 1
180 190 0.75 0 0 1
181 190 0.75 0 0 1
177 191.5 0.75 0 0 1
178 191.5 0.75 0 0 1
179 191.5 0.75 0 0 1
180 191.5 0.75 0 0 1
181 191.5 0.75 0 0 1
177 193 0.75 0 0 1
178 193 0.75 0 0 1
179 193 0.75 0 0 1
180 193 0.75 0 0 1
181 193 0.75 0 0 1
177 194.5 0.75 0 0 1
178 194.5 0.75 0 0 1
179 194.5 0.75 0 0 1
180 194.5 0.75 0 0 1
181 194.5 0.75 0 0 1
185 188.5 0.75 0 0 1
186 188.5 0.75 0 0 1
187 188.5 0.75 0 0 1
188 188.5 0.75 0 0 1
189 188.5 0.75 0 0 1
185 190 0.75 0 0 1
186 190 0.75 0 0 1
187 190 0.75 0 0 1
188 190 0.75 0 0 1
189 190 0.75 0 0 1
185 191.5 0.75 0 0 1
186 191.5 0.75 0 0 1
187 191.5 0.75 0 0 1
188 191.5 0.75 0 0 1
189 191.5 0.75 0 0 1
185 193 0.75 0 0 1
186 193 0.75 0 0 1
187 193 0.75 0 0 1
188 193 0.75 0 0 1
189 193 0.75 0 0 1
185 194.5 0.75 0 0 1
186 194.5 0.75 0 0 1
187 194.5 0.75 0 0 1
188 194.5 0.75 0 0 1
189 194.5 0.75 0 0 1
193 188.5 0.75 0 0 1
194 188.5 0.75 0 0 1
195 188.5 0.75 0 0 1
196 188.5 0.75 0 0 1
197 188.5 0.75 0 0 1
193 190 0.75 0 0 1
194 190 0.75 0 0 1
195 190 0.75 0 0 1
196 190 0.75 0 0 1
197 190 0.75 0 0 1
193 191.5 0.75 0 0 1
194 191.5 0.75 0 0 1
195 191.5 0.75 0 0 1
196 191.5 0.75 0 0 1
197 191.5 0.75 0 0 1
193 193 0.75 0 0 1
194 193 0.75 0 0 1
195 193 0.75 0 0 1
196 193 0.75 0 0 1
197 193 0.75 0 0 1
193 194.5 0.75 0 0 1
194 194.5 0.75 0 0 1
195 194.5 0.75 0 0 1
196 194.5 0.75 0 0 1
197 194.5 0.75 0 0 1
201 188.5 0.75 0 0 1
202 188.5 0.75 0 0 1
203 188.5 0.75 0 0 1
204 188.5 0.75 0 0 1
205 188.5 0.75 0 0 1
201 190 0.75 0 0 1
202 190 0.75 0 0 1
203 190 0.75 0 0 1
204 190 0.75 0 0 1
205 190 0.75 0 0 1
201 191.5 0.75 0 0 1
202 191.5 0.75 0 0 1
203 191.5 0.75 0 0 1
204 191.5 0.75 0 0 1
205 191.5 0.75 0 0 1
201 193 0.75 0 0 1
202 193 0.75 0 0 1
203 193 0.75 0 0 1
204 193 0.75 0 0 1
205 193 0.75 0 0 1
201 194.5 0.75 0 0 1
202 194.5 0.75 0 0 1
203 194.5 0.75 0 0 1
204 194.5 0.75 0 0 1
205 194.5 0.75 0 0 1
209 188.5 0.75 0 0 1
210 188.5 0.75 0 0 1
211 188.5 0.75 0 0 1
212 188.5 0.75 0 0 1
213 188.5 0.75 0 0 1
209 190 0.75 0 0 1
210 190 0.75 0 0 1
211 190 0.75 0 0 1
212 190 0.75 0 0 1
213 190 0.75 0 0 1
209 191.5 0.75 0 0 1
210 191.5 0.75 0 0 1
211 191.5 0.75 0 0 1
212 191.5 0.75 0 0 1
213 191.5 0.75 0 0 1
209 193 0.75 0 0 1
210 193 0.75 0 0 1
211 193 0.75 0 0 1
212 193 0.75 0 0 1
213 193 0.75 0 0 1
209 194.5 0.75 0 0 1
210 194.5 0.75 0 0 1
211 194.5 0.75 0 0 1
212 194.5 0.75 0 0 1
213 194.5 0.75 0 0 1
217 188.5 0.75 0 0 1
218 188.5 0.75 0 0 1
219 188.5 0.75 0 0 1
220 188.5 0.75 0 0 1
221 188.5 0.75 0 0 1
217 190 0.75 0 0 1
218 190 0.75 0 0 1
219 190 0.75 0 0 1
220 190 0.75 0 0 1
221 190 0.75 0 0 1
217 191.5 0.75 0 0 1
218 191.5 0.75 0 0 1
219 191.5 0.75 0 0 1
220 191.5 0.75 0 0 1
221 191.5 0.75 0 0 1
217 193 0.75 0 0 1
218 193 0.75 0 0 1
219 193 0.75 0 0 1
220 193 0.75 0 0 1
221 193 0.75 0 0 1
217 194.5 0.75 0 0 1
218 194.5 0.75 0 0 1
219 194.5 0.75 0 0 1
220 194.5 0.75 0 0 1
221 194.5 0.75 0 0 1
225 188.5 0.75 0 0 1
226 188.5 0.75 0 0 1
227 188.5 0.75 0 0 1
228 188.5 0.75 0 0 1
229 188.5 0.75 0 0 1
225 190 0.75 0 0 1
226 190 0.75 0 0 1
227 190 0.75 0 0 1
228 190 0.75 0 0 1
229 190 0.75 0 0 1
225 191.5 0.75 0 0 1
226 191.5 0.75 0 0 1
227 191.5 0.75 0 0 1
228 191.5 0.75 0 0 1
229 191.5 0.75 0 0 1
225 193 0.75 0 0 1
226 193 0.75 0 0 1
227 193 0.75 0 0 1
228 193 0.75 0 0 1
229 193 0.75 0 0 1
225 194.5 0.75 0 0 1
226 194.5 0.75 0 0 1
227 194.5 0.75 0 0 1
228 194.5 0.75 0 0 1
229 194.5 0.75 0 0 1
233 188.5 0.75 0 0 1
234 188.5 0.75 0 0 1
235 188.5 0.75 0 0 1
236 188.5 0.75 0 0 1
237 188.5 0.75 0 0 1
233 190 0.75 0 0 1
234 190 0.75 0 0 1
235 190 0.75 0 0 1
236 190 0.75 0 0 1
237 190 0.75 0 0 1
233 191.5 0.75 0 0 1
234 191.5 0.75 0 0 1
235 191.5 0.75 0 0 1
236 191.5 0.75 0 0 1
237 191.5 0.75 0 0 1
233 193 0.75 0 0 1
234 193 0.75 0 0 1
235 193 0.75 0 0 1
236 193 0.75 0 0 1
237 193 0.75 0 0 1
233 194.5 0.75 0 0 1
234 194.5 0.75 0 0 1
235 194.5 0.75 0 0 1
236 194.5 0.75 0 0 1
237 194.5 0.75 0 0 1
241 188.5 0.75 0 0 1
242 188.5 0.75 0 0 1
243 188.5 0.75 0 0 1
244 188.5 0.75 0 0 1
245 188.5 0.75 0 0 1
241 190 0.75 0 0 1
242 190 0.75 0 0 1
243 190 0.75 0 0 1
244 190 0.75 0 0 1
245 190 0.75 0 0 1
241 191.5 0.75 0 0 1
242 191.5 0.75 0 0 1
243 191.5 0.75 0 0 1
244 191.5 0.75 0 0 1
245 191.5 0.75 0 0 1
241 193 0.75 0 0 1
242 193 0.75 0 0 1
243 193 0.75 0 0 1
244 193 0.75 0 0 1
245 193 0.75 0 0 1
241 194.5 0.75 0 0 1
242 194.5 0.75 0 0 1
243 194.5 0.75 0 0 1
244 194.5 0.75 0 0 1
245 194.5 0.75 0 0 1
249 188.5 0.75 0 0 1
250 188.5 0.75 0 0 1
251 188.5 0.75 0 0 1
252 188.5 0.75 0 0 1
253 188.5 0.75 0 0 1
249 190 0.75 0 0 1
250 190 0.75 0 0 1
251 190 0.75 0 0 1
252 190 0.75 0 0 1
253 190 0.75 0 0 1
249 191.5 0.75 0 0 1
250 191.5 0.75 0 0 1
251 191.5 0.75 0 0 1
252 191.5 0.75 0 0 1
253 191.5 0.75 0 0 1
249 193 0.75 0 0 1
250 193 0.75 0 0 1
251 193 0.75 0 0 1
252 193 0.75 0 0 1
253 193 0.75 0 0 1
249 194.5 0.75 0 0 1
250 194.5 0.75 0 0 1
251 194.5 0.75 0 0 1
252 194.5 0.75 0 0 1
253 194.5 0.75 0 0 1
1 199.5 0.75 0 0 1
2 199.5 0.75 0 0 1
3 199.5 0.75 0 0 1
4 199.5 0.75 0 0 1
5 199.5 0.75 0 0 1
1 201 0.75 0 0 1
2 201 0.75 0 0 1
3 201 0.75 0 0 1
4 201 0.75 0 0 1
5 201 0.75 0 0 1
1 202.5 0.75 0 0 1
2 202.5 0.75 0 0 1
3 202.5 0.75 0 0 1
4 202.5 0.75 0 0 1
5 202.5 0.75 0 0 1
1 204 0.75 0 0 1
2 204 0.75 0 0 1
3 204 0.75 0 0 1
4 204 0.75 0 0 1
5 204 0.75 0 0 1
1 205.5 0.75 0 0 1
2 205.5 0.75 0 0 1
3 205.5 0.75 0 0 1
4 205.5 0.75 0 0 1
5 205.5 0.75 0 0 1
9 199.5 0.75 0 0 1
10 199.5 0.75 0 0 1
11 199.5 0.75 0 0 1
12 199.5 0.75 0 0 1
13 199.5 0.75 0 0 1
9 201 0.75 0 0 1
10 201 0.75 0 0 1
11 201 0.75 0 0 1
12 201 0.75 0 0 1
13 201 0.75 0 0 1
9 202.5 0.75 0 0 1
10 202.5 0.75 0 0 1
11 202.5 0.75 0 0 1
12 202.5 0.75 0 0 1
13 202.5 0.75 0 0 1
9 204 0.75 0 0 1
10 204 0.75 0 0 1
11 204 0.75 0 0 1
12 204 0.75 0 0 1
13 204 0.75 0 0 1
9 205.5 0.75 0 0 1
10 205.5 0.75 0 0 1
11 205.5 0.75 0 0 1
12 205.5 0.75 0 0 1
13 205.5 0.75 0 0 1
17 199.5 0.75 0 0 1
18 199.5 0.75 0 0 1
19 199.5 0.75 0 0 1
20 199.5 0.75 0 0 1
21 199.5 0.75 0 0 1
17 201 0.75 0 0 1
18 201 0.75 0 0 1
19 201 0.75 0 0 1
20 201 0.75 0 0 1
21 201 0.75 0 0 1
17 202.5 0.75 0 0 1
18 202.5 0.75 0 0 1
19 202.5 0.75 0 0 1
20 202.5 0.75 0 0 1
21 202.5 0.75 0 0 1
17 204 0.75 0 0 1
18 204 0.75 0 0 1
19 204 0.75 0 0 1
20 204 0.75 0 0 1
21 204 0.75 0 0 1
17 205.5 0.75 0 0 1
18 205.5 0.75 0 0 1
19 205.5 0.75 0 0 1
20 205.5 0.75 0 0 1
21 205.5 0.75 0 0 1
25 199.5 0.75 0 0 1
26 199.5 0.75 0 0 1
27 199.5 0.75 0 0 1
28 199.5 0.75 0 0 1
29 199.5 0.75 0 0 1
25 201 0.75 0 0 1
26 201 0.75 0 0 1
27 201 0.75 0 0 1
28 201 0.75 0 0 1
29 201 0.75 0 0 1
25 202.5 0.75 0 0 1
26 202.5 0.75 0 0 1
27 202.5 0.75 0 0 1
28 202.5 0.75 0 0 1
29 202.5 0.75 0 0 1
25 204 0.75 0 0 1
26 204 0.75 0 0 1
27 204 0.75 0 0 1
28 204 0.75 0 0 1
29 204 0.75 0 0 1
25 205.5 0.75 0 0 1
26 205.5 0.75 0 0 1
27 205.5 0.75 0 0 1
28 205.5 0.75 0 0 1
29 205.5 0.75 0 0 1
33 199.5 0.75 0 0 1
34 199.5 0.75 0 0 1
35 199.5 0.75 0 0 1
36 199.5 0.75 0 0 1
37 199.5 0.75 0 0 1
33 201 0.75 0 0 1
34 201 0.75 0 0 1
35 201 0.75 0 0 1
36 201 0.75 0 0 1
37 201 0.75 0 0 1
33 202.5 0.75 0 0 1
34 202.5 0.75 0 0 1
35 202.5 0.75 0 0 1
36 202.5 0.75 0 0 1
37 202.5 0.75 0 0 1
33 204 0.75 0 0 1
34 204 0.75 0 0 1
35 204 0.75 0 0 1
36 204 0.75 0 0 1
37 204 0.75 0 0 1
33 205.5 0.75 0 0 1
34 205.5 0.75 0 0 1
35 205.5 0.75 0 0 1
36 205.5 0.75 0 0 1
37 205.5 0.75 0 0 1
41 199.5 0.75 0 0 1
42 199.5 0.75 0 0 1
43 199.5 0.75 0 0 1
44 199.5 0.75 0 0 1
45 199.5 0.75 0 0 1
41 201 0.75 0 0 1
42 201 0.75 0 0 1
43 201 0.75 0 0 1
44 201 0.75 0 0 1
45 201 0.75 0 0 1
41 202.5 0.75 0 0 1
42 202.5 0.75 0 0 1
43 202.5 0.75 0 0 1
44 202.5 0.75 0 0 1
45 202.5 0.75 0 0 1
41 204 0.75 0 0 1
42 204 0.75 0 0 1
43 204 0.75 0 0 1
44 204 0.75 0 0 1
45 204 0.75 0 0 1
41 205.5 0.75 0 0 1
42 205.5 0.75 0 0 1
43 205.5 0.75 0 0 1
44 205.5 0.75 0 0 1
45 205.5 0.75 0 0 1
49 199.5 0.75 0 0 1
50 199.5 0.75 0 0 1
51 199.5 0.75 0 0 1
52 199.5 0.75 0 0 1
53 199.5 0.75 0 0 1
49 201 0.75 0 0 1
50 201 0.75 0 0 1
51 201 0.75 0 0 1
52 201 0.75 0 0 1
53 201 0.75 0 0 1
49 202.5 0.75 0 0 1
50 202.5 0.75 0 0 1
51 202.5 0.75 0 0 1
52 202.5 0.75 0 0 1
53 202.5 0.75 0 0 1
49 204 0.75 0 0 1
50 204 0.75 0 0 1
51 204 0.75 0 0 1
52 204 0.75 0 0 1
53 204 0.75 0 0 1
49 205.5 0.75 0 0 1
50 205.5 0.75 0 0 1
51 205.5 0.75 0 0 1
52 205.5 0.75 0 0 1
53 205.5 0.75 0 0 1
57 199.5 0.75 0 0 1
58 199.5 0.75 0 0 1
59 199.5 0.75 0 0 1
60 199.5 0.75 0 0 1
61 199.5 0.75 0 0 1
57 201 0.75 0 0 1
58 201 0.75 0 0 1
59 201 0.75 0 0 1
60 201 0.75 0 0 1
61 201 0.75 0 0 1
57 202.5 0.75 0 0 1
58 202.5 0.75 0 0 1
59 202.5 0.75 0 0 1
60 202.5 0.75 0 0 1
61 202.5 0.75 0 0 1
57 204 0.75 0 0 1
58 204 0.75 0 0 1
59 204 0.75 0 0 1
60 204 0.75 0 0 1
61 204 0.75 0 0 1
57 205.5 0.75 0 0 1
58 205.5 0.75 0 0 1
59 205.5 0.75 0 0 1
60 205.5 0.75 0 0 1
61 205.5 0.75 0 0 1
65 199.5 0.75 0 0 1
66 199.5 0.75 0 0 1
67 199.5 0.75 0 0 1
68 199.5 0.75 0 0 1
69 199.5 0.75 0 0 1
65 201 0.75 0 0 1
66 201 0.75 0 0 1
67 201 0.75 0 0 1
68 201 0.75 0 0 1
69 201 0.75 0 0 1
65 202.5 0.75 0 0 1
66 202.5 0.75 0 0 1
67 202.5 0.75 0 0 1
68 202.5 0.75 0 0 1
69 202.5 0.75 0 0 1
65 204 0.75 0 0 1
66 204 0.75 0 0 1
67 204 0.75 0 0 1
68 204 0.75 0 0 1
69 204 0.75 0 0 1
65 205.5 0.75 0 0 1
66 205.5 0.75 0 0 1
67 205.5 0.75 0 0 1
68 205.5 0.75 0 0 1
69 205.5 0.75 0 0 1
73 199.5 0.75 0 0 1
74 199.5 0.75 0 0 1
75 199.5 0.75 0 0 1
76 199.5 0.75 0 0 1
77 199.5 0.75 0 0 1
73 201 0.75 0 0 1
74 201 0.75 0 0 1
75 201 0.75 0 0 1
76 201 0.75 0 0 1
77 201 0.75 0 0 1
73 202.5 0.75 0 0 1
74 202.5 0.75 0 0 1
75 202.5 0.75 0 0 1
76 202.5 0.75 0 0 1
77 202.5 0.75 0 0 1
73 204 0.75 0 0 1
74 204 0.75 0 0 1
75 204 0.75 0 0 1
76 204 0.75 0 0 1
77 204 0.75 0 0 1
73 205.5 0.75 0 0 1
74 205.5 0.75 0 0 1
75 205.5 0.75 0 0 1
76 205.5 0.75 0 0 1
77 205.5 0.75 0 0 1
81 199.5 0.75 0 0 1
82 199.5 0.75 0 0 1
83 199.5 0.75 0 0 1
84 199.5 0.75 0 0 1
85 199.5 0.75 0 0 1
81 201 0.75 0 0 1
82 201 0.75 0 0 1
83 201 0.75 0 0 1
84 201 0.75 0 0 1
85 201 0.75 0 0 1
81 202.5 0.75 0 0 1
82 202.5 0.75 0 0 1
83 202.5 0.75 0 0 1
84 202.5 0.75 0 0 1
85 202.5 0.75 0 0 1
81 204 0.75 0 0 1
82 204 0.75 0 0 1
83 204 0.75 0 0 1
84 204 0.75 0 0 1
85 204 0.75 0 0 1
81 205.5 0.75 0 0 1
82 205.5 0.75 0 0 1
83 205.5 0.75 0 0 1
84 205.5 0.75 0 0 1
85 205.5 0.75 0 0 1
89 199.5 0.75 0 0 1
90 199.5 0.75 0 0 1
91 199.5 0.75 0 0 1
92 199.5 0.75 0 0 1
93 199.5 0.75 0 0 1
89 201 0.75 0 0 1
90 201 0.75 0 0 1
91 201 0.75 0 0 1
92 201 0.75 0 0 1
93 201 0.75 0 0 1
89 202.5 0.75 0 0 1
90 202.5 0.75 0 0 1
91 202.5 0.75 0 0 1
92 202.5 0.75 0 0 1
93 202.5 0.75 0 0 1
89 204 0.75 0 0 1
90 204 0.75 0 0 1
91 204 0.75 0 0 1
92 204 0.75 0 0 1
93 204 0.75 0 0 1
89 205.5 0.75 0 0 1
90 205.5 0.75 0 0 1
91 205.5 0.75 0 0 1
92 205.5 0.75 0 0 1
93 205.5 0.75 0 0 1
97 199.5 0.75 0 0 1
98 199.5 0.75 0 0 1
99 199.5 0.75 0 0 1
100 199.5 0.75 0 0 1
101 199.5 0.75 0 0 1
97 201 0.75 0 0 1
98 201 0.75 0 0 1
99 201 0.75 0 0 1
100 201 0.75 0 0 1
101 201 0.75 0 0 1
97 202.5 0.75 0 0 1
98 202.5 0.75 0 0 1
99 202.5 0.75 0 0 1
100 202.5 0.75 0 0 1
101 202.5 0.75 0 0 1
97 204 0.75 0 0 1
98 204 0.75 0 0 1
99 204 0.75 0 0 1
100 204 0.75 0 0 1
101 204 0.75 0 0 1
97 205.5 0.75 0 0 1
98 205.5 0.75 0 0 1
99 205.5 0.75 0 0 1
100 205.5 0.75 0 0 1
101 205.5 0.75 0 0 1
105 199.5 0.75 0 0 1
106 199.5 0.75 0 0 1
107 199.5 0.75 0 0 1
108 199.5 0.75 0 0 1
109 199.5 0.75 0 0 1
105 201 0.75 0 0 1
106 201 0.75 0 0 1
107 201 0.75 0 0 1
108 201 0.75 0 0 1
109 201 0.75 0 0 1
105 202.5 0.75 0 0 1
106 202.5 0.75 0 0 1
107 202.5 0.75 0 0 1
108 202.5 0.75 0 0 1
109 202.5 0.75 0 0 1
105 204 0.75 0 0 1
106 204 0.75 0 0 1
107 204 0.75 0 0 1
108 204 0.75 0 0 1
109 204 0.75 0 0 1
105 205.5 0.75 0 0 1
106 205.5 0.75 0 0 1
107 205.5 0.75 0 0 1
108 205.5 0.75 0 0 1
109 205.5 0.75 0 0 1
113 199.5 0.75 0 0 1
114 199.5 0.75 0 0 1
115 199.5 0.75 0 0 1
116 199.5 0.75 0 0 1
117 199.5 0.75 0 0 1
113 201 0.75 0 0 1
114 201 0.75 0 0 1
115 201 0.75 0 0 1
116 201 0.75 0 0 1
117 201 0.75 0 0 1
113 202.5 0.75 0 0 1
114 202.5 0.75 0 0 1
115 202.5 0.75 0 0 1
116 202.5 0.75 0 0 1
117 202.5 0.75 0 0 1
113 204 0.75 0 0 1
114 204 0.75 0 0 1
115 204 0.75 0 0 1
116 204 0.75 0 0 1
117 204 0.75 0 0 1
113 205.5 0.75 0 0 1
114 205.5 0.75 0 0 1
115 205.5 0.75 0 0 1
116 205.5 0.75 0 0 1
117 205.5 0.75 0 0 1
121 199.5 0.75 0 0 1
122 199.5 0.75 0 0 1
123 199.5 0.75 0 0 1
124 199.5 0.75 0 0 1
125 199.5 0.75 0 0 1
121 201 0.75 0 0 1
122 201 0.75 0 0 1
123 201 0.75 0 0 1
124 201 0.75 0 0 1
125 201 0.75 0 0 1
121 202.5 0.75 0 0 1
122 202.5 0.75 0 0 1
123 202.5 0.75 0 0 1
124 202.5 0.75 0 0 1
125 202.5 0.75 0 0 1
121 204 0.75 0 0 1
122 204 0.75 0 0 1
123 204 0.75 0 0 1
124 204 0.75 0 0 1
125 204 0.75 0 0 1
121 205.5 0.75 0 0 1
122 205.5 0.75 0 0 1
123 205.5 0.75 0 0 1
124 205.5 0.75 0 0 1
125 205.5 0.75 0 0 1
129 199.5 0.75 0 0 1
130 199.5 0.75 0 0 1
131 199.5 0.75 0 0 1
132 199.5 0.75 0 0 1
133 199.5 0.75 0 0 1
129 201 0.75 0 0 1
130 201 0.75 0 0 1
131 201 0.75 0 0 1
132 201 0.75 0 0 1
133 201 0.75 0 0 1
129 202.5 0.75 0 0 1
130 202.5 0.75 0 0 1
131 202.5 0.75 0 0 1
132 202.5 0.75 0 0 1
133 202.5 0.75 0 0 1
129 204 0.75 0 0 1
130 204 0.75 0 0 1
131 204 0.75 0 0 1
132 204 0.75 0 0 1
133 204 0.75 0 0 1
129 205.5 0.75 0 0 1
130 205.5 0.75 0 0 1
131 205.5 0.75 0 0 1
132 205.5 0.75 0 0 1
133 205.5 0.75 0 0 1
137 199.5 0.75 0 0 1
138 199.5 0.75 0 0 1
139 199.5 0.75 0 0 1
140 199.5 0.75 0 0 1
141 199.5 0.75 0 0 1
137 201 0.75 0 0 1
138 201 0.75 0 0 1
139 201 0.75 0 0 1
140 201 0.75 0 0 1
141 201 0.75 0 0 1
137 202.5 0.75 0 0 1
138 202.5 0.75 0 0 1
139 202.5 0.75 0 0 1
140 202.5 0.75 0 0 1
141 202.5 0.75 0 0 1
137 204 0.75 0 0 1
138 204 0.75 0 0 1
139 204 0.75 0 0 1
140 204 0.75 0 0 1
141 204 0.75 0 0 1
137 205.5 0.75 0 0 1
138 205.5 0.75 0 0 1
139 205.5 0.75 0 0 1
140 205.5 0.75 0 0 1
141 205.5 0.75 0 0 1
145 199.5 0.75 0 0 1
146 199.5 0.75 0 0 1
147 199.5 0.75 0 0 1
148 199.5 0.75 0 0 1
149 199.5 0.75 0 0 1
145 201 0.75 0 0 1
146 201 0.75 0 0 1
147 201 0.75 0 0 1
148 201 0.75 0 0 1
149 201 0.75 0 0 1
145 202.5 0.75 0 0 1
146 202.5 0.75 0 0 1
147 202.5 0.75 0 0 1
148 202.5 0.75 0 0 1
149 202.5 0.75 0 0 1
145 204 0.75 0 0 1
146 204 0.75 0 0 1
147 204 0.75 0 0 1
148 204 0.75 0 0 1
149 204 0.75 0 0 1
145 205.5 0.75 0 0 1
146 205.5 0.75 0 0 1
147 205.5 0.75 0 0 1
148 205.5 0.75 0 0 1
149 205.5 0.75 0 0 1
153 199.5 0.75 0 0 1
154 199.5 0.75 0 0 1
155 199.5 0.75 0 0 1
156 199.5 0.75 0 0 1
157 199.5 0.75 0 0 1
153 201 0.75 0 0 1
154 201 0.75 0 0 1
155 201 0.75 0 0 1
156 201 0.75 0 0 1
157 201 0.75 0 0 1
153 202.5 0.75 0 0 1
154 202.5 0.75 0 0 1
155 202.5 0.75 0 0 1
156 202.5 0.75 0 0 1
157 202.5 0.75 0 0 1
153 204 0.75 0 0 1
154 204 0.75 0 0 1
155 204 0.75 0 0 1
156 204 0.75 0 0 1
157 204 0.75 0 0 1
153 205.5 0.75 0 0 1
154 205.5 0.75 0 0 1
155 205.5 0.75 0 0 1
156 205.5 0.75 0 0 1
157 205.5 0.75 0 0 1
161 199.5 0.75 0 0 1
162 199.5 0.75 0 0 1
163 199.5 0.75 0 0 1
164 199.5 0.75 0 0 1
165 199.5 0.75 0 0 1
161 201 0.75 0 0 1
162 201 0.75 0 0 1
163 201 0.75 0 0 1
164 201 0.75 0 0 1
165 201 0.75 0 0 1
161 202.5 0.75 0 0 1
162 202.5 0.75 0 0 1
163 202.5 0.75 0 0 1
164 202.5 0.75 0 0 1
165 202.5 0.75 0 0 1
161 204 0.75 0 0 1
162 204 0.75 0 0 1
163 204 0.75 0 0 1
164 204 0.75 0 0 1
165 204 0.75 0 0 1
161 205.5 0.75 0 0 1
162 205.5 0.75 0 0 1
163 205.5 0.75 0 0 1
164 205.5 0.75 0 0 1
165 205.5 0.75 0 0 1
169 199.5 0.75 0 0 1
170 199.5 0.75 0 0 1
171 199.5 0.75 0 0 1
172 199.5 0.75 0 0 1
173 199.5 0.75 0 0 1
169 201 0.75 0 0 1
170 201 0.75 0 0 1
171 201 0.75 0 0 1
172 201 0.75 0 0 1
173 201 0.75 0 0 1
169 202.5 0.75 0 0 1
170 202.5 0.75 0 0 1
171 202.5 0.75 0 0 1
172 202.5 0.75 0 0 1
173 202.5 0.75 0 0 1
169 204 0.75 0 0 1
170 204 0.75 0 0 1
171 204 0.75 0 0 1
172 204 0.75 0 0 1
173 204 0.75 0 0 1
169 205.5 0.75 0 0 1
170 205.5 0.75 0 0 1
171 205.5 0.75 0 0 1
172 205.5 0.75 0 0 1
173 205.5 0.75 0 0 1
177 199.5 0.75 0 0 1
178 199.5 0.75 0 0 1
179 199.5 0.75 0 0 1
180 199.5 0.75 0 0 1
181 199.5 0.75 0 0 1
177 201 0.75 0 0 1
178 201 0.75 0 0 1
179 201 0.75 0 0 1
180 201 0.75 0 0 1
181 201 0.75 0 0 1
177 202.5 0.75 0 0 1
178 202.5 0.75 0 0 1
179 202.5 0.75 0 0 1
180 202.5 0.75 0 0 1
181 202.5 0.75 0 0 1
177 204 0.75 0 0 1
178 204 0.75 0 0 1
179 204 0.75 0 0 1
180 204 0.75 0 0 1
181 204 0.75 0 0 1
177 205.5 0.75 0 0 1
178 205.5 0.75 0 0 1
179 205.5 0.75 0 0 1
180 205.5 0.75 0 0 1
181 205.5 0.75 0 0 1
185 199.5 0.75 0 0 1
186 199.5 0.75 0 0 1
187 199.5 0.75 0 0 1
188 199.5 0.75 0 0 1
189 199.5 0.75 0 0 1
185 201 0.75 0 0 1
186 201 0.75 0 0 1
187 201 0.75 0 0 1
188 201 0.75 0 0 1
189 201 0.75 0 0 1
185 202.5 0.75 0 0 1
186 202.5 0.75 0 0 1
187 202.5 0.75 0 0 1
188 202.5 0.75 0 0 1
189 202.5 0.75 0 0 1
185 204 0.75 0 0 1
186 204 0.75 0 0 1
187 204 0.75 0 0 1
188 204 0.75 0 0 1
189 204 0.75 0 0 1
185 205.5 0.75 0 0 1
186 205.5 0.75 0 0 1
187 205.5 0.75 0 0 1
188 205.5 0.75 0 0 1
189 205.5 0.75 0 0 1
193 199.5 0.75 0 0 1
194 199.5 0.75 0 0 1
195 199.5 0.75 0 0 1
196 199.5 0.75 0 0 1
197 199.5 0.75 0 0 1
193 201 0.75 0 0 1
194 201 0.75 0 0 1
195 201 0.75 0 0 1
196 201 0.75 0 0 1
197 201 0.75 0 0 1
193 202.5 0.75 0 0 1
194 202.5 0.75 0 0 1
195 202.5 0.75 0 0 1
196 202.5 0.75 0 0 1
197 202.5 0.75 0 0 1
193 204 0.75 0 0 1
194 204 0.75 0 0 1
195 204 0.75 0 0 1
196 204 0.75 0 0 1
197 204 0.75 0 0 1
193 205.5 0.75 0 0 1
194 205.5 0.75 0 0 1
195 205.5 0.75 0 0 1
196 205.5 0.75 0 0 1
197 205.5 0.75 0 0 1
201 199.5 0.75 0 0 1
202 199.5 0.75 0 0 1
203 199.5 0.75 0 0 1
204 199.5 0.75 0 0 1
205 199.5 0.75 0 0 1
201 201 0.75 0 0 1
202 201 0.75 0 0 1
203 201 0.75 0 0 1
204 201 0.75 0 0 1
205 201 0.75 0 0 1
201 202.5 0.75 0 0 1
202 202.5 0.75 0 0 1
203 202.5 0.75 0 0 1
204 202.5 0.75 0 0 1
205 202.5 0.75 0 0 1
201 204 0.75 0 0 1
202 204 0.75 0 0 1
203 204 0.75 0 0 1
204 204 0.75 0 0 1
205 204 0.75 0 0 1
201 205.5 0.75 0 0 1
202 205.5 0.75 0 0 1
203 205.5 0.75 0 0 1
204 205.5 0.75 0 0 1
205 205.5 0.75 0 0 1
209 199.5 0.75 0 0 1
210 199.5 0.75 0 0 1
211 199.5 0.75 0 0 1
212 199.5 0.75 0 0 1
213 199.5 0.75 0 0 1
209 201 0.75 0 0 1
210 201 0.75 0 0 1
211 201 0.75 0 0 1
212 201 0.75 0 0 1
213 201 0.75 0 0 1
209 202.5 0.75 0 0 1
210 202.5 0.75 0 0 1
211 202.5 0.75 0 0 1
212 202.5 0.75 0 0 1
213 202.5 0.75 0 0 1
209 204 0.75 0 0 1
210 204 0.75 0 0 1
211 204 0.75 0 0 1
212 204 0.75 0 0 1
213 204 0.75 0 0 1
209 205.5 0.75 0 0 1
210 205.5 0.75 0 0 1
211 205.5 0.75 0 0 1
212 205.5 0.75 0 0 1
213 205.5 0.75 0 0 1
217 199.5 0.75 0 0 1
218 199.5 0.75 0 0 1
219 199.5 0.75 0 0 1
220 199.5 0.75 0 0 1
221 199.5 0.75 0 0 1
217 201 0.75 0 0 1
218 201 0.75 0 0 1
219 201 0.75 0 0 1
220 201 0.75 0 0 1
221 201 0.75 0 0 1
217 202.5 0.75 0 0 1
218 202.5 0.75 0 0 1
219 202.5 0.75 0 0 1
220 202.5 0.75 0 0 1
221 202.5 0.75 0 0 1
217 204 0.75 0 0 1
218 204 0.75 0 0 1
219 204 0.75 0 0 1
220 204 0.75 0 0 1
221 204 0.75 0 0 1
217 205.5 0.75 0 0 1
218 205.5 0.75 0 0 1
219 205.5 0.75 0 0 1
220 205.5 0.75 0 0 1
221 205.5 0.75 0 0 1
225 199.5 0.75 0 0 1
226 199.5 0.75 0 0 1
227 199.5 0.75 0 0 1
228 199.5 0.75 0 0 1
229 199.5 0.75 0 0 1
225 201 0.75 0 0 1
226 201 0.75 0 0 1
227 201 0.75 0 0 1
228 201 0.75 0 0 1
229 201 0.75 0 0 1
225 202.5 0.75 0 0 1
226 202.5 0.75 0 0 1
227 202.5 0.75 0 0 1
228 202.5 0.75 0 0 1
229 202.5 0.75 0 0 1
225 204 0.75 0 0 1
226 204 0.75 0 0 1
227 204 0.75 0 0 1
228 204 0.75 0 0 1
229 204 0.75 0 0 1
225 205.5 0.75 0 0 1
226 205.5 0.75 0 0 1
227 205.5 0.75 0 0 1
228 205.5 0.75 0 0 1
229 205.5 0.75 0 0 1
233 199.5 0.75 0 0 1
234 199.5 0.75 0 0 1
235 199.5 0.75 0 0 1
236 199.5 0.75 0 0 1
237 199.5 0.75 0 0 1
233 201 0.75 0 0 1
234 201 0.75 0 0 1
235 201 0.75 0 0 1
236 201 0.75 0 0 1
237 201 0.75 0 0 1
233 202.5 0.75 0 0 1
234 202.5 0.75 0 0 1
235 202.5 0.75 0 0 1
236 202.5 0.75 0 0 1
237 202.5 0.75 0 0 1
233 204 0.75 0 0 1
234 204 0.75 0 0 1
235 204 0.75 0 0 1
236 204 0.75 0 0 1
237 204 0.75 0 0 1
233 205.5 0.75 0 0 1
234 205.5 0.75 0 0 1
235 205.5 0.75 0 0 1
236 205.5 0.75 0 0 1
237 205.5 0.75 0 0 1
241 199.5 0.75 0 0 1
242 199.5 0.75 0 0 1
243 199.5 0.75 0 0 1
244 199.5 0.75 0 0 1
245 199.5 0.75 0 0 1
241 201 0.75 0 0 1
242 201 0.75 0 0 1
243 201 0.75 0 0 1
244 201 0.75 0 0 1
245 201 0.75 0 0 1
241 202.5 0.75 0 0 1
242 202.5 0.75 0 0 1
243 202.5 0.75 0 0 1
244 202.5 0.75 0 0 1
245 202.5 0.75 0 0 1
241 204 0.75 0 0 1
242 204 0.75 0 0 1
243 204 0.75 0 0 1
244 204 0.75 0 0 1
245 204 0.75 0 0 1
241 205.5 0.75 0 0 1
242 205.5 0.75 0 0 1
243 205.5 0.75 0 0 1
244 205.5 0.75 0 0 1
245 205.5 0.75 0 0 1
249 199.5 0.75 0 0 1
250 199.5 0.75 0 0 1
251 199.5 0.75 0 0 1
252 199.5 0.75 0 0 1
253 199.5 0.75 0 0 1
249 201 0.75 0 0 1
250 201 0.75 0 0 1
251 201 0.75 0 0 1
252 201 0.75 0 0 1
253 201 0.75 0 0 1
249 202.5 0.75 0 0 1
250 202.5 0.75 0 0 1
251 202.5 0.75 0 0 1
252 202.5 0.75 0 0 1
253 202.5 0.75 0 0 1
249 204 0.75 0 0 1
250 204 0.75 0 0 1
251 204 0.75 0 0 1
252 204 0.75 0 0 1
253 204 0.75 0 0 1
249 205.5 0.75 0 0 1
250 205.5 0.75 0 0 1
251 205.5 0.75 0 0 1
252 205.5 0.75 0 0 1
253 205.5 0.75 0 0 1
1 210.5 0.75 0 0 1
2 210.5 0.75 0 0 1
3 210.5 0.75 0 0 1
4 210.5 0.75 0 0 1
5 210.5 0.75 0 0 1
1 212 0.75 0 0 1
2 212 0.75 0 0 1
3 212 0.75 0 0 1
4 212 0.75 0 0 1
5 212 0.75 0 0 1
1 213.5 0.75 0 0 1
2 213.5 0.75 0 0 1
3 213.5 0.75 0 0 1
4 213.5 0.75 0 0 1
5 213.5 0.75 0 0 1
1 215 0.75 0 0 1
2 215 0.75 0 0 1
3 215 0.75 0 0 1
4 215 0.75 0 0 1
5 215 0.75 0 0 1
1 216.5 0.75 0 0 1
2 216.5 0.75 0 0 1
3 216.5 0.75 0 0 1
4 216.5 0.75 0 0 1
5 216.5 0.75 0 0 1
9 210.5 0.75 0 0 1
10 210.5 0.75 0 0 1
11 210.5 0.75 0 0 1
12 210.5 0.75 0 0 1
13 210.5 0.75 0 0 1
9 212 0.75 0 0 1
10 212 0.75 0 0 1
11 212 0.75 0 0 1
12 212 0.75 0 0 1
13 212 0.75 0 0 1
9 213.5 0.75 0 0 1
10 213.5 0.75 0 0 1
11 213.5 0.75 0 0 1
12 213.5 0.75 0 0 1
13 213.5 0.75 0 0 1
9 215 0.75 0 0 1
10 215 0.75 0 0 1
11 215 0.75 0 0 1
12 215 0.75 0 0 1
13 215 0.75 0 0 1
9 216.5 0.75 0 0 1
10 216.5 0.75 0 0 1
11 216.5 0.75 0 0 1
12 216.5 0.75 0 0 1
13 216.5 0.75 0 0 1
17 210.5 0.75 0 0 1
18 210.5 0.75 0 0 1
19 210.5 0.75 0 0 1
20 210.5 0.75 0 0 1
21 210.5 0.75 0 0 1
17 212 0.75 0 0 1
18 212 0.75 0 0 1
19 212 0.75 0 0 1
20 212 0.75 0 0 1
21 212 0.75 0 0 1
17 213.5 0.75 0 0 1
18 213.5 0.75 0 0 1
19 213.5 0.75 0 0 1
20 213.5 0.75 0 0 1
21 213.5 0.75 0 0 1
17 215 0.75 0 0 1
18 215 0.75 0 0 1
19 215 0.75 0 0 1
20 215 0.75 0 0 1
21 215 0.75 0 0 1
17 216.5 0.75 0 0 1
18 216.5 0.75 0 0 1
19 216.5 0.75 0 0 1
20 216.5 0.75 0 0 1
21 216.5 0.75 0 0 1
25 210.5 0.75 0 0 1
26 210.5 0.75 0 0 1
27 210.5 0.75 0 0 1
28 210.5 0.75 0 0 1
29 210.5 0.75 0 0 1
25 212 0.75 0 0 1
26 212 0.75 0 0 1
27 212 0.75 0 0 1
28 212 0.75 0 0 1
29 212 0.75 0 0 1
25 213.5 0.75 0 0 1
26 213.5 0.75 0 0 1
27 213.5 0.75 0 0 1
28 213.5 0.75 0 0 1
29 213.5 0.75 0 0 1
25 215 0.75 0 0 1
26 215 0.75 0 0 1
27 215 0.75 0 0 1
28 215 0.75 0 0 1
29 215 0.75 0 0 1
25 216.5 0.75 0 0 1
26 216.5 0.75 0 0 1
27 216.5 0.75 0 0 1
28 216.5 0.75 0 0 1
29 216.5 0.75 0 0 1
33 210.5 0.75 0 0 1
34 210.5 0.75 0 0 1
35 210.5 0.75 0 0 1
36 210.5 0.75 0 0 1
37 210.5 0.75 0 0 1
33 212 0.75 0 0 1
34 212 0.75 0 0 1
35 212 0.75 0 0 1
36 212 0.75 0 0 1
37 212 0.75 0 0 1
33 213.5 0.75 0 0 1
34 213.5 0.75 0 0 1
35 213.5 0.75 0 0 1
36 213.5 0.75 0 0 1
37 213.5 0.75 0 0 1
33 215 0.75 0 0 1
34 215 0.75 0 0 1
35 215 0.75 0 0 1
36 215 0.75 0 0 1
37 215 0.75 0 0 1
33 216.5 0.75 0 0 1
34 216.5 0.75 0 0 1
35 216.5 0.75 0 0 1
36 216.5 0.75 0 0 1
37 216.5 0.75 0 0 1
41 210.5 0.75 0 0 1
42 210.5 0.75 0 0 1
43 210.5 0.75 0 0 1
44 210.5 0.75 0 0 1
45 210.5 0.75 0 0 1
41 212 0.75 0 0 1
42 212 0.75 0 0 1
43 212 0.75 0 0 1
44 212 0.75 0 0 1
45 212 0.75 0 0 1
41 213.5 0.75 0 0 1
42 213.5 0.75 0 0 1
43 213.5 0.75 0 0 1
44 213.5 0.75 0 0 1
45 213.5 0.75 0 0 1
41 215 0.75 0 0 1
42 215 0.75 0 0 1
43 215 0.75 0 0 1
44 215 0.75 0 0 1
45 215 0.75 0 0 1
41 216.5 0.75 0 0 1
42 216.5 0.75 0 0 1
43 216.5 0.75 0 0 1
44 216.5 0.75 0 0 1
45 216.5 0.75 0 0 1
49 210.5 0.75 0 0 1
50 210.5 0.75 0 0 1
51 210.5 0.75 0 0 1
52 210.5 0.75 0 0 1
53 210.5 0.75 0 0 1
49 212 0.75 0 0 1
50 212 0.75 0 0 1
51 212 0.75 0 0 1
52 212 0.75 0 0 1
53 212 0.75 0 0 1
49 213.5 0.75 0 0 1
50 213.5 0.75 0 0 1
51 213.5 0.75 0 0 1
52 213.5 0.75 0 0 1
53 213.5 0.75 0 0 1
49 215 0.75 0 0 1
50 215 0.75 0 0 1
51 215 0.75 0 0 1
52 215 0.75 0 0 1
53 215 0.75 0 0 1
49 216.5 0.75 0 0 1
50 216.5 0.75 0 0 1
51 216.5 0.75 0 0 1
52 216.5 0.75 0 0 1
53 216.5 0.75 0 0 1
57 210.5 0.75 0 0 1
58 210.5 0.75 0 0 1
59 210.5 0.75 0 0 1
60 210.5 0.75 0 0 1
61 210.5 0.75 0 0 1
57 212 0.75 0 0 1
58 212 0.75 0 0 1
59 212 0.75 0 0 1
60 212 0.75 0 0 1
61 212 0.75 0 0 1
57 213.5 0.75 0 0 1
58 213.5 0.75 0 0 1
59 213.5 0.75 0 0 1
60 213.5 0.75 0 0 1
61 213.5 0.75 0 0 1
57 215 0.75 0 0 1
58 215 0.75 0 0 1
59 215 0.75 0 0 1
60 215 0.75 0 0 1
61 215 0.75 0 0 1
57 216.5 0.75 0 0 1
58 216.5 0.75 0 0 1
59 216.5 0.75 0 0 1
60 216.5 0.75 0 0 1
61 216.5 0.75 0 0 1
65 210.5 0.75 0 0 1
66 210.5 0.75 0 0 1
67 210.5 0.75 0 0 1
68 210.5 0.75 0 0 1
69 210.5 0.75 0 0 1
65 212 0.75 0 0 1
66 212 0.75 0 0 1
67 212 0.75 0 0 1
68 212 0.75 0 0 1
69 212 0.75 0 0 1
65 213.5 0.75 0 0 1
66 213.5 0.75 0 0 1
67 213.5 0.75 0 0 1
68 213.5 0.75 0 0 1
69 213.5 0.75 0 0 1
65 215 0.75 0 0 1
66 215 0.75 0 0 1
67 215 0.75 0 0 1
68 215 0.75 0 0 1
69 215 0.75 0 0 1
65 216.5 0.75 0 0 1
66 216.5 0.75 0 0 1
67 216.5 0.75 0 0 1
68 216.5 0.75 0 0 1
69 216.5 0.75 0 0 1
73 210.5 0.75 0 0 1
74 210.5 0.75 0 0 1
75 210.5 0.75 0 0 1
76 210.5 0.75 0 0 1
77 210.5 0.75 0 0 1
73 212 0.75 0 0 1
74 212 0.75 0 0 1
75 212 0.75 0 0 1
76 212 0.75 0 0 1
77 212 0.75 0 0 1
73 213.5 0.75 0 0 1
74 213.5 0.75 0 0 1
75 213.5 0.75 0 0 1
76 213.5 0.75 0 0 1
77 213.5 0.75 0 0 1
73 215 0.75 0 0 1
74 215 0.75 0 0 1
75 215 0.75 0 0 1
76 215 0.75 0 0 1
77 215 0.75 0 0 1
73 216.5 0.75 0 0 1
74 216.5 0.75 0 0 1
75 216.5 0.75 0 0 1
76 216.5 0.75 0 0 1
77 216.5 0.75 0 0 1
81 210.5 0.75 0 0 1
82 210.5 0.75 0 0 1
83 210.5 0.75 0 0 1
84 210.5 0.75 0 0 1
85 210.5 0.75 0 0 1
81 212 0.75 0 0 1
82 212 0.75 0 0 1
83 212 0.75 0 0 1
84 212 0.75 0 0 1
85 212 0.75 0 0 1
81 213.5 0.75 0 0 1
82 213.5 0.75 0 0 1
83 213.5 0.75 0 0 1
84 213.5 0.75 0 0 1
85 213.5 0.75 0 0 1
81 215 0.75 0 0 1
82 215 0.75 0 0 1
83 215 0.75 0 0 1
84 215 0.75 0 0 1
85 215 0.75 0 0 1
81 216.5 0.75 0 0 1
82 216.5 0.75 0 0 1
83 216.5 0.75 0 0 1
84 216.5 0.75 0 0 1
85 216.5 0.75 0 0 1
89 210.5 0.75 0 0 1
90 210.5 0.75 0 0 1
91 210.5 0.75 0 0 1
92 210.5 0.75 0 0 1
93 210.5 0.75 0 0 1
89 212 0.75 0 0 1
90 212 0.75 0 0 1
91 212 0.75 0 0 1
92 212 0.75 0 0 1
93 212 0.75 0 0 1
89 213.5 0.75 0 0 1
90 213.5 0.75 0 0 1
91 213.5 0.75 0 0 1
92 213.5 0.75 0 0 1
93 213.5 0.75 0 0 1
89 215 0.75 0 0 1
90 215 0.75 0 0 1
91 215 0.75 0 0 1
92 215 0.75 0 0 1
93 215 0.75 0 0 1
89 216.5 0.75 0 0 1
90 216.5 0.75 0 0 1
91 216.5 0.75 0 0 1
92 216.5 0.75 0 0 1
93 216.5 0.75 0 0 1
97 210.5 0.75 0 0 1
98 210.5 0.75 0 0 1
99 210.5 0.75 0 0 1
100 210.5 0.75 0 0 1
101 210.5 0.75 0 0 1
97 212 0.75 0 0 1
98 212 0.75 0 0 1
99 212 0.75 0 0 1
100 212 0.75 0 0 1
101 212 0.75 0 0 1
97 213.5 0.75 0 0 1
98 213.5 0.75 0 0 1
99 213.5 0.75 0 0 1
100 213.5 0.75 0 0 1
101 213.5 0.75 0 0 1
97 215 0.75 0 0 1
98 215 0.75 0 0 1
99 215 0.75 0 0 1
100 215 0.75 0 0 1
101 215 0.75 0 0 1
97 216.5 0.75 0 0 1
98 216.5 0.75 0 0 1
99 216.5 0.75 0 0 1
100 216.5 0.75 0 0 1
101 216.5 0.75 0 0 1
105 210.5 0.75 0 0 1
106 210.5 0.75 0 0 1
107 210.5 0.75 0 0 1
108 210.5 0.75 0 0 1
109 210.5 0.75 0 0 1
105 212 0.75 0 0 1
106 212 0.75 0 0 1
107 212 0.75 0 0 1
108 212 0.75 0 0 1
109 212 0.75 0 0 1
105 213.5 0.75 0 0 1
106 213.5 0.75 0 0 1
107 213.5 0.75 0 0 1
108 213.5 0.75 0 0 1
109 213.5 0.75 0 0 1
105 215 0.75 0 0 1
106 215 0.75 0 0 1
107 215 0.75 0 0 1
108 215 0.75 0 0 1
109 215 0.75 0 0 1
105 216.5 0.75 0 0 1
106 216.5 0.75 0 0 1
107 216.5 0.75 0 0 1
108 216.5 0.75 0 0 1
109 216.5 0.75 0 0 1
113 210.5 0.75 0 0 1
114 210.5 0.75 0 0 1
115 210.5 0.75 0 0 1
116 210.5 0.75 0 0 1
117 210.5 0.75 0 0 1
113 212 0.75 0 0 1
114 212 0.75 0 0 1
115 212 0.75 0 0 1
116 212 0.75 0 0 1
117 212 0.75 0 0 1
113 213.5 0.75 0 0 1
114 213.5 0.75 0 0 1
115 213.5 0.75 0 0 1
116 213.5 0.75 0 0 1
117 213.5 0.75 0 0 1
113 215 0.75 0 0 1
114 215 0.75 0 0 1
115 215 0.75 0 0 1
116 215 0.75 0 0 1
117 215 0.75 0 0 1
113 216.5 0.75 0 0 1
114 216.5 0.75 0 0 1
115 216.5 0.75 0 0 1
116 216.5 0.75 0 0 1
117 216.5 0.75 0 0 1
121 210.5 0.75 0 0 1
122 210.5 0.75 0 0 1
123 210.5 0.75 0 0 1
124 210.5 0.75 0 0 1
125 210.5 0.75 0 0 1
121 212 0.75 0 0 1
122 212 0.75 0 0 1
123 212 0.75 0 0 1
124 212 0.75 0 0 1
125 212 0.75 0 0 1
121 213.5 0.75 0 0 1
122 213.5 0.75 0 0 1
123 213.5 0.75 0 0 1
124 213.5 0.75 0 0 1
125 213.5 0.75 0 0 1
121 215 0.75 0 0 1
122 215 0.75 0 0 1
123 215 0.75 0 0 1
124 215 0.75 0 0 1
125 215 0.75 0 0 1
121 216.5 0.75 0 0 1
122 216.5 0.75 0 0 1
123 216.5 0.75 0 0 1
124 216.5 0.75 0 0 1
125 216.5 0.75 0 0 1
129 210.5 0.75 0 0 1
130 210.5 0.75 0 0 1
131 210.5 0.75 0 0 1
132 210.5 0.75 0 0 1
133 210.5 0.75 0 0 1
129 212 0.75 0 0 1
130 212 0.75 0 0 1
131 212 0.75 0 0 1
132 212 0.75 0 0 1
133 212 0.75 0 0 1
129 213.5 0.75 0 0 1
130 213.5 0.75 0 0 1
131 213.5 0.75 0 0 1
132 213.5 0.75 0 0 1
133 213.5 0.75 0 0 1
129 215 0.75 0 0 1
130 215 0.75 0 0 1
131 215 0.75 0 0 1
132 215 0.75 0 0 1
133 215 0.75 0 0 1
129 216.5 0.75 0 0 1
130 216.5 0.75 0 0 1
131 216.5 0.75 0 0 1
132 216.5 0.75 0 0 1
133 216.5 0.75 0 0 1
137 210.5 0.75 0 0 1
138 210.5 0.75 0 0 1
139 210.5 0.75 0 0 1
140 210.5 0.75 0 0 1
141 210.5 0.75 0 0 1
137 212 0.75 0 0 1
138 212 0.75 0 0 1
139 212 0.75 0 0 1
140 212 0.75 0 0 1
141 212 0.75 0 0 1
137 213.5 0.75 0 0 1
138 213.5 0.75 0 0 1
139 213.5 0.75 0 0 1
140 213.5 0.75 0 0 1
141 213.5 0.75 0 0 1
137 215 0.75 0 0 1
138 215 0.75 0 0 1
139 215 0.75 0 0 1
140 215 0.75 0 0 1
141 215 0.75 0 0 1
137 216.5 0.75 0 0 1
138 216.5 0.75 0 0 1
139 216.5 0.75 0 0 1
140 216.5 0.75 0 0 1
141 216.5 0.75 0 0 1
145 210.5 0.75 0 0 1
146 210.5 0.75 0 0 1
147 210.5 0.75 0 0 1
148 210.5 0.75 0 0 1
149 210.5 0.75 0 0 1
145 212 0.75 0 0 1
146 212 0.75 0 0 1
147 212 0.75 0 0 1
148 212 0.75 0 0 1
149 212 0.75 0 0 1
145 213.5 0.75 0 0 1
146 213.5 0.75 0 0 1
147 213.5 0.75 0 0 1
148 213.5 0.75 0 0 1
149 213.5 0.75 0 0 1
145 215 0.75 0 0 1
146 215 0.75 0 0 1
147 215 0.75 0 0 1
148 215 0.75 0 0 1
149 215 0.75 0 0 1
145 216.5 0.75 0 0 1
146 216.5 0.75 0 0 1
147 216.5 0.75 0 0 1
148 216.5 0.75 0 0 1
149 216.5 0.75 0 0 1
153 210.5 0.75 0 0 1
154 210.5 0.75 0 0 1
155 210.5 0.75 0 0 1
156 210.5 0.75 0 0 1
157 210.5 0.75 0 0 1
153 212 0.75 0 0 1
154 212 0.75 0 0 1
155 212 0.75 0 0 1
156 212 0.75 0 0 1
157 212 0.75 0 0 1
153 213.5 0.75 0 0 1
154 213.5 0.75 0 0 1
155 213.5 0.75 0 0 1
156 213.5 0.75 0 0 1
157 213.5 0.75 0 0 1
153 215 0.75 0 0 1
154 215 0.75 0 0 1
155 215 0.75 0 0 1
156 215 0.75 0 0 1
157 215 0.75 0 0 1
153 216.5 0.75 0 0 1
154 216.5 0.75 0 0 1
155 216.5 0.75 0 0 1
156 216.5 0.75 0 0 1
157 216.5 0.75 0 0 1
161 210.5 0.75 0 0 1
162 210.5 0.75 0 0 1
163 210.5 0.75 0 0 1
164 210.5 0.75 0 0 1
165 210.5 0.75 0 0 1
161 212 0.75 0 0 1
162 212 0.75 0 0 1
163 212 0.75 0 0 1
164 212 0.75 0 0 1
165 212 0.75 0 0 1
161 213.5 0.75 0 0 1
162 213.5 0.75 0 0 1
163 213.5 0.75 0 0 1
164 213.5 0.75 0 0 1
165 213.5 0.75 0 0 1
161 215 0.75 0 0 1
162 215 0.75 0 0 1
163 215 0.75 0 0 1
164 215 0.75 0 0 1
165 215 0.75 0 0 1
161 216.5 0.75 0 0 1
162 216.5 0.75 0 0 1
163 216.5 0.75 0 0 1
164 216.5 0.75 0 0 1
165 216.5 0.75 0 0 1
169 210.5 0.75 0 0 1
170 210.5 0.75 0 0 1
171 210.5 0.75 0 0 1
172 210.5 0.75 0 0 1
173 210.5 0.75 0 0 1
169 212 0.75 0 0 1
170 212 0.75 0 0 1
171 212 0.75 0 0 1
172 212 0.75 0 0 1
173 212 0.75 0 0 1
169 213.5 0.75 0 0 1
170 213.5 0.75 0 0 1
171 213.5 0.75 0 0 1
172 213.5 0.75 0 0 1
173 213.5 0.75 0 0 1
169 215 0.75 0 0 1
170 215 0.75 0 0 1
171 215 0.75 0 0 1
172 215 0.75 0 0 1
173 215 0.75 0 0 1
169 216.5 0.75 0 0 1
170 216.5 0.75 0 0 1
171 216.5 0.75 0 0 1
172 216.5 0.75 0 0 1
173 216.5 0.75 0 0 1
177 210.5 0.75 0 0 1
178 210.5 0.75 0 0 1
179 210.5 0.75 0 0 1
180 210.5 0.75 0 0 1
181 210.5 0.75 0 0 1
177 212 0.75 0 0 1
178 212 0.75 0 0 1
179 212 0.75 0 0 1
180 212 0.75 0 0 1
181 212 0.75 0 0 1
177 213.5 0.75 0 0 1
178 213.5 0.75 0 0 1
179 213.5 0.75 0 0 1
180 213.5 0.75 0 0 1
181 213.5 0.75 0 0 1
177 215 0.75 0 0 1
178 215 0.75 0 0 1
179 215 0.75 0 0 1
180 215 0.75 0 0 1
181 215 0.75 0 0 1
177 216.5 0.75 0 0 1
178 216.5 0.75 0 0 1
179 216.5 0.75 0 0 1
180 216.5 0.75 0 0 1
181 216.5 0.75 0 0 1
185 210.5 0.75 0 0 1
186 210.5 0.75 0 0 1
187 210.5 0.75 0 0 1
188 210.5 0.75 0 0 1
189 210.5 0.75 0 0 1
185 212 0.75 0 0 1
186 212 0.75 0 0 1
187 212 0.75 0 0 1
188 212 0.75 0 0 1
189 212 0.75 0 0 1
185 213.5 0.75 0 0 1
186 213.5 0.75 0 0 1
187 213.5 0.75 0 0 1
188 213.5 0.75 0 0 1
189 213.5 0.75 0 0 1
185 215 0.75 0 0 1
186 215 0.75 0 0 1
187 215 0.75 0 0 1
188 215 0.75 0 0 1
189 215 0.75 0 0 1
185 216.5 0.75 0 0 1
186 216.5 0.75 0 0 1
187 216.5 0.75 0 0 1
188 216.5 0.75 0 0 1
189 216.5 0.75 0 0 1
193 210.5 0.75 0 0 1
194 210.5 0.75 0 0 1
195 210.5 0.75 0 0 1
196 210.5 0.75 0 0 1
197 210.5 0.75 0 0 1
193 212 0.75 0 0 1
194 212 0.75 0 0 1
195 212 0.75 0 0 1
196 212 0.75 0 0 1
197 212 0.75 0 0 1
193 213.5 0.75 0 0 1
194 213.5 0.75 0 0 1
195 213.5 0.75 0 0 1
196 213.5 0.75 0 0 1
197 213.5 0.75 0 0 1
193 215 0.75 0 0 1
194 215 0.75 0 0 1
195 215 0.75 0 0 1
196 215 0.75 0 0 1
197 215 0.75 0 0 1
193 216.5 0.75 0 0 1
194 216.5 0.75 0 0 1
195 216.5 0.75 0 0 1
196 216.5 0.75 0 0 1
197 216.5 0.75 0 0 1
201 210.5 0.75 0 0 1
202 210.5 0.75 0 0 1
203 210.5 0.75 0 0 1
204 210.5 0.75 0 0 1
205 210.5 0.75 0 0 1
201 212 0.75 0 0 1
202 212 0.75 0 0 1
203 212 0.75 0 0 1
204 212 0.75 0 0 1
205 212 0.75 0 0 1
201 213.5 0.75 0 0 1
202 213.5 0.75 0 0 1
203 213.5 0.75 0 0 1
204 213.5 0.75 0 0 1
205 213.5 0.75 0 0 1
201 215 0.75 0 0 1
202 215 0.75 0 0 1
203 215 0.75 0 0 1
204 215 0.75 0 0 1
205 215 0.75 0 0 1
201 216.5 0.75 0 0 1
202 216.5 0.75 0 0 1
203 216.5 0.75 0 0 1
204 216.5 0.75 0 0 1
205 216.5 0.75 0 0 1
209 210.5 0.75 0 0 1
210 210.5 0.75 0 0 1
211 210.5 0.75 0 0 1
212 210.5 0.75 0 0 1
213 210.5 0.75 0 0 1
209 212 0.75 0 0 1
210 212 0.75 0 0 1
211 212 0.75 0 0 1
212 212 0.75 0 0 1
213 212 0.75 0 0 1
209 213.5 0.75 0 0 1
210 213.5 0.75 0 0 1
211 213.5 0.75 0 0 1
212 213.5 0.75 0 0 1
213 213.5 0.75 0 0 1
209 215 0.75 0 0 1
210 215 0.75 0 0 1
211 215 0.75 0 0 1
212 215 0.75 0 0 1
213 215 0.75 0 0 1
209 216.5 0.75 0 0 1
210 216.5 0.75 0 0 1
211 216.5 0.75 0 0 1
212 216.5 0.75 0 0 1
213 216.5 0.75 0 0 1
217 210.5 0.75 0 0 1
218 210.5 0.75 0 0 1
219 210.5 0.75 0 0 1
220 210.5 0.75 0 0 1
221 210.5 0.75 0 0 1
217 212 0.75 0 0 1
218 212 0.75 0 0 1
219 212 0.75 0 0 1
220 212 0.75 0 0 1
221 212 0.75 0 0 1
217 213.5 0.75 0 0 1
218 213.5 0.75 0 0 1
219 213.5 0.75 0 0 1
220 213.5 0.75 0 0 1
221 213.5 0.75 0 0 1
217 215 0.75 0 0 1
218 215 0.75 0 0 1
219 215 0.75 0 0 1
220 215 0.75 0 0 1
221 215 0.75 0 0 1
217 216.5 0.75 0 0 1
218 216.5 0.75 0 0 1
219 216.5 0.75 0 0 1
220 216.5 0.75 0 0 1
221 216.5 0.75 0 0 1
225 210.5 0.75 0 0 1
226 210.5 0.75 0 0 1
227 210.5 0.75 0 0 1
228 210.5 0.75 0 0 1
229 210.5 0.75 0 0 1
225 212 0.75 0 0 1
226 212 0.75 0 0 1
227 212 0.75 0 0 1
228 212 0.75 0 0 1
229 212 0.75 0 0 1
225 213.5 0.75 0 0 1
226 213.5 0.75 0 0 1
227 213.5 0.75 0 0 1
228 213.5 0.75 0 0 1
229 213.5 0.75 0 0 1
225 215 0.75 0 0 1
226 215 0.75 0 0 1
227 215 0.75 0 0 1
228 215 0.75 0 0 1
229 215 0.75 0 0 1
225 216.5 0.75 0 0 1
226 216.5 0.75 0 0 1
227 216.5 0.75 0 0 1
228 216.5 0.75 0 0 1
229 216.5 0.75 0 0 1
233 210.5 0.75 0 0 1
234 210.5 0.75 0 0 1
235 210.5 0.75 0 0 1
236 210.5 0.75 0 0 1
237 210.5 0.75 0 0 1
233 212 0.75 0 0 1
234 212 0.75 0 0 1
235 212 0.75 0 0 1
236 212 0.75 0 0 1
237 212 0.75 0 0 1
233 213.5 0.75 0 0 1
234 213.5 0.75 0 0 1
235 213.5 0.75 0 0 1
236 213.5 0.75 0 0 1
237 213.5 0.75 0 0 1
233 215 0.75 0 0 1
234 215 0.75 0 0 1
235 215 0.75 0 0 1
236 215 0.75 0 0 1
237 215 0.75 0 0 1
233 216.5 0.75 0 0 1
234 216.5 0.75 0 0 1
235 216.5 0.75 0 0 1
236 216.5 0.75 0 0 1
237 216.5 0.75 0 0 1
241 210.5 0.75 0 0 1
242 210.5 0.75 0 0 1
243 210.5 0.75 0 0 1
244 210.5 0.75 0 0 1
245 210.5 0.75 0 0 1
241 212 0.75 0 0 1
242 212 0.75 0 0 1
243 212 0.75 0 0 1
244 212 0.75 0 0 1
245 212 0.75 0 0 1
241 213.5 0.75 0 0 1
242 213.5 0.75 0 0 1
243 213.5 0.75 0 0 1
244 213.5 0.75 0 0 1
245 213.5 0.75 0 0 1
241 215 0.75 0 0 1
242 215 0.75 0 0 1
243 215 0.75 0 0 1
244 215 0.75 0 0 1
245 215 0.75 0 0 1
241 216.5 0.75 0 0 1
242 216.5 0.75 0 0 1
243 216.5 0.75 0 0 1
244 216.5 0.75 0 0 1
245 216.5 0.75 0 0 1
249 210.5 0.75 0 0 1
250 210.5 0.75 0 0 1
251 210.5 0.75 0 0 1
252 210.5 0.75 0 0 1
253 210.5 0.75 0 0 1
249 212 0.75 0 0 1
250 212 0.75 0 0 1
251 212 0.75 0 0 1
252 212 0.75 0 0 1
253 212 0.75 0 0 1
249 213.5 0.75 0 0 1
250 213.5 0.75 0 0 1
251 213.5 0.75 0 0 1
252 213.5 0.75 0 0 1
253 213.5 0.75 0 0 1
249 215 0.75 0 0 1
250 215 0.75 0 0 1
251 215 0.75 0 0 1
252 215 0.75 0 0 1
253 215 0.75 0 0 1
249 216.5 0.75 0 0 1
250 216.5 0.75 0 0 1
251 216.5 0.75 0 0 1
252 216.5 0.75 0 0 1
253 216.5 0.75 0 0 1
1 221.5 0.75 0 0 1
2 221.5 0.75 0 0 1
3 221.5 0.75 0 0 1
4 221.5 0.75 0 0 1
5 221.5 0.75 0 0 1
1 223 0.75 0 0 1
2 223 0.75 0 0 1
3 223 0.75 0 0 1
4 223 0.75 0 0 1
5 223 0.75 0 0 1
1 224.5 0.75 0 0 1
2 224.5 0.75 0 0 1
3 224.5 0.75 0 0 1
4 224.5 0.75 0 0 1
5 224.5 0.75 0 0 1
1 226 0.75 0 0 1
2 226 0.75 0 0 1
3 226 0.75 0 0 1
4 226 0.75 0 0 1
5 226 0.75 0 0 1
1 227.5 0.75 0 0 1
2 227.5 0.75 0 0 1
3 227.5 0.75 0 0 1
4 227.5 0.75 0 0 1
5 227.5 0.75 0 0 1
9 221.5 0.75 0 0 1
10 221.5 0.75 0 0 1
11 221.5 0.75 0 0 1
12 221.5 0.75 0 0 1
13 221.5 0.75 0 0 1
9 223 0.75 0 0 1
10 223 0.75 0 0 1
11 223 0.75 0 0 1
12 223 0.75 0 0 1
13 223 0.75 0 0 1
9 224.5 0.75 0 0 1
10 224.5 0.75 0 0 1
11 224.5 0.75 0 0 1
12 224.5 0.75 0 0 1
13 224.5 0.75 0 0 1
9 226 0.75 0 0 1
10 226 0.75 0 0 1
11 226 0.75 0 0 1
12 226 0.75 0 0 1
13 226 0.75 0 0 1
9 227.5 0.75 0 0 1
10 227.5 0.75 0 0 1
11 227.5 0.75 0 0 1
12 227.5 0.75 0 0 1
13 227.5 0.75 0 0 1
17 221.5 0.75 0 0 1
18 221.5 0.75 0 0 1
19 221.5 0.75 0 0 1
20 221.5 0.75 0 0 1
21 221.5 0.75 0 0 1
17 223 0.75 0 0 1
18 223 0.75 0 0 1
19 223 0.75 0 0 1
20 223 0.75 0 0 1
21 223 0.75 0 0 1
17 224.5 0.75 0 0 1
18 224.5 0.75 0 0 1
19 224.5 0.75 0 0 1
20 224.5 0.75 0 0 1
21 224.5 0.75 0 0 1
17 226 0.75 0 0 1
18 226 0.75 0 0 1
19 226 0.75 0 0 1
20 226 0.75 0 0 1
21 226 0.75 0 0 1
17 227.5 0.75 0 0 1
18 227.5 0.75 0 0 1
19 227.5 0.75 0 0 1
20 227.5 0.75 0 0 1
21 227.5 0.75 0 0 1
25 221.5 0.75 0 0 1
26 221.5 0.75 0 0 1
27 221.5 0.75 0 0 1
28 221.5 0.75 0 0 1
29 221.5 0.75 0 0 1
25 223 0.75 0 0 1
26 223 0.75 0 0 1
27 223 0.75 0 0 1
28 223 0.75 0 0 1
29 223 0.75 0 0 1
25 224.5 0.75 0 0 1
26 224.5 0.75 0 0 1
27 224.5 0.75 0 0 1
28 224.5 0.75 0 0 1
29 224.5 0.75 0 0 1
25 226 0.75 0 0 1
26 226 0.75 0 0 1
27 226 0.75 0 0 1
28 226 0.75 0 0 1
29 226 0.75 0 0 1
25 227.5 0.75 0 0 1
26 227.5 0.75 0 0 1
27 227.5 0.75 0 0 1
28 227.5 0.75 0 0 1
29 227.5 0.75 0 0 1
33 221.5 0.75 0 0 1
34 221.5 0.75 0 0 1
35 221.5 0.75 0 0 1
36 221.5 0.75 0 0 1
37 221.5 0.75 0 0 1
33 223 0.75 0 0 1
34 223 0.75 0 0 1
35 223 0.75 0 0 1
36 223 0.75 0 0 1
37 223 0.75 0 0 1
33 224.5 0.75 0 0 1
34 224.5 0.75 0 0 1
35 224.5 0.75 0 0 1
36 224.5 0.75 0 0 1
37 224.5 0.75 0 0 1
33 226 0.75 0 0 1
34 226 0.75 0 0 1
35 226 0.75 0 0 1
36 226 0.75 0 0 1
37 226 0.75 0 0 1
33 227.5 0.75 0 0 1
34 227.5 0.75 0 0 1
35 227.5 0.75 0 0 1
36 227.5 0.75 0 0 1
37 227.5 0.75 0 0 1
41 221.5 0.75 0 0 1
42 221.5 0.75 0 0 1
43 221.5 0.75 0 0 1
44 221.5 0.75 0 0 1
45 221.5 0.75 0 0 1
41 223 0.75 0 0 1
42 223 0.75 0 0 1
43 223 0.75 0 0 1
44 223 0.75 0 0 1
45 223 0.75 0 0 1
41 224.5 0.75 0 0 1
42 224.5 0.75 0 0 1
43 224.5 0.75 0 0 1
44 224.5 0.75 0 0 1
45 224.5 0.75 0 0 1
41 226 0.75 0 0 1
42 226 0.75 0 0 1
43 226 0.75 0 0 1
44 226 0.75 0 0 1
45 226 0.75 0 0 1
41 227.5 0.75 0 0 1
42 227.5 0.75 0 0 1
43 227.5 0.75 0 0 1
44 227.5 0.75 0 0 1
45 227.5 0.75 0 0 1
49 221.5 0.75 0 0 1
50 221.5 0.75 0 0 1
51 221.5 0.75 0 0 1
52 221.5 0.75 0 0 1
53 221.5 0.75 0 0 1
49 223 0.75 0 0 1
50 223 0.75 0 0 1
51 223 0.75 0 0 1
52 223 0.75 0 0 1
53 223 0.75 0 0 1
49 224.5 0.75 0 0 1
50 224.5 0.75 0 0 1
51 224.5 0.75 0 0 1
52 224.5 0.75 0 0 1
53 224.5 0.75 0 0 1
49 226 0.75 0 0 1
50 226 0.75 0 0 1
51 226 0.75 0 0 1
52 226 0.75 0 0 1
53 226 0.75 0 0 1
49 227.5 0.75 0 0 1
50 227.5 0.75 0 0 1
51 227.5 0.75 0 0 1
52 227.5 0.75 0 0 1
53 227.5 0.75 0 0 1
57 221.5 0.75 0 0 1
58 221.5 0.75 0 0 1
59 221.5 0.75 0 0 1
60 221.5 0.75 0 0 1
61 221.5 0.75 0 0 1
57 223 0.75 0 0 1
58 223 0.75 0 0 1
59 223 0.75 0 0 1
60 223 0.75 0 0 1
61 223 0.75 0 0 1
57 224.5 0.75 0 0 1
58 224.5 0.75 0 0 1
59 224.5 0.75 0 0 1
60 224.5 0.75 0 0 1
61 224.5 0.75 0 0 1
57 226 0.75 0 0 1
58 226 0.75 0 0 1
59 226 0.75 0 0 1
60 226 0.75 0 0 1
61 226 0.75 0 0 1
57 227.5 0.75 0 0 1
58 227.5 0.75 0 0 1
59 227.5 0.75 0 0 1
60 227.5 0.75 0 0 1
61 227.5 0.75 0 0 1
65 221.5 0.75 0 0 1
66 221.5 0.75 0 0 1
67 221.5 0.75 0 0 1
68 221.5 0.75 0 0 1
69 221.5 0.75 0 0 1
65 223 0.75 0 0 1
66 223 0.75 0 0 1
67 223 0.75 0 0 1
68 223 0.75 0 0 1
69 223 0.75 0 0 1
65 224.5 0.75 0 0 1
66 224.5 0.75 0 0 1
67 224.5 0.75 0 0 1
68 224.5 0.75 0 0 1
69 224.5 0.75 0 0 1
65 226 0.75 0 0 1
66 226 0.75 0 0 1
67 226 0.75 0 0 1
68 226 0.75 0 0 1
69 226 0.75 0 0 1
65 227.5 0.75 0 0 1
66 227.5 0.75 0 0 1
67 227.5 0.75 0 0 1
68 227.5 0.75 0 0 1
69 227.5 0.75 0 0 1
73 221.5 0.75 0 0 1
74 221.5 0.75 0 0 1
75 221.5 0.75 0 0 1
76 221.5 0.75 0 0 1
77 221.5 0.75 0 0 1
73 223 0.75 0 0 1
74 223 0.75 0 0 1
75 223 0.75 0 0 1
76 223 0.75 0 0 1
77 223 0.75 0 0 1
73 224.5 0.75 0 0 1
74 224.5 0.75 0 0 1
75 224.5 0.75 0 0 1
76 224.5 0.75 0 0 1
77 224.5 0.75 0 0 1
73 226 0.75 0 0 1
74 226 0.75 0 0 1
75 226 0.75 0 0 1
76 226 0.75 0 0 1
77 226 0.75 0 0 1
73 227.5 0.75 0 0 1
74 227.5 0.75 0 0 1
75 227.5 0.75 0 0 1
76 227.5 0.75 0 0 1
77 227.5 0.75 0 0 1
81 221.5 0.75 0 0 1
82 221.5 0.75 0 0 1
83 221.5 0.75 0 0 1
84 221.5 0.75 0 0 1
85 221.5 0.75 0 0 1
81 223 0.75 0 0 1
82 223 0.75 0 0 1
83 223 0.75 0 0 1
84 223 0.75 0 0 1
85 223 0.75 0 0 1
81 224.5 0.75 0 0 1
82 224.5 0.75 0 0 1
83 224.5 0.75 0 0 1
84 224.5 0.75 0 0 1
85 224.5 0.75 0 0 1
81 226 0.75 0 0 1
82 226 0.75 0 0 1
83 226 0.75 0 0 1
84 226 0.75 0 0 1
85 226 0.75 0 0 1
81 227.5 0.75 0 0 1
82 227.5 0.75 0 0 1
83 227.5 0.75 0 0 1
84 227.5 0.75 0 0 1
85 227.5 0.75 0 0 1
89 221.5 0.75 0 0 1
90 221.5 0.75 0 0 1
91 221.5 0.75 0 0 1
92 221.5 0.75 0 0 1
93 221.5 0.75 0 0 1
89 223 0.75 0 0 1
90 223 0.75 0 0 1
91 223 0.75 0 0 1
92 223 0.75 0 0 1
93 223 0.75 0 0 1
89 224.5 0.75 0 0 1
90 224.5 0.75 0 0 1
91 224.5 0.75 0 0 1
92 224.5 0.75 0 0 1
93 224.5 0.75 0 0 1
89 226 0.75 0 0 1
90 226 0.75 0 0 1
91 226 0.75 0 0 1
92 226 0.75 0 0 1
93 226 0.75 0 0 1
89 227.5 0.75 0 0 1
90 227.5 0.75 0 0 1
91 227.5 0.75 0 0 1
92 227.5 0.75 0 0 1
93 227.5 0.75 0 0 1
97 221.5 0.75 0 0 1
98 221.5 0.75 0 0 1
99 221.5 0.75 0 0 1
100 221.5 0.75 0 0 1
101 221.5 0.75 0 0 1
97 223 0.75 0 0 1
98 223 0.75 0 0 1
99 223 0.75 0 0 1
100 223 0.75 0 0 1
101 223 0.75 0 0 1
97 224.5 0.75 0 0 1
98 224.5 0.75 0 0 1
99 224.5 0.75 0 0 1
100 224.5 0.75 0 0 1
101 224.5 0.75 0 0 1
97 226 0.75 0 0 1
98 226 0.75 0 0 1
99 226 0.75 0 0 1
100 226 0.75 0 0 1
101 226 0.75 0 0 1
97 227.5 0.75 0 0 1
98 227.5 0.75 0 0 1
99 227.5 0.75 0 0 1
100 227.5 0.75 0 0 1
101 227.5 0.75 0 0 1
105 221.5 0.75 0 0 1
106 221.5 0.75 0 0 1
107 221.5 0.75 0 0 1
108 221.5 0.75 0 0 1
109 221.5 0.75 0 0 1
105 223 0.75 0 0 1
106 223 0.75 0 0 1
107 223 0.75 0 0 1
108 223 0.75 0 0 1
109 223 0.75 0 0 1
105 224.5 0.75 0 0 1
106 224.5 0.75 0 0 1
107 224.5 0.75 0 0 1
108 224.5 0.75 0 0 1
109 224.5 0.75 0 0 1
105 226 0.75 0 0 1
106 226 0.75 0 0 1
107 226 0.75 0 0 1
108 226 0.75 0 0 1
109 226 0.75 0 0 1
105 227.5 0.75 0 0 1
106 227.5 0.75 0 0 1
107 227.5 0.75 0 0 1
108 227.5 0.75 0 0 1
109 227.5 0.75 0 0 1
113 221.5 0.75 0 0 1
114 221.5 0.75 0 0 1
115 221.5 0.75 0 0 1
116 221.5 0.75 0 0 1
117 221.5 0.75 0 0 1
113 223 0.75 0 0 1
114 223 0.75 0 0 1
115 223 0.75 0 0 1
116 223 0.75 0 0 1
117 223 0.75 0 0 1
113 224.5 0.75 0 0 1
114 224.5 0.75 0 0 1
115 224.5 0.75 0 0 1
116 224.5 0.75 0 0 1
117 224.5 0.75 0 0 1
113 226 0.75 0 0 1
114 226 0.75 0 0 1
115 226 0.75 0 0 1
116 226 0.75 0 0 1
117 226 0.75 0 0 1
113 227.5 0.75 0 0 1
114 227.5 0.75 0 0 1
115 227.5 0.75 0 0 1
116 227.5 0.75 0 0 1
117 227.5 0.75 0 0 1
121 221.5 0.75 0 0 1
122 221.5 0.75 0 0 1
123 221.5 0.75 0 0 1
124 221.5 0.75 0 0 1
125 221.5 0.75 0 0 1
121 223 0.75 0 0 1
122 223 0.75 0 0 1
123 223 0.75 0 0 1
124 223 0.75 0 0 1
125 223 0.75 0 0 1
121 224.5 0.75 0 0 1
122 224.5 0.75 0 0 1
123 224.5 0.75 0 0 1
124 224.5 0.75 0 0 1
125 224.5 0.75 0 0 1
121 226 0.75 0 0 1
122 226 0.75 0 0 1
123 226 0.75 0 0 1
124 226 0.75 0 0 1
125 226 0.75 0 0 1
121 227.5 0.75 0 0 1
122 227.5 0.75 0 0 1
123 227.5 0.75 0 0 1
124 227.5 0.75 0 0 1
125 227.5 0.75 0 0 1
129 221.5 0.75 0 0 1
130 221.5 0.75 0 0 1
131 221.5 0.75 0 0 1
132 221.5 0.75 0 0 1
133 221.5 0.75 0 0 1
129 223 0.75 0 0 1
130 223 0.75 0 0 1
131 223 0.75 0 0 1
132 223 0.75 0 0 1
133 223 0.75 0 0 1
129 224.5 0.75 0 0 1
130 224.5 0.75 0 0 1
131 224.5 0.75 0 0 1
132 224.5 0.75 0 0 1
133 224.5 0.75 0 0 1
129 226 0.75 0 0 1
130 226 0.75 0 0 1
131 226 0.75 0 0 1
132 226 0.75 0 0 1
133 226 0.75 0 0 1
129 227.5 0.75 0 0 1
130 227.5 0.75 0 0 1
131 227.5 0.75 0 0 1
132 227.5 0.75 0 0 1
133 227.5 0.75 0 0 1
137 221.5 0.75 0 0 1
138 221.5 0.75 0 0 1
139 221.5 0.75 0 0 1
140 221.5 0.75 0 0 1
141 221.5 0.75 0 0 1
137 223 0.75 0 0 1
138 223 0.75 0 0 1
139 223 0.75 0 0 1
140 223 0.75 0 0 1
141 223 0.75 0 0 1
137 224.5 0.75 0 0 1
138 224.5 0.75 0 0 1
139 224.5 0.75 0 0 1
140 224.5 0.75 0 0 1
141 224.5 0.75 0 0 1
137 226 0.75 0 0 1
138 226 0.75 0 0 1
139 226 0.75 0 0 1
140 226 0.75 0 0 1
141 226 0.75 0 0 1
137 227.5 0.75 0 0 1
138 227.5 0.75 0 0 1
139 227.5 0.75 0 0 1
140 227.5 0.75 0 0 1
141 227.5 0.75 0 0 1
145 221.5 0.75 0 0 1
146 221.5 0.75 0 0 1
147 221.5 0.75 0 0 1
148 221.5 0.75 0 0 1
149 221.5 0.75 0 0 1
145 223 0.75 0 0 1
146 223 0.75 0 0 1
147 223 0.75 0 0 1
148 223 0.75 0 0 1
149 223 0.75 0 0 1
145 224.5 0.75 0 0 1
146 224.5 0.75 0 0 1
147 224.5 0.75 0 0 1
148 224.5 0.75 0 0 1
149 224.5 0.75 0 0 1
145 226 0.75 0 0 1
146 226 0.75 0 0 1
147 226 0.75 0 0 1
148 226 0.75 0 0 1
149 226 0.75 0 0 1
145 227.5 0.75 0 0 1
146 227.5 0.75 0 0 1
147 227.5 0.75 0 0 1
148 227.5 0.75 0 0 1
149 227.5 0.75 0 0 1
153 221.5 0.75 0 0 1
154 221.5 0.75 0 0 1
155 221.5 0.75 0 0 1
156 221.5 0.75 0 0 1
157 221.5 0.75 0 0 1
153 223 0.75 0 0 1
154 223 0.75 0 0 1
155 223 0.75 0 0 1
156 223 0.75 0 0 1
157 223 0.75 0 0 1
153 224.5 0.75 0 0 1
154 224.5 0.75 0 0 1
155 224.5 0.75 0 0 1
156 224.5 0.75 0 0 1
157 224.5 0.75 0 0 1
153 226 0.75 0 0 1
154 226 0.75 0 0 1
155 226 0.75 0 0 1
156 226 0.75 0 0 1
157 226 0.75 0 0 1
153 227.5 0.75 0 0 1
154 227.5 0.75 0 0 1
155 227.5 0.75 0 0 1
156 227.5 0.75 0 0 1
157 227.5 0.75 0 0 1
161 221.5 0.75 0 0 1
162 221.5 0.75 0 0 1
163 221.5 0.75 0 0 1
164 221.5 0.75 0 0 1
165 221.5 0.75 0 0 1
161 223 0.75 0 0 1
162 223 0.75 0 0 1
163 223 0.75 0 0 1
164 223 0.75 0 0 1
165 223 0.75 0 0 1
161 224.5 0.75 0 0 1
162 224.5 0.75 0 0 1
163 224.5 0.75 0 0 1
164 224.5 0.75 0 0 1
165 224.5 0.75 0 0 1
161 226 0.75 0 0 1
162 226 0.75 0 0 1
163 226 0.75 0 0 1
164 226 0.75 0 0 1
165 226 0.75 0 0 1
161 227.5 0.75 0 0 1
162 227.5 0.75 0 0 1
163 227.5 0.75 0 0 1
164 227.5 0.75 0 0 1
165 227.5 0.75 0 0 1
169 221.5 0.75 0 0 1
170 221.5 0.75 0 0 1
171 221.5 0.75 0 0 1
172 221.5 0.75 0 0 1
173 221.5 0.75 0 0 1
169 223 0.75 0 0 1
170 223 0.75 0 0 1
171 223 0.75 0 0 1
172 223 0.75 0 0 1
173 223 0.75 0 0 1
169 224.5 0.75 0 0 1
170 224.5 0.75 0 0 1
171 224.5 0.75 0 0 1
172 224.5 0.75 0 0 1
173 224.5 0.75 0 0 1
169 226 0.75 0 0 1
170 226 0.75 0 0 1
171 226 0.75 0 0 1
172 226 0.75 0 0 1
173 226 0.75 0 0 1
169 227.5 0.75 0 0 1
170 227.5 0.75 0 0 1
171 227.5 0.75 0 0 1
172 227.5 0.75 0 0 1
173 227.5 0.75 0 0 1
177 221.5 0.75 0 0 1
178 221.5 0.75 0 0 1
179 221.5 0.75 0 0 1
180 221.5 0.75 0 0 1
181 221.5 0.75 0 0 1
177 223 0.75 0 0 1
178 223 0.75 0 0 1
179 223 0.75 0 0 1
180 223 0.75 0 0 1
181 223 0.75 0 0 1
177 224.5 0.75 0 0 1
178 224.5 0.75 0 0 1
179 224.5 0.75 0 0 1
180 224.5 0.75 0 0 1
181 224.5 0.75 0 0 1
177 226 0.75 0 0 1
178 226 0.75 0 0 1
179 226 0.75 0 0 1
180 226 0.75 0 0 1
181 226 0.75 0 0 1
177 227.5 0.75 0 0 1
178 227.5 0.75 0 0 1
179 227.5 0.75 0 0 1
180 227.5 0.75 0 0 1
181 227.5 0.75 0 0 1
185 221.5 0.75 0 0 1
186 221.5 0.75 0 0 1
187 221.5 0.75 0 0 1
188 221.5 0.75 0 0 1
189 221.5 0.75 0 0 1
185 223 0.75 0 0 1
186 223 0.75 0 0 1
187 223 0.75 0 0 1
188 223 0.75 0 0 1
189 223 0.75 0 0 1
185 224.5 0.75 0 0 1
186 224.5 0.75 0 0 1
187 224.5 0.75 0 0 1
188 224.5 0.75 0 0 1
189 224.5 0.75 0 0 1
185 226 0.75 0 0 1
186 226 0.75 0 0 1
187 226 0.75 0 0 1
188 226 0.75 0 0 1
189 226 0.75 0 0 1
185 227.5 0.75 0 0 1
186 227.5 0.75 0 0 1
187 227.5 0.75 0 0 1
188 227.5 0.75 0 0 1
189 227.5 0.75 0 0 1
193 221.5 0.75 0 0 1
194 221.5 0.75 0 0 1
195 221.5 0.75 0 0 1
196 221.5 0.75 0 0 1
197 221.5 0.75 0 0 1
193 223 0.75 0 0 1
194 223 0.75 0 0 1
195 223 0.75 0 0 1
196 223 0.75 0 0 1
197 223 0.75 0 0 1
193 224.5 0.75 0 0 1
194 224.5 0.75 0 0 1
195 224.5 0.75 0 0 1
196 224.5 0.75 0 0 1
197 224.5 0.75 0 0 1
193 226 0.75 0 0 1
194 226 0.75 0 0 1
195 226 0.75 0 0 1
196 226 0.75 0 0 1
197 226 0.75 0 0 1
193 227.5 0.75 0 0 1
194 227.5 0.75 0 0 1
195 227.5 0.75 0 0 1
196 227.5 0.75 0 0 1
197 227.5 0.75 0 0 1
201 221.5 0.75 0 0 1
202 221.5 0.75 0 0 1
203 221.5 0.75 0 0 1
204 221.5 0.75 0 0 1
205 221.5 0.75 0 0 1
201 223 0.75 0 0 1
202 223 0.75 0 0 1
203 223 0.75 0 0 1
204 223 0.75 0 0 1
205 223 0.75 0 0 1
201 224.5 0.75 0 0 1
202 224.5 0.75 0 0 1
203 224.5 0.75 0 0 1
204 224.5 0.75 0 0 1
205 224.5 0.75 0 0 1
201 226 0.75 0 0 1
202 226 0.75 0 0 1
203 226 0.75 0 0 1
204 226 0.75 0 0 1
205 226 0.75 0 0 1
201 227.5 0.75 0 0 1
202 227.5 0.75 0 0 1
203 227.5 0.75 0 0 1
204 227.5 0.75 0 0 1
205 227.5 0.75 0 0 1
209 221.5 0.75 0 0 1
210 221.5 0.75 0 0 1
211 221.5 0.75 0 0 1
212 221.5 0.75 0 0 1
213 221.5 0.75 0 0 1
209 223 0.75 0 0 1
210 223 0.75 0 0 1
211 223 0.75 0 0 1
212 223 0.75 0 0 1
213 223 0.75 0 0 1
209 224.5 0.75 0 0 1
210 224.5 0.75 0 0 1
211 224.5 0.75 0 0 1
212 224.5 0.75 0 0 1
213 224.5 0.75 0 0 1
209 226 0.75 0 0 1
210 226 0.75 0 0 1
211 226 0.75 0 0 1
212 226 0.75 0 0 1
213 226 0.75 0 0 1
209 227.5 0.75 0 0 1
210 227.5 0.75 0 0 1
211 227.5 0.75 0 0 1
212 227.5 0.75 0 0 1
213 227.5 0.75 0 0 1
217 221.5 0.75 0 0 1
218 221.5 0.75 0 0 1
219 221.5 0.75 0 0 1
220 221.5 0.75 0 0 1
221 221.5 0.75 0 0 1
217 223 0.75 0 0 1
218 223 0.75 0 0 1
219 223 0.75 0 0 1
220 223 0.75 0 0 1
221 223 0.75 0 0 1
217 224.5 0.75 0 0 1
218 224.5 0.75 0 0 1
219 224.5 0.75 0 0 1
220 224.5 0.75 0 0 1
221 224.5 0.75 0 0 1
217 226 0.75 0 0 1
218 226 0.75 0 0 1
219 226 0.75 0 0 1
220 226 0.75 0 0 1
221 226 0.75 0 0 1
217 227.5 0.75 0 0 1
218 227.5 0.75 0 0 1
219 227.5 0.75 0 0 1
220 227.5 0.75 0 0 1
221 227.5 0.75 0 0 1
225 221.5 0.75 0 0 1
226 221.5 0.75 0 0 1
227 221.5 0.75 0 0 1
228 221.5 0.75 0 0 1
229 221.5 0.75 0 0 1
225 223 0.75 0 0 1
226 223 0.75 0 0 1
227 223 0.75 0 0 1
228 223 0.75 0 0 1
229 223 0.75 0 0 1
225 224.5 0.75 0 0 1
226 224.5 0.75 0 0 1
227 224.5 0.75 0 0 1
228 224.5 0.75 0 0 1
229 224.5 0.75 0 0 1
225 226 0.75 0 0 1
226 226 0.75 0 0 1
227 226 0.75 0 0 1
228 226 0.75 0 0 1
229 226 0.75 0 0 1
225 227.5 0.75 0 0 1
226 227.5 0.75 0 0 1
227 227.5 0.75 0 0 1
228 227.5 0.75 0 0 1
229 227.5 0.75 0 0 1
233 221.5 0.75 0 0 1
234 221.5 0.75 0 0 1
235 221.5 0.75 0 0 1
236 221.5 0.75 0 0 1
237 221.5 0.75 0 0 1
233 223 0.75 0 0 1
234 223 0.75 0 0 1
235 223 0.75 0 0 1
236 223 0.75 0 0 1
237 223 0.75 0 0 1
233 224.5 0.75 0 0 1
234 224.5 0.75 0 0 1
235 224.5 0.75 0 0 1
236 224.5 0.75 0 0 1
237 224.5 0.75 0 0 1
233 226 0.75 0 0 1
234 226 0.75 0 0 1
235 226 0.75 0 0 1
236 226 0.75 0 0 1
237 226 0.75 0 0 1
233 227.5 0.75 0 0 1
234 227.5 0.75 0 0 1
235 227.5 0.75 0 0 1
236 227.5 0.75 0 0 1
237 227.5 0.75 0 0 1
241 221.5 0.75 0 0 1
242 221.5 0.75 0 0 1
243 221.5 0.75 0 0 1
244 221.5 0.75 0 0 1
245 221.5 0.75 0 0 1
241 223 0.75 0 0 1
242 223 0.75 0 0 1
243 223 0.75 0 0 1
244 223 0.75 0 0 1
245 223 0.75 0 0 1
241 224.5 0.75 0 0 1
242 224.5 0.75 0 0 1
243 224.5 0.75 0 0 1
244 224.5 0.75 0 0 1
245 224.5 0.75 0 0 1
241 226 0.75 0 0 1
242 226 0.75 0 0 1
243 226 0.75 0 0 1
244 226 0.75 0 0 1
245 226 0.75 0 0 1
241 227.5 0.75 0 0 1
242 227.5 0.75 0 0 1
243 227.5 0.75 0 0 1
244 227.5 0.75 0 0 1
245 227.5 0.75 0 0 1
249 221.5 0.75 0 0 1
250 221.5 0.75 0 0 1
251 221.5 0.75 0 0 1
252 221.5 0.75 0 0 1
253 221.5 0.75 0 0 1
249 223 0.75 0 0 1
250 223 0.75 0 0 1
251 223 0.75 0 0 1
252 223 0.75 0 0 1
253 223 0.75 0 0 1
249 224.5 0.75 0 0 1
250 224.5 0.75 0 0 1
251 224.5 0.75 0 0 1
252 224.5 0.75 0 0 1
253 224.5 0.75 0 0 1
249 226 0.75 0 0 1
250 226 0.75 0 0 1
251 226 0.75 0 0 1
252 226 0.75 0 0 1
253 226 0.75 0 0 1
249 227.5 0.75 0 0 1
250 227.5 0.75 0 0 1
251 227.5 0.75 0 0 1
252 227.5 0.75 0 0 1
253 227.5 0.75 0 0 1
1 232.5 0.75 0 0 1
2 232.5 0.75 0 0 1
3 232.5 0.75 0 0 1
4 232.5 0.75 0 0 1
5 232.5 0.75 0 0 1
1 234 0.75 0 0 1
2 234 0.75 0 0 1
3 234 0.75 0 0 1
4 234 0.75 0 0 1
5 234 0.75 0 0 1
1 235.5 0.75 0 0 1
2 235.5 0.75 0 0 1
3 235.5 0.75 0 0 1
4 235.5 0.75 0 0 1
5 235.5 0.75 0 0 1
1 237 0.75 0 0 1
2 237 0.75 0 0 1
3 237 0.75 0 0 1
4 237 0.75 0 0 1
5 237 0.75 0 0 1
1 238.5 0.75 0 0 1
2 238.5 0.75 0 0 1
3 238.5 0.75 0 0 1
4 238.5 0.75 0 0 1
5 238.5 0.75 0 0 1
9 232.5 0.75 0 0 1
10 232.5 0.75 0 0 1
11 232.5 0.75 0 0 1
12 232.5 0.75 0 0 1
13 232.5 0.75 0 0 1
9 234 0.75 0 0 1
10 234 0.75 0 0 1
11 234 0.75 0 0 1
12 234 0.75 0 0 1
13 234 0.75 0 0 1
9 235.5 0.75 0 0 1
10 235.5 0.75 0 0 1
11 235.5 0.75 0 0 1
12 235.5 0.75 0 0 1
13 235.5 0.75 0 0 1
9 237 0.75 0 0 1
10 237 0.75 0 0 1
11 237 0.75 0 0 1
12 237 0.75 0 0 1
13 237 0.75 0 0 1
9 238.5 0.75 0 0 1
10 238.5 0.75 0 0 1
11 238.5 0.75 0 0 1
12 238.5 0.75 0 0 1
13 238.5 0.75 0 0 1
17 232.5 0.75 0 0 1
18 232.5 0.75 0 0 1
19 232.5 0.75 0 0 1
20 232.5 0.75 0 0 1
21 232.5 0.75 0 0 1
17 234 0.75 0 0 1
18 234 0.75 0 0 1
19 234 0.75 0 0 1
20 234 0.75 0 0 1
21 234 0.75 0 0 1
17 235.5 0.75 0 0 1
18 235.5 0.75 0 0 1
19 235.5 0.75 0 0 1
20 235.5 0.75 0 0 1
21 235.5 0.75 0 0 1
17 237 0.75 0 0 1
18 237 0.75 0 0 1
19 237 0.75 0 0 1
20 237 0.75 0 0 1
21 237 0.75 0 0 1
17 238.5 0.75 0 0 1
18 238.5 0.75 0 0 1
19 238.5 0.75 0 0 1
20 238.5 0.75 0 0 1
21 238.5 0.75 0 0 1
25 232.5 0.75 0 0 1
26 232.5 0.75 0 0 1
27 232.5 0.75 0 0 1
28 232.5 0.75 0 0 1
29 232.5 0.75 0 0 1
25 234 0.75 0 0 1
26 234 0.75 0 0 1
27 234 0.75 0 0 1
28 234 0.75 0 0 1
29 234 0.75 0 0 1
25 235.5 0.75 0 0 1
26 235.5 0.75 0 0 1
27 235.5 0.75 0 0 1
28 235.5 0.75 0 0 1
29 235.5 0.75 0 0 1
25 237 0.75 0 0 1
26 237 0.75 0 0 1
27 237 0.75 0 0 1
28 237 0.75 0 0 1
29 237 0.75 0 0 1
25 238.5 0.75 0 0 1
26 238.5 0.75 0 0 1
27 238.5 0.75 0 0 1
28 238.5 0.75 0 0 1
29 238.5 0.75 0 0 1
33 232.5 0.75 0 0 1
34 232.5 0.75 0 0 1
35 232.5 0.75 0 0 1
36 232.5 0.75 0 0 1
37 232.5 0.75 0 0 1
33 234 0.75 0 0 1
34 234 0.75 0 0 1
35 234 0.75 0 0 1
36 234 0.75 0 0 1
37 234 0.75 0 0 1
33 235.5 0.75 0 0 1
34 235.5 0.75 0 0 1
35 235.5 0.75 0 0 1
36 235.5 0.75 0 0 1
37 235.5 0.75 0 0 1
33 237 0.75 0 0 1
34 237 0.75 0 0 1
35 237 0.75 0 0 1
36 237 0.75 0 0 1
37 237 0.75 0 0 1
33 238.5 0.75 0 0 1
34 238.5 0.75 0 0 1
35 238.5 0.75 0 0 1
36 238.5 0.75 0 0 1
37 238.5 0.75 0 0 1
41 232.5 0.75 0 0 1
42 232.5 0.75 0 0 1
43 232.5 0.75 0 0 1
44 232.5 0.75 0 0 1
45 232.5 0.75 0 0 1
41 234 0.75 0 0 1
42 234 0.75 0 0 1
43 234 0.75 0 0 1
44 234 0.75 0 0 1
45 234 0.75 0 0 1
41 235.5 0.75 0 0 1
42 235.5 0.75 0 0 1
43 235.5 0.75 0 0 1
44 235.5 0.75 0 0 1
45 235.5 0.75 0 0 1
41 237 0.75 0 0 1
42 237 0.75 0 0 1
43 237 0.75 0 0 1
44 237 0.75 0 0 1
45 237 0.75 0 0 1
41 238.5 0.75 0 0 1
42 238.5 0.75 0 0 1
43 238.5 0.75 0 0 1
44 238.5 0.75 0 0 1
45 238.5 0.75 0 0 1
49 232.5 0.75 0 0 1
50 232.5 0.75 0 0 1
51 232.5 0.75 0 0 1
52 232.5 0.75 0 0 1
53 232.5 0.75 0 0 1
49 234 0.75 0 0 1
50 234 0.75 0 0 1
51 234 0.75 0 0 1
52 234 0.75 0 0 1
53 234 0.75 0 0 1
49 235.5 0.75 0 0 1
50 235.5 0.75 0 0 1
51 235.5 0.75 0 0 1
52 235.5 0.75 0 0 1
53 235.5 0.75 0 0 1
49 237 0.75 0 0 1
50 237 0.75 0 0 1
51 237 0.75 0 0 1
52 237 0.75 0 0 1
53 237 0.75 0 0 1
49 238.5 0.75 0 0 1
50 238.5 0.75 0 0 1
51 238.5 0.75 0 0 1
52 238.5 0.75 0 0 1
53 238.5 0.75 0 0 1
57 232.5 0.75 0 0 1
58 232.5 0.75 0 0 1
59 232.5 0.75 0 0 1
60 232.5 0.75 0 0 1
61 232.5 0.75 0 0 1
57 234 0.75 0 0 1
58 234 0.75 0 0 1
59 234 0.75 0 0 1
60 234 0.75 0 0 1
61 234 0.75 0 0 1
57 235.5 0.75 0 0 1
58 235.5 0.75 0 0 1
59 235.5 0.75 0 0 1
60 235.5 0.75 0 0 1
61 235.5 0.75 0 0 1
57 237 0.75 0 0 1
58 237 0.75 0 0 1
59 237 0.75 0 0 1
60 237 0.75 0 0 1
61 237 0.75 0 0 1
57 238.5 0.75 0 0 1
58 238.5 0.75 0 0 1
59 238.5 0.75 0 0 1
60 238.5 0.75 0 0 1
61 238.5 0.75 0 0 1
65 232.5 0.75 0 0 1
66 232.5 0.75 0 0 1
67 232.5 0.75 0 0 1
68 232.5 0.75 0 0 1
69 232.5 0.75 0 0 1
65 234 0.75 0 0 1
66 234 0.75 0 0 1
67 234 0.75 0 0 1
68 234 0.75 0 0 1
69 234 0.75 0 0 1
65 235.5 0.75 0 0 1
66 235.5 0.75 0 0 1
67 235.5 0.75 0 0 1
68 235.5 0.75 0 0 1
69 235.5 0.75 0 0 1
65 237 0.75 0 0 1
66 237 0.75 0 0 1
67 237 0.75 0 0 1
68 237 0.75 0 0 1
69 237 0.75 0 0 1
65 238.5 0.75 0 0 1
66 238.5 0.75 0 0 1
67 238.5 0.75 0 0 1
68 238.5 0.75 0 0 1
69 238.5 0.75 0 0 1
73 232.5 0.75 0 0 1
74 232.5 0.75 0 0 1
75 232.5 0.75 0 0 1
76 232.5 0.75 0 0 1
77 232.5 0.75 0 0 1
73 234 0.75 0 0 1
74 234 0.75 0 0 1
75 234 0.75 0 0 1
76 234 0.75 0 0 1
77 234 0.75 0 0 1
73 235.5 0.75 0 0 1
74 235.5 0.75 0 0 1
75 235.5 0.75 0 0 1
76 235.5 0.75 0 0 1
77 235.5 0.75 0 0 1
73 237 0.75 0 0 1
74 237 0.75 0 0 1
75 237 0.75 0 0 1
76 237 0.75 0 0 1
77 237 0.75 0 0 1
73 238.5 0.75 0 0 1
74 238.5 0.75 0 0 1
75 238.5 0.75 0 0 1
76 238.5 0.75 0 0 1
77 238.5 0.75 0 0 1
81 232.5 0.75 0 0 1
82 232.5 0.75 0 0 1
83 232.5 0.75 0 0 1
84 232.5 0.75 0 0 1
85 232.5 0.75 0 0 1
81 234 0.75 0 0 1
82 234 0.75 0 0 1
83 234 0.75 0 0 1
84 234 0.75 0 0 1
85 234 0.75 0 0 1
81 235.5 0.75 0 0 1
82 235.5 0.75 0 0 1
83 235.5 0.75 0 0 1
84 235.5 0.75 0 0 1
85 235.5 0.75 0 0 1
81 237 0.75 0 0 1
82 237 0.75 0 0 1
83 237 0.75 0 0 1
84 237 0.75 0 0 1
85 237 0.75 0 0 1
81 238.5 0.75 0 0 1
82 238.5 0.75 0 0 1
83 238.5 0.75 0 0 1
84 238.5 0.75 0 0 1
85 238.5 0.75 0 0 1
89 232.5 0.75 0 0 1
90 232.5 0.75 0 0 1
91 232.5 0.75 0 0 1
92 232.5 0.75 0 0 1
93 232.5 0.75 0 0 1
89 234 0.75 0 0 1
90 234 0.75 0 0 1
91 234 0.75 0 0 1
92 234 0.75 0 0 1
93 234 0.75 0 0 1
89 235.5 0.75 0 0 1
90 235.5 0.75 0 0 1
91 235.5 0.75 0 0 1
92 235.5 0.75 0 0 1
93 235.5 0.75 0 0 1
89 237 0.75 0 0 1
90 237 0.75 0 0 1
91 237 0.75 0 0 1
92 237 0.75 0 0 1
93 237 0.75 0 0 1
89 238.5 0.75 0 0 1
90 238.5 0.75 0 0 1
91 238.5 0.75 0 0 1
92 238.5 0.75 0 0 1
93 238.5 0.75 0 0 1
97 232.5 0.75 0 0 1
98 232.5 0.75 0 0 1
99 232.5 0.75 0 0 1
100 232.5 0.75 0 0 1
101 232.5 0.75 0 0 1
97 234 0.75 0 0 1
98 234 0.75 0 0 1
99 234 0.75 0 0 1
100 234 0.75 0 0 1
101 234 0.75 0 0 1
97 235.5 0.75 0 0 1
98 235.5 0.75 0 0 1
99 235.5 0.75 0 0 1
100 235.5 0.75 0 0 1
101 235.5 0.75 0 0 1
97 237 0.75 0 0 1
98 237 0.75 0 0 1
99 237 0.75 0 0 1
100 237 0.75 0 0 1
101 237 0.75 0 0 1
97 238.5 0.75 0 0 1
98 238.5 0.75 0 0 1
99 238.5 0.75 0 0 1
100 238.5 0.75 0 0 1
101 238.5 0.75 0 0 1
105 232.5 0.75 0 0 1
106 232.5 0.75 0 0 1
107 232.5 0.75 0 0 1
108 232.5 0.75 0 0 1
109 232.5 0.75 0 0 1
105 234 0.75 0 0 1
106 234 0.75 0 0 1
107 234 0.75 0 0 1
108 234 0.75 0 0 1
109 234 0.75 0 0 1
105 235.5 0.75 0 0 1
106 235.5 0.75 0 0 1
107 235.5 0.75 0 0 1
108 235.5 0.75 0 0 1
109 235.5 0.75 0 0 1
105 237 0.75 0 0 1
106 237 0.75 0 0 1
107 237 0.75 0 0 1
108 237 0.75 0 0 1
109 237 0.75 0 0 1
105 238.5 0.75 0 0 1
106 238.5 0.75 0 0 1
107 238.5 0.75 0 0 1
108 238.5 0.75 0 0 1
109 238.5 0.75 0 0 1
113 232.5 0.75 0 0 1
114 232.5 0.75 0 0 1
115 232.5 0.75 0 0 1
116 232.5 0.75 0 0 1
117 232.5 0.75 0 0 1
113 234 0.75 0 0 1
114 234 0.75 0 0 1
115 234 0.75 0 0 1
116 234 0.75 0 0 1
117 234 0.75 0 0 1
113 235.5 0.75 0 0 1
114 235.5 0.75 0 0 1
115 235.5 0.75 0 0 1
116 235.5 0.75 0 0 1
117 235.5 0.75 0 0 1
113 237 0.75 0 0 1
114 237 0.75 0 0 1
115 237 0.75 0 0 1
116 237 0.75 0 0 1
117 237 0.75 0 0 1
113 238.5 0.75 0 0 1
114 238.5 0.75 0 0 1
115 238.5 0.75 0 0 1
116 238.5 0.75 0 0 1
117 238.5 0.75 0 0 1
121 232.5 0.75 0 0 1
122 232.5 0.75 0 0 1
123 232.5 0.75 0 0 1
124 232.5 0.75 0 0 1
125 232.5 0.75 0 0 1
121 234 0.75 0 0 1
122 234 0.75 0 0 1
123 234 0.75 0 0 1
124 234 0.75 0 0 1
125 234 0.75 0 0 1
121 235.5 0.75 0 0 1
122 235.5 0.75 0 0 1
123 235.5 0.75 0 0 1
124 235.5 0.75 0 0 1
125 235.5 0.75 0 0 1
121 237 0.75 0 0 1
122 237 0.75 0 0 1
123 237 0.75 0 0 1
124 237 0.75 0 0 1
125 237 0.75 0 0 1
121 238.5 0.75 0 0 1
122 238.5 0.75 0 0 1
123 238.5 0.75 0 0 1
124 238.5 0.75 0 0 1
125 238.5 0.75 0 0 1
129 232.5 0.75 0 0 1
130 232.5 0.75 0 0 1
131 232.5 0.75 0 0 1
132 232.5 0.75 0 0 1
133 232.5 0.75 0 0 1
129 234 0.75 0 0 1
130 234 0.75 0 0 1
131 234 0.75 0 0 1
132 234 0.75 0 0 1
133 234 0.75 0 0 1
129 235.5 0.75 0 0 1
130 235.5 0.75 0 0 1
131 235.5 0.75 0 0 1
132 235.5 0.75 0 0 1
133 235.5 0.75 0 0 1
129 237 0.75 0 0 1
130 237 0.75 0 0 1
131 237 0.75 0 0 1
132 237 0.75 0 0 1
133 237 0.75 0 0 1
129 238.5 0.75 0 0 1
130 238.5 0.75 0 0 1
131 238.5 0.75 0 0 1
132 238.5 0.75 0 0 1
133 238.5 0.75 0 0 1
137 232.5 0.75 0 0 1
138 232.5 0.75 0 0 1
139 232.5 0.75 0 0 1
140 232.5 0.75 0 0 1
141 232.5 0.75 0 0 1
137 234 0.75 0 0 1
138 234 0.75 0 0 1
139 234 0.75 0 0 1
140 234 0.75 0 0 1
141 234 0.75 0 0 1
137 235.5 0.75 0 0 1
138 235.5 0.75 0 0 1
139 235.5 0.75 0 0 1
140 235.5 0.75 0 0 1
141 235.5 0.75 0 0 1
137 237 0.75 0 0 1
138 237 0.75 0 0 1
139 237 0.75 0 0 1
140 237 0.75 0 0 1
141 237 0.75 0 0 1
137 238.5 0.75 0 0 1
138 238.5 0.75 0 0 1
139 238.5 0.75 0 0 1
140 238.5 0.75 0 0 1
141 238.5 0.75 0 0 1
145 232.5 0.75 0 0 1
146 232.5 0.75 0 0 1
147 232.5 0.75 0 0 1
148 232.5 0.75 0 0 1
149 232.5 0.75 0 0 1
145 234 0.75 0 0 1
146 234 0.75 0 0 1
147 234 0.75 0 0 1
148 234 0.75 0 0 1
149 234 0.75 0 0 1
145 235.5 0.75 0 0 1
146 235.5 0.75 0 0 1
147 235.5 0.75 0 0 1
148 235.5 0.75 0 0 1
149 235.5 0.75 0 0 1
145 237 0.75 0 0 1
146 237 0.75 0 0 1
147 237 0.75 0 0 1
148 237 0.75 0 0 1
149 237 0.75 0 0 1
145 238.5 0.75 0 0 1
146 238.5 0.75 0 0 1
147 238.5 0.75 0 0 1
148 238.5 0.75 0 0 1
149 238.5 0.75 0 0 1
153 232.5 0.75 0 0 1
154 232.5 0.75 0 0 1
155 232.5 0.75 0 0 1
156 232.5 0.75 0 0 1
157 232.5 0.75 0 0 1
153 234 0.75 0 0 1
154 234 0.75 0 0 1
155 234 0.75 0 0 1
156 234 0.75 0 0 1
157 234 0.75 0 0 1
153 235.5 0.75 0 0 1
154 235.5 0.75 0 0 1
155 235.5 0.75 0 0 1
156 235.5 0.75 0 0 1
157 235.5 0.75 0 0 1
153 237 0.75 0 0 1
154 237 0.75 0 0 1
155 237 0.75 0 0 1
156 237 0.75 0 0 1
157 237 0.75 0 0 1
153 238.5 0.75 0 0 1
154 238.5 0.75 0 0 1
155 238.5 0.75 0 0 1
156 238.5 0.75 0 0 1
157 238.5 0.75 0 0 1
161 232.5 0.75 0 0 1
162 232.5 0.75 0 0 1
163 232.5 0.75 0 0 1
164 232.5 0.75 0 0 1
165 232.5 0.75 0 0 1
161 234 0.75 0 0 1
162 234 0.75 0 0 1
163 234 0.75 0 0 1
164 234 0.75 0 0 1
165 234 0.75 0 0 1
161 235.5 0.75 0 0 1
162 235.5 0.75 0 0 1
163 235.5 0.75 0 0 1
164 235.5 0.75 0 0 1
165 235.5 0.75 0 0 1
161 237 0.75 0 0 1
162 237 0.75 0 0 1
163 237 0.75 0 0 1
164 237 0.75 0 0 1
165 237 0.75 0 0 1
161 238.5 0.75 0 0 1
162 238.5 0.75 0 0 1
163 238.5 0.75 0 0 1
164 238.5 0.75 0 0 1
165 238.5 0.75 0 0 1
169 232.5 0.75 0 0 1
170 232.5 0.75 0 0 1
171 232.5 0.75 0 0 1
172 232.5 0.75 0 0 1
173 232.5 0.75 0 0 1
169 234 0.75 0 0 1
170 234 0.75 0 0 1
171 234 0.75 0 0 1
172 234 0.75 0 0 1
173 234 0.75 0 0 1
169 235.5 0.75 0 0 1
170 235.5 0.75 0 0 1
171 235.5 0.75 0 0 1
172 235.5 0.75 0 0 1
173 235.5 0.75 0 0 1
169 237 0.75 0 0 1
170 237 0.75 0 0 1
171 237 0.75 0 0 1
172 237 0.75 0 0 1
173 237 0.75 0 0 1
169 238.5 0.75 0 0 1
170 238.5 0.75 0 0 1
171 238.5 0.75 0 0 1
172 238.5 0.75 0 0 1
173 238.5 0.75 0 0 1
177 232.5 0.75 0 0 1
178 232.5 0.75 0 0 1
179 232.5 0.75 0 0 1
180 232.5 0.75 0 0 1
181 232.5 0.75 0 0 1
177 234 0.75 0 0 1
178 234 0.75 0 0 1
179 234 0.75 0 0 1
180 234 0.75 0 0 1
181 234 0.75 0 0 1
177 235.5 0.75 0 0 1
178 235.5 0.75 0 0 1
179 235.5 0.75 0 0 1
180 235.5 0.75 0 0 1
181 235.5 0.75 0 0 1
177 237 0.75 0 0 1
178 237 0.75 0 0 1
179 237 0.75 0 0 1
180 237 0.75 0 0 1
181 237 0.75 0 0 1
177 238.5 0.75 0 0 1
178 238.5 0.75 0 0 1
179 238.5 0.75 0 0 1
180 238.5 0.75 0 0 1
181 238.5 0.75 0 0 1
185 232.5 0.75 0 0 1
186 232.5 0.75 0 0 1
187 232.5 0.75 0 0 1
188 232.5 0.75 0 0 1
189 232.5 0.75 0 0 1
185 234 0.75 0 0 1
186 234 0.75 0 0 1
187 234 0.75 0 0 1
188 234 0.75 0 0 1
189 234 0.75 0 0 1
185 235.5 0.75 0 0 1
186 235.5 0.75 0 0 1
187 235.5 0.75 0 0 1
188 235.5 0.75 0 0 1
189 235.5 0.75 0 0 1
185 237 0.75 0 0 1
186 237 0.75 0 0 1
187 237 0.75 0 0 1
188 237 0.75 0 0 1
189 237 0.75 0 0 1
185 238.5 0.75 0 0 1
186 238.5 0.75 0 0 1
187 238.5 0.75 0 0 1
188 238.5 0.75 0 0 1
189 238.5 0.75 0 0 1
193 232.5 0.75 0 0 1
194 232.5 0.75 0 0 1
195 232.5 0.75 0 0 1
196 232.5 0.75 0 0 1
197 232.5 0.75 0 0 1
193 234 0.75 0 0 1
194 234 0.75 0 0 1
195 234 0.75 0 0 1
196 234 0.75 0 0 1
197 234 0.75 0 0 1
193 235.5 0.75 0 0 1
194 235.5 0.75 0 0 1
195 235.5 0.75 0 0 1
196 235.5 0.75 0 0 1
197 235.5 0.75 0 0 1
193 237 0.75 0 0 1
194 237 0.75 0 0 1
195 237 0.75 0 0 1
196 237 0.75 0 0 1
197 237 0.75 0 0 1
193 238.5 0.75 0 0 1
194 238.5 0.75 0 0 1
195 238.5 0.75 0 0 1
196 238.5 0.75 0 0 1
197 238.5 0.75 0 0 1
201 232.5 0.75 0 0 1
202 232.5 0.75 0 0 1
203 232.5 0.75 0 0 1
204 232.5 0.75 0 0 1
205 232.5 0.75 0 0 1
201 234 0.75 0 0 1
202 234 0.75 0 0 1
203 234 0.75 0 0 1
204 234 0.75 0 0 1
205 234 0.75 0 0 1
201 235.5 0.75 0 0 1
202 235.5 0.75 0 0 1
203 235.5 0.75 0 0 1
204 235.5 0.75 0 0 1
205 235.5 0.75 0 0 1
201 237 0.75 0 0 1
202 237 0.75 0 0 1
203 237 0.75 0 0 1
204 237 0.75 0 0 1
205 237 0.75 0 0 1
201 238.5 0.75 0 0 1
202 238.5 0.75 0 0 1
203 238.5 0.75 0 0 1
204 238.5 0.75 0 0 1
205 238.5 0.75 0 0 1
209 232.5 0.75 0 0 1
210 232.5 0.75 0 0 1
211 232.5 0.75 0 0 1
212 232.5 0.75 0 0 1
213 232.5 0.75 0 0 1
209 234 0.75 0 0 1
210 234 0.75 0 0 1
211 234 0.75 0 0 1
212 234 0.75 0 0 1
213 234 0.75 0 0 1
209 235.5 0.75 0 0 1
210 235.5 0.75 0 0 1
211 235.5 0.75 0 0 1
212 235.5 0.75 0 0 1
213 235.5 0.75 0 0 1
209 237 0.75 0 0 1
210 237 0.75 0 0 1
211 237 0.75 0 0 1
212 237 0.75 0 0 1
213 237 0.75 0 0 1
209 238.5 0.75 0 0 1
210 238.5 0.75 0 0 1
211 238.5 0.75 0 0 1
212 238.5 0.75 0 0 1
213 238.5 0.75 0 0 1
217 232.5 0.75 0 0 1
218 232.5 0.75 0 0 1
219 232.5 0.75 0 0 1
220 232.5 0.75 0 0 1
221 232.5 0.75 0 0 1
217 234 0.75 0 0 1
218 234 0.75 0 0 1
219 234 0.75 0 0 1
220 234 0.75 0 0 1
221 234 0.75 0 0 1
217 235.5 0.75 0 0 1
218 235.5 0.75 0 0 1
219 235.5 0.75 0 0 1
220 235.5 0.75 0 0 1
221 235.5 0.75 0 0 1
217 237 0.75 0 0 1
218 237 0.75 0 0 1
219 237 0.75 0 0 1
220 237 0.75 0 0 1
221 237 0.75 0 0 1
217 238.5 0.75 0 0 1
218 238.5 0.75 0 0 1
219 238.5 0.75 0 0 1
220 238.5 0.75 0 0 1
221 238.5 0.75 0 0 1
225 232.5 0.75 0 0 1
226 232.5 0.75 0 0 1
227 232.5 0.75 0 0 1
228 232.5 0.75 0 0 1
229 232.5 0.75 0 0 1
225 234 0.75 0 0 1
226 234 0.75 0 0 1
227 234 0.75 0 0 1
228 234 0.75 0 0 1
229 234 0.75 0 0 1
225 235.5 0.75 0 0 1
226 235.5 0.75 0 0 1
227 235.5 0.75 0 0 1
228 235.5 0.75 0 0 1
229 235.5 0.75 0 0 1
225 237 0.75 0 0 1
226 237 0.75 0 0 1
227 237 0.75 0 0 1
228 237 0.75 0 0 1
229 237 0.75 0 0 1
225 238.5 0.75 0 0 1
226 238.5 0.75 0 0 1
227 238.5 0.75 0 0 1
228 238.5 0.75 0 0 1
229 238.5 0.75 0 0 1
233 232.5 0.75 0 0 1
234 232.5 0.75 0 0 1
235 232.5 0.75 0 0 1
236 232.5 0.75 0 0 1
237 232.5 0.75 0 0 1
233 234 0.75 0 0 1
234 234 0.75 0 0 1
235 234 0.75 0 0 1
236 234 0.75 0 0 1
237 234 0.75 0 0 1
233 235.5 0.75 0 0 1
234 235.5 0.75 0 0 1
235 235.5 0.75 0 0 1
236 235.5 0.75 0 0 1
237 235.5 0.75 0 0 1
233 237 0.75 0 0 1
234 237 0.75 0 0 1
235 237 0.75 0 0 1
236 237 0.75 0 0 1
237 237 0.75 0 0 1
233 238.5 0.75 0 0 1
234 238.5 0.75 0 0 1
235 238.5 0.75 0 0 1
236 238.5 0.75 0 0 1
237 238.5 0.75 0 0 1
241 232.5 0.75 0 0 1
242 232.5 0.75 0 0 1
243 232.5 0.75 0 0 1
244 232.5 0.75 0 0 1
245 232.5 0.75 0 0 1
241 234 0.75 0 0 1
242 234 0.75 0 0 1
243 234 0.75 0 0 1
244 234 0.75 0 0 1
245 234 0.75 0 0 1
241 235.5 0.75 0 0 1
242 235.5 0.75 0 0 1
243 235.5 0.75 0 0 1
244 235.5 0.75 0 0 1
245 235.5 0.75 0 0 1
241 237 0.75 0 0 1
242 237 0.75 0 0 1
243 237 0.75 0 0 1
244 237 0.75 0 0 1
245 237 0.75 0 0 1
241 238.5 0.75 0 0 1
242 238.5 0.75 0 0 1
243 238.5 0.75 0 0 1
244 238.5 0.75 0 0 1
245 238.5 0.75 0 0 1
249 232.5 0.75 0 0 1
250 232.5 0.75 0 0 1
251 232.5 0.75 0 0 1
252 232.5 0.75 0 0 1
253 232.5 0.75 0 0 1
249 234 0.75 0 0 1
250 234 0.75 0 0 1
251 234 0.75 0 0 1
252 234 0.75 0 0 1
253 234 0.75 0 0 1
249 235.5 0.75 0 0 1
250 235.5 0.75 0 0 1
251 235.5 0.75 0 0 1
252 235.5 0.75 0 0 1
253 235.5 0.75 0 0 1
249 237 0.75 0 0 1
250 237 0.75 0 0 1
251 237 0.75 0 0 1
252 237 0.75 0 0 1
253 237 0.75 0 0 1
249 238.5 0.75 0 0 1
250 238.5 0.75 0 0 1
251 238.5 0.75 0 0 1
252 238.5 0.75 0 0 1
253 238.5 0.75 0 0 1
1 243.5 0.75 0 0 1
2 243.5 0.75 0 0 1
3 243.5 0.75 0 0 1
4 243.5 0.75 0 0 1
5 243.5 0.75 0 0 1
1 245 0.75 0 0 1
2 245 0.75 0 0 1
3 245 0.75 0 0 1
4 245 0.75 0 0 1
5 245 0.75 0 0 1
1 246.5 0.75 0 0 1
2 246.5 0.75 0 0 1
3 246.5 0.75 0 0 1
4 246.5 0.75 0 0 1
5 246.5 0.75 0 0 1
1 248 0.75 0 0 1
2 248 0.75 0 0 1
3 248 0.75 0 0 1
4 248 0.75 0 0 1
5 248 0.75 0 0 1
1 249.5 0.75 0 0 1
2 249.5 0.75 0 0 1
3 249.5 0.75 0 0 1
4 249.5 0.75 0 0 1
5 249.5 0.75 0 0 1
9 243.5 0.75 0 0 1
10 243.5 0.75 0 0 1
11 243.5 0.75 0 0 1
12 243.5 0.75 0 0 1
13 243.5 0.75 0 0 1
9 245 0.75 0 0 1
10 245 0.75 0 0 1
11 245 0.75 0 0 1
12 245 0.75 0 0 1
13 245 0.75 0 0 1
9 246.5 0.75 0 0 1
10 246.5 0.75 0 0 1
11 246.5 0.75 0 0 1
12 246.5 0.75 0 0 1
13 246.5 0.75 0 0 1
9 248 0.75 0 0 1
10 248 0.75 0 0 1
11 248 0.75 0 0 1
12 248 0.75 0 0 1
13 248 0.75 0 0 1
9 249.5 0.75 0 0 1
10 249.5 0.75 0 0 1
11 249.5 0.75 0 0 1
12 249.5 0.75 0 0 1
13 249.5 0.75 0 0 1
17 243.5 0.75 0 0 1
18 243.5 0.75 0 0 1
19 243.5 0.75 0 0 1
20 243.5 0.75 0 0 1
21 243.5 0.75 0 0 1
17 245 0.75 0 0 1
18 245 0.75 0 0 1
19 245 0.75 0 0 1
20 245 0.75 0 0 1
21 245 0.75 0 0 1
17 246.5 0.75 0 0 1
18 246.5 0.75 0 0 1
19 246.5 0.75 0 0 1
20 246.5 0.75 0 0 1
21 246.5 0.75 0 0 1
17 248 0.75 0 0 1
18 248 0.75 0 0 1
19 248 0.75 0 0 1
20 248 0.75 0 0 1
21 248 0.75 0 0 1
17 249.5 0.75 0 0 1
18 249.5 0.75 0 0 1
19 249.5 0.75 0 0 1
20 249.5 0.75 0 0 1
21 249.5 0.75 0 0 1
25 243.5 0.75 0 0 1
26 243.5 0.75 0 0 1
27 243.5 0.75 0 0 1
28 243.5 0.75 0 0 1
29 243.5 0.75 0 0 1
25 245 0.75 0 0 1
26 245 0.75 0 0 1
27 245 0.75 0 0 1
28 245 0.75 0 0 1
29 245 0.75 0 0 1
25 246.5 0.75 0 0 1
26 246.5 0.75 0 0 1
27 246.5 0.75 0 0 1
28 246.5 0.75 0 0 1
29 246.5 0.75 0 0 1
25 248 0.75 0 0 1
26 248 0.75 0 0 1
27 248 0.75 0 0 1
28 248 0.75 0 0 1
29 248 0.75 0 0 1
25 249.5 0.75 0 0 1
26 249.5 0.75 0 0 1
27 249.5 0.75 0 0 1
28 249.5 0.75 0 0 1
29 249.5 0.75 0 0 1
33 243.5 0.75 0 0 1
34 243.5 0.75 0 0 1
35 243.5 0.75 0 0 1
36 243.5 0.75 0 0 1
37 243.5 0.75 0 0 1
33 245 0.75 0 0 1
34 245 0.75 0 0 1
35 245 0.75 0 0 1
36 245 0.75 0 0 1
37 245 0.75 0 0 1
33 246.5 0.75 0 0 1
34 246.5 0.75 0 0 1
35 246.5 0.75 0 0 1
36 246.5 0.75 0 0 1
37 246.5 0.75 0 0 1
33 248 0.75 0 0 1
34 248 0.75 0 0 1
35 248 0.75 0 0 1
36 248 0.75 0 0 1
37 248 0.75 0 0 1
33 249.5 0.75 0 0 1
34 249.5 0.75 0 0 1
35 249.5 0.75 0 0 1
36 249.5 0.75 0 0 1
37 249.5 0.75 0 0 1
41 243.5 0.75 0 0 1
42 243.5 0.75 0 0 1
43 243.5 0.75 0 0 1
44 243.5 0.75 0 0 1
45 243.5 0.75 0 0 1
41 245 0.75 0 0 1
42 245 0.75 0 0 1
43 245 0.75 0 0 1
44 245 0.75 0 0 1
45 245 0.75 0 0 1
41 246.5 0.75 0 0 1
42 246.5 0.75 0 0 1
43 246.5 0.75 0 0 1
44 246.5 0.75 0 0 1
45 246.5 0.75 0 0 1
41 248 0.75 0 0 1
42 248 0.75 0 0 1
43 248 0.75 0 0 1
44 248 0.75 0 0 1
45 248 0.75 0 0 1
41 249.5 0.75 0 0 1
42 249.5 0.75 0 0 1
43 249.5 0.75 0 0 1
44 249.5 0.75 0 0 1
45 249.5 0.75 0 0 1
49 243.5 0.75 0 0 1
50 243.5 0.75 0 0 1
51 243.5 0.75 0 0 1
52 243.5 0.75 0 0 1
53 243.5 0.75 0 0 1
49 245 0.75 0 0 1
50 245 0.75 0 0 1
51 245 0.75 0 0 1
52 245 0.75 0 0 1
53 245 0.75 0 0 1
49 246.5 0.75 0 0 1
50 246.5 0.75 0 0 1
51 246.5 0.75 0 0 1
52 246.5 0.75 0 0 1
53 246.5 0.75 0 0 1
49 248 0.75 0 0 1
50 248 0.75 0 0 1
51 248 0.75 0 0 1
52 248 0.75 0 0 1
53 248 0.75 0 0 1
49 249.5 0.75 0 0 1
50 249.5 0.75 0 0 1
51 249.5 0.75 0 0 1
52 249.5 0.75 0 0 1
53 249.5 0.75 0 0 1
57 243.5 0.75 0 0 1
58 243.5 0.75 0 0 1
59 243.5 0.75 0 0 1
60 243.5 0.75 0 0 1
61 243.5 0.75 0 0 1
57 245 0.75 0 0 1
58 245 0.75 0 0 1
59 245 0.75 0 0 1
60 245 0.75 0 0 1
61 245 0.75 0 0 1
57 246.5 0.75 0 0 1
58 246.5 0.75 0 0 1
59 246.5 0.75 0 0 1
60 246.5 0.75 0 0 1
61 246.5 0.75 0 0 1
57 248 0.75 0 0 1
58 248 0.75 0 0 1
59 248 0.75 0 0 1
60 248 0.75 0 0 1
61 248 0.75 0 0 1
57 249.5 0.75 0 0 1
58 249.5 0.75 0 0 1
59 249.5 0.75 0 0 1
60 249.5 0.75 0 0 1
61 249.5 0.75 0 0 1
65 243.5 0.75 0 0 1
66 243.5 0.75 0 0 1
67 243.5 0.75 0 0 1
68 243.5 0.75 0 0 1
69 243.5 0.75 0 0 1
65 245 0.75 0 0 1
66 245 0.75 0 0 1
67 245 0.75 0 0 1
68 245 0.75 0 0 1
69 245 0.75 0 0 1
65 246.5 0.75 0 0 1
66 246.5 0.75 0 0 1
67 246.5 0.75 0 0 1
68 246.5 0.75 0 0 1
69 246.5 0.75 0 0 1
65 248 0.75 0 0 1
66 248 0.75 0 0 1
67 248 0.75 0 0 1
68 248 0.75 0 0 1
69 248 0.75 0 0 1
65 249.5 0.75 0 0 1
66 249.5 0.75 0 0 1
67 249.5 0.75 0 0 1
68 249.5 0.75 0 0 1
69 249.5 0.75 0 0 1
73 243.5 0.75 0 0 1
74 243.5 0.75 0 0 1
75 243.5 0.75 0 0 1
76 243.5 0.75 0 0 1
77 243.5 0.75 0 0 1
73 245 0.75 0 0 1
74 245 0.75 0 0 1
75 245 0.75 0 0 1
76 245 0.75 0 0 1
77 245 0.75 0 0 1
73 246.5 0.75 0 0 1
74 246.5 0.75 0 0 1
75 246.5 0.75 0 0 1
76 246.5 0.75 0 0 1
77 246.5 0.75 0 0 1
73 248 0.75 0 0 1
74 248 0.75 0 0 1
75 248 0.75 0 0 1
76 248 0.75 0 0 1
77 248 0.75 0 0 1
73 249.5 0.75 0 0 1
74 249.5 0.75 0 0 1
75 249.5 0.75 0 0 1
76 249.5 0.75 0 0 1
77 249.5 0.75 0 0 1
81 243.5 0.75 0 0 1
82 243.5 0.75 0 0 1
83 243.5 0.75 0 0 1
84 243.5 0.75 0 0 1
85 243.5 0.75 0 0 1
81 245 0.75 0 0 1
82 245 0.75 0 0 1
83 245 0.75 0 0 1
84 245 0.75 0 0 1
85 245 0.75 0 0 1
81 246.5 0.75 0 0 1
82 246.5 0.75 0 0 1
83 246.5 0.75 0 0 1
84 246.5 0.75 0 0 1
85 246.5 0.75 0 0 1
81 248 0.75 0 0 1
82 248 0.75 0 0 1
83 248 0.75 0 0 1
84 248 0.75 0 0 1
85 248 0.75 0 0 1
81 249.5 0.75 0 0 1
82 249.5 0.75 0 0 1
83 249.5 0.75 0 0 1
84 249.5 0.75 0 0 1
85 249.5 0.75 0 0 1
89 243.5 0.75 0 0 1
90 243.5 0.75 0 0 1
91 243.5 0.75 0 0 1
92 243.5 0.75 0 0 1
93 243.5 0.75 0 0 1
89 245 0.75 0 0 1
90 245 0.75 0 0 1
91 245 0.75 0 0 1
92 245 0.75 0 0 1
93 245 0.75 0 0 1
89 246.5 0.75 0 0 1
90 246.5 0.75 0 0 1
91 246.5 0.75 0 0 1
92 246.5 0.75 0 0 1
93 246.5 0.75 0 0 1
89 248 0.75 0 0 1
90 248 0.75 0 0 1
91 248 0.75 0 0 1
92 248 0.75 0 0 1
93 248 0.75 0 0 1
89 249.5 0.75 0 0 1
90 249.5 0.75 0 0 1
91 249.5 0.75 0 0 1
92 249.5 0.75 0 0 1
93 249.5 0.75 0 0 1
97 243.5 0.75 0 0 1
98 243.5 0.75 0 0 1
99 243.5 0.75 0 0 1
100 243.5 0.75 0 0 1
101 243.5 0.75 0 0 1
97 245 0.75 0 0 1
98 245 0.75 0 0 1
99 245 0.75 0 0 1
100 245 0.75 0 0 1
101 245 0.75 0 0 1
97 246.5 0.75 0 0 1
98 246.5 0.75 0 0 1
99 246.5 0.75 0 0 1
100 246.5 0.75 0 0 1
101 246.5 0.75 0 0 1
97 248 0.75 0 0 1
98 248 0.75 0 0 1
99 248 0.75 0 0 1
100 248 0.75 0 0 1
101 248 0.75 0 0 1
97 249.5 0.75 0 0 1
98 249.5 0.75 0 0 1
99 249.5 0.75 0 0 1
100 249.5 0.75 0 0 1
101 249.5 0.75 0 0 1
105 243.5 0.75 0 0 1
106 243.5 0.75 0 0 1
107 243.5 0.75 0 0 1
108 243.5 0.75 0 0 1
109 243.5 0.75 0 0 1
105 245 0.75 0 0 1
106 245 0.75 0 0 1
107 245 0.75 0 0 1
108 245 0.75 0 0 1
109 245 0.75 0 0 1
105 246.5 0.75 0 0 1
106 246.5 0.75 0 0 1
107 246.5 0.75 0 0 1
108 246.5 0.75 0 0 1
109 246.5 0.75 0 0 1
105 248 0.75 0 0 1
106 248 0.75 0 0 1
107 248 0.75 0 0 1
108 248 0.75 0 0 1
109 248 0.75 0 0 1
105 249.5 0.75 0 0 1
106 249.5 0.75 0 0 1
107 249.5 0.75 0 0 1
108 249.5 0.75 0 0 1
109 249.5 0.75 0 0 1
113 243.5 0.75 0 0 1
114 243.5 0.75 0 0 1
115 243.5 0.75 0 0 1
116 243.5 0.75 0 0 1
117 243.5 0.75 0 0 1
113 245 0.75 0 0 1
114 245 0.75 0 0 1
115 245 0.75 0 0 1
116 245 0.75 0 0 1
117 245 0.75 0 0 1
113 246.5 0.75 0 0 1
114 246.5 0.75 0 0 1
115 246.5 0.75 0 0 1
116 246.5 0.75 0 0 1
117 246.5 0.75 0 0 1
113 248 0.75 0 0 1
114 248 0.75 0 0 1
115 248 0.75 0 0 1
116 248 0.75 0 0 1
117 248 0.75 0 0 1
113 249.5 0.75 0 0 1
114 249.5 0.75 0 0 1
115 249.5 0.75 0 0 1
116 249.5 0.75 0 0 1
117 249.5 0.75 0 0 1
121 243.5 0.75 0 0 1
122 243.5 0.75 0 0 1
123 243.5 0.75 0 0 1
124 243.5 0.75 0 0 1
125 243.5 0.75 0 0 1
121 245 0.75 0 0 1
122 245 0.75 0 0 1
123 245 0.75 0 0 1
124 245 0.75 0 0 1
125 245 0.75 0 0 1
121 246.5 0.75 0 0 1
122 246.5 0.75 0 0 1
123 246.5 0.75 0 0 1
124 246.5 0.75 0 0 1
125 246.5 0.75 0 0 1
121 248 0.75 0 0 1
122 248 0.75 0 0 1
123 248 0.75 0 0 1
124 248 0.75 0 0 1
125 248 0.75 0 0 1
121 249.5 0.75 0 0 1
122 249.5 0.75 0 0 1
123 249.5 0.75 0 0 1
124 249.5 0.75 0 0 1
125 249.5 0.75 0 0 1
129 243.5 0.75 0 0 1
130 243.5 0.75 0 0 1
131 243.5 0.75 0 0 1
132 243.5 0.75 0 0 1
133 243.5 0.75 0 0 1
129 245 0.75 0 0 1
130 245 0.75 0 0 1
131 245 0.75 0 0 1
132 245 0.75 0 0 1
133 245 0.75 0 0 1
129 246.5 0.75 0 0 1
130 246.5 0.75 0 0 1
131 246.5 0.75 0 0 1
132 246.5 0.75 0 0 1
133 246.5 0.75 0 0 1
129 248 0.75 0 0 1
130 248 0.75 0 0 1
131 248 0.75 0 0 1
132 248 0.75 0 0 1
133 248 0.75 0 0 1
129 249.5 0.75 0 0 1
130 249.5 0.75 0 0 1
131 249.5 0.75 0 0 1
132 249.5 0.75 0 0 1
133 249.5 0.75 0 0 1
137 243.5 0.75 0 0 1
138 243.5 0.75 0 0 1
139 243.5 0.75 0 0 1
140 243.5 0.75 0 0 1
141 243.5 0.75 0 0 1
137 245 0.75 0 0 1
138 245 0.75 0 0 1
139 245 0.75 0 0 1
140 245 0.75 0 0 1
141 245 0.75 0 0 1
137 246.5 0.75 0 0 1
138 246.5 0.75 0 0 1
139 246.5 0.75 0 0 1
140 246.5 0.75 0 0 1
141 246.5 0.75 0 0 1
137 248 0.75 0 0 1
138 248 0.75 0 0 1
139 248 0.75 0 0 1
140 248 0.75 0 0 1
141 248 0.75 0 0 1
137 249.5 0.75 0 0 1
138 249.5 0.75 0 0 1
139 249.5 0.75 0 0 1
140 249.5 0.75 0 0 1
141 249.5 0.75 0 0 1
145 243.5 0.75 0 0 1
146 243.5 0.75 0 0 1
147 243.5 0.75 0 0 1
148 243.5 0.75 0 0 1
149 243.5 0.75 0 0 1
145 245 0.75 0 0 1
146 245 0.75 0 0 1
147 245 0.75 0 0 1
148 245 0.75 0 0 1
149 245 0.75 0 0 1
145 246.5 0.75 0 0 1
146 246.5 0.75 0 0 1
147 246.5 0.75 0 0 1
148 246.5 0.75 0 0 1
149 246.5 0.75 0 0 1
145 248 0.75 0 0 1
146 248 0.75 0 0 1
147 248 0.75 0 0 1
148 248 0.75 0 0 1
149 248 0.75 0 0 1
145 249.5 0.75 0 0 1
146 249.5 0.75 0 0 1
147 249.5 0.75 0 0 1
148 249.5 0.75 0 0 1
149 249.5 0.75 0 0 1
153 243.5 0.75 0 0 1
154 243.5 0.75 0 0 1
155 243.5 0.75 0 0 1
156 243.5 0.75 0 0 1
157 243.5 0.75 0 0 1
153 245 0.75 0 0 1
154 245 0.75 0 0 1
155 245 0.75 0 0 1
156 245 0.75 0 0 1
157 245 0.75 0 0 1
153 246.5 0.75 0 0 1
154 246.5 0.75 0 0 1
155 246.5 0.75 0 0 1
156 246.5 0.75 0 0 1
157 246.5 0.75 0 0 1
153 248 0.75 0 0 1
154 248 0.75 0 0 1
155 248 0.75 0 0 1
156 248 0.75 0 0 1
157 248 0.75 0 0 1
153 249.5 0.75 0 0 1
154 249.5 0.75 0 0 1
155 249.5 0.75 0 0 1
156 249.5 0.75 0 0 1
157 249.5 0.75 0 0 1
161 243.5 0.75 0 0 1
162 243.5 0.75 0 0 1
163 243.5 0.75 0 0 1
164 243.5 0.75 0 0 1
165 243.5 0.75 0 0 1
161 245 0.75 0 0 1
162 245 0.75 0 0 1
163 245 0.75 0 0 1
164 245 0.75 0 0 1
165 245 0.75 0 0 1
161 246.5 0.75 0 0 1
162 246.5 0.75 0 0 1
163 246.5 0.75 0 0 1
164 246.5 0.75 0 0 1
165 246.5 0.75 0 0 1
161 248 0.75 0 0 1
162 248 0.75 0 0 1
163 248 0.75 0 0 1
164 248 0.75 0 0 1
165 248 0.75 0 0 1
161 249.5 0.75 0 0 1
162 249.5 0.75 0 0 1
163 249.5 0.75 0 0 1
164 249.5 0.75 0 0 1
165 249.5 0.75 0 0 1
169 243.5 0.75 0 0 1
170 243.5 0.75 0 0 1
171 243.5 0.75 0 0 1
172 243.5 0.75 0 0 1
173 243.5 0.75 0 0 1
169 245 0.75 0 0 1
170 245 0.75 0 0 1
171 245 0.75 0 0 1
172 245 0.75 0 0 1
173 245 0.75 0 0 1
169 246.5 0.75 0 0 1
170 246.5 0.75 0 0 1
171 246.5 0.75 0 0 1
172 246.5 0.75 0 0 1
173 246.5 0.75 0 0 1
169 248 0.75 0 0 1
170 248 0.75 0 0 1
171 248 0.75 0 0 1
172 248 0.75 0 0 1
173 248 0.75 0 0 1
169 249.5 0.75 0 0 1
170 249.5 0.75 0 0 1
171 249.5 0.75 0 0 1
172 249.5 0.75 0 0 1
173 249.5 0.75 0 0 1
177 243.5 0.75 0 0 1
178 243.5 0.75 0 0 1
179 243.5 0.75 0 0 1
180 243.5 0.75 0 0 1
181 243.5 0.75 0 0 1
177 245 0.75 0 0 1
178 245 0.75 0 0 1
179 245 0.75 0 0 1
180 245 0.75 0 0 1
181 245 0.75 0 0 1
177 246.5 0.75 0 0 1
178 246.5 0.75 0 0 1
179 246.5 0.75 0 0 1
180 246.5 0.75 0 0 1
181 246.5 0.75 0 0 1
177 248 0.75 0 0 1
178 248 0.75 0 0 1
179 248 0.75 0 0 1
180 248 0.75 0 0 1
181 248 0.75 0 0 1
177 249.5 0.75 0 0 1
178 249.5 0.75 0 0 1
179 249.5 0.75 0 0 1
180 249.5 0.75 0 0 1
181 249.5 0.75 0 0 1
185 243.5 0.75 0 0 1
186 243.5 0.75 0 0 1
187 243.5 0.75 0 0 1
188 243.5 0.75 0 0 1
189 243.5 0.75 0 0 1
185 245 0.75 0 0 1
186 245 0.75 0 0 1
187 245 0.75 0 0 1
188 245 0.75 0 0 1
189 245 0.75 0 0 1
185 246.5 0.75 0 0 1
186 246.5 0.75 0 0 1
187 246.5 0.75 0 0 1
188 246.5 0.75 0 0 1
189 246.5 0.75 0 0 1
185 248 0.75 0 0 1
186 248 0.75 0 0 1
187 248 0.75 0 0 1
188 248 0.75 0 0 1
189 248 0.75 0 0 1
185 249.5 0.75 0 0 1
186 249.5 0.75 0 0 1
187 249.5 0.75 0 0 1
188 249.5 0.75 0 0 1
189 249.5 0.75 0 0 1
193 243.5 0.75 0 0 1
194 243.5 0.75 0 0 1
195 243.5 0.75 0 0 1
196 243.5 0.75 0 0 1
197 243.5 0.75 0 0 1
193 245 0.75 0 0 1
194 245 0.75 0 0 1
195 245 0.75 0 0 1
196 245 0.75 0 0 1
197 245 0.75 0 0 1
193 246.5 0.75 0 0 1
194 246.5 0.75 0 0 1
195 246.5 0.75 0 0 1
196 246.5 0.75 0 0 1
197 246.5 0.75 0 0 1
193 248 0.75 0 0 1
194 248 0.75 0 0 1
195 248 0.75 0 0 1
196 248 0.75 0 0 1
197 248 0.75 0 0 1
193 249.5 0.75 0 0 1
194 249.5 0.75 0 0 1
195 249.5 0.75 0 0 1
196 249.5 0.75 0 0 1
197 249.5 0.75 0 0 1
201 243.5 0.75 0 0 1
202 243.5 0.75 0 0 1
203 243.5 0.75 0 0 1
204 243.5 0.75 0 0 1
205 243.5 0.75 0 0 1
201 245 0.75 0 0 1
202 245 0.75 0 0 1
203 245 0.75 0 0 1
204 245 0.75 0 0 1
205 245 0.75 0 0 1
201 246.5 0.75 0 0 1
202 246.5 0.75 0 0 1
203 246.5 0.75 0 0 1
204 246.5 0.75 0 0 1
205 246.5 0.75 0 0 1
201 248 0.75 0 0 1
202 248 0.75 0 0 1
203 248 0.75 0 0 1
204 248 0.75 0 0 1
205 248 0.75 0 0 1
201 249.5 0.75 0 0 1
202 249.5 0.75 0 0 1
203 249.5 0.75 0 0 1
204 249.5 0.75 0 0 1
205 249.5 0.75 0 0 1
209 243.5 0.75 0 0 1
210 243.5 0.75 0 0 1
211 243.5 0.75 0 0 1
212 243.5 0.75 0 0 1
213 243.5 0.75 0 0 1
209 245 0.75 0 0 1
210 245 0.75 0 0 1
211 245 0.75 0 0 1
212 245 0.75 0 0 1
213 245 0.75 0 0 1
209 246.5 0.75 0 0 1
210 246.5 0.75 0 0 1
211 246.5 0.75 0 0 1
212 246.5 0.75 0 0 1
213 246.5 0.75 0 0 1
209 248 0.75 0 0 1
210 248 0.75 0 0 1
211 248 0.75 0 0 1
212 248 0.75 0 0 1
213 248 0.75 0 0 1
209 249.5 0.75 0 0 1
210 249.5 0.75 0 0 1
211 249.5 0.75 0 0 1
212 249.5 0.75 0 0 1
213 249.5 0.75 0 0 1
217 243.5 0.75 0 0 1
218 243.5 0.75 0 0 1
219 243.5 0.75 0 0 1
220 243.5 0.75 0 0 1
221 243.5 0.75 0 0 1
217 245 0.75 0 0 1
218 245 0.75 0 0 1
219 245 0.75 0 0 1
220 245 0.75 0 0 1
221 245 0.75 0 0 1
217 246.5 0.75 0 0 1
218 246.5 0.75 0 0 1
219 246.5 0.75 0 0 1
220 246.5 0.75 0 0 1
221 246.5 0.75 0 0 1
217 248 0.75 0 0 1
218 248 0.75 0 0 1
219 248 0.75 0 0 1
220 248 0.75 0 0 1
221 248 0.75 0 0 1
217 249.5 0.75 0 0 1
218 249.5 0.75 0 0 1
219 249.5 0.75 0 0 1
220 249.5 0.75 0 0 1
221 249.5 0.75 0 0 1
225 243.5 0.75 0 0 1
226 243.5 0.75 0 0 1
227 243.5 0.75 0 0 1
228 243.5 0.75 0 0 1
229 243.5 0.75 0 0 1
225 245 0.75 0 0 1
226 245 0.75 0 0 1
227 245 0.75 0 0 1
228 245 0.75 0 0 1
229 245 0.75 0 0 1
225 246.5 0.75 0 0 1
226 246.5 0.75 0 0 1
227 246.5 0.75 0 0 1
228 246.5 0.75 0 0 1
229 246.5 0.75 0 0 1
225 248 0.75 0 0 1
226 248 0.75 0 0 1
227 248 0.75 0 0 1
228 248 0.75 0 0 1
229 248 0.75 0 0 1
225 249.5 0.75 0 0 1
226 249.5 0.75 0 0 1
227 249.5 0.75 0 0 1
228 249.5 0.75 0 0 1
229 249.5 0.75 0 0 1
233 243.5 0.75 0 0 1
234 243.5 0.75 0 0 1
235 243.5 0.75 0 0 1
236 243.5 0.75 0 0 1
237 243.5 0.75 0 0 1
233 245 0.75 0 0 1
234 245 0.75 0 0 1
235 245 0.75 0 0 1
236 245 0.75 0 0 1
237 245 0.75 0 0 1
233 246.5 0.75 0 0 1
234 246.5 0.75 0 0 1
235 246.5 0.75 0 0 1
236 246.5 0.75 0 0 1
237 246.5 0.75 0 0 1
233 248 0.75 0 0 1
234 248 0.75 0 0 1
235 248 0.75 0 0 1
236 248 0.75 0 0 1
237 248 0.75 0 0 1
233 249.5 0.75 0 0 1
234 249.5 0.75 0 0 1
235 249.5 0.75 0 0 1
236 249.5 0.75 0 0 1
237 249.5 0.75 0 0 1
241 243.5 0.75 0 0 1
242 243.5 0.75 0 0 1
243 243.5 0.75 0 0 1
244 243.5 0.75 0 0 1
245 243.5 0.75 0 0 1
241 245 0.75 0 0 1
242 245 0.75 0 0 1
243 245 0.75 0 0 1
244 245 0.75 0 0 1
245 245 0.75 0 0 1
241 246.5 0.75 0 0 1
242 246.5 0.75 0 0 1
243 246.5 0.75 0 0 1
244 246.5 0.75 0 0 1
245 246.5 0.75 0 0 1
241 248 0.75 0 0 1
242 248 0.75 0 0 1
243 248 0.75 0 0 1
244 248 0.75 0 0 1
245 248 0.75 0 0 1
241 249.5 0.75 0 0 1
242 249.5 0.75 0 0 1
243 249.5 0.75 0 0 1
244 249.5 0.75 0 0 1
245 249.5 0.75 0 0 1
249 243.5 0.75 0 0 1
250 243.5 0.75 0 0 1
251 243.5 0.75 0 0 1
252 243.5 0.75 0 0 1
253 243.5 0.75 0 0 1
249 245 0.75 0 0 1
250 245 0.75 0 0 1
251 245 0.75 0 0 1
252 245 0.75 0 0 1
253 245 0.75 0 0 1
249 246.5 0.75 0 0 1
250 246.5 0.75 0 0 1
251 246.5 0.75 0 0 1
252 246.5 0.75 0 0 1
253 246.5 0.75 0 0 1
249 248 0.75 0 0 1
250 248 0.75 0 0 1
251 248 0.75 0 0 1
252 248 0.75 0 0 1
253 248 0.75 0 0 1
249 249.5 0.75 0 0 1
250 249.5 0.75 0 0 1
251 249.5 0.75 0 0 1
252 249.5 0.75 0 0 1
253 249.5 0.75 0 0 1
1 254.5 0.75 0 0 1
2 254.5 0.75 0 0 1
3 254.5 0.75 0 0 1
4 254.5 0.75 0 0 1
5 254.5 0.75 0 0 1
1 256 0.75 0 0 1
2 256 0.75 0 0 1
3 256 0.75 0 0 1
4 256 0.75 0 0 1
5 256 0.75 0 0 1
1 257.5 0.75 0 0 1
2 257.5 0.75 0 0 1
3 257.5 0.75 0 0 1
4 257.5 0.75 0 0 1
5 257.5 0.75 0 0 1
1 259 0.75 0 0 1
2 259 0.75 0 0 1
3 259 0.75 0 0 1
4 259 0.75 0 0 1
5 259 0.75 0 0 1
1 260.5 0.75 0 0 1
2 260.5 0.75 0 0 1
3 260.5 0.75 0 0 1
4 260.5 0.75 0 0 1
5 260.5 0.75 0 0 1
9 254.5 0.75 0 0 1
10 254.5 0.75 0 0 1
11 254.5 0.75 0 0 1
12 254.5 0.75 0 0 1
13 254.5 0.75 0 0 1
9 256 0.75 0 0 1
10 256 0.75 0 0 1
11 256 0.75 0 0 1
12 256 0.75 0 0 1
13 256 0.75 0 0 1
9 257.5 0.75 0 0 1
10 257.5 0.75 0 0 1
11 257.5 0.75 0 0 1
12 257.5 0.75 0 0 1
13 257.5 0.75 0 0 1
9 259 0.75 0 0 1
10 259 0.75 0 0 1
11 259 0.75 0 0 1
12 259 0.75 0 0 1
13 259 0.75 0 0 1
9 260.5 0.75 0 0 1
10 260.5 0.75 0 0 1
11 260.5 0.75 0 0 1
12 260.5 0.75 0 0 1
13 260.5 0.75 0 0 1
17 254.5 0.75 0 0 1
18 254.5 0.75 0 0 1
19 254.5 0.75 0 0 1
20 254.5 0.75 0 0 1
21 254.5 0.75 0 0 1
17 256 0.75 0 0 1
18 256 0.75 0 0 1
19 256 0.75 0 0 1
20 256 0.75 0 0 1
21 256 0.75 0 0 1
17 257.5 0.75 0 0 1
18 257.5 0.75 0 0 1
19 257.5 0.75 0 0 1
20 257.5 0.75 0 0 1
21 257.5 0.75 0 0 1
17 259 0.75 0 0 1
18 259 0.75 0 0 1
19 259 0.75 0 0 1
20 259 0.75 0 0 1
21 259 0.75 0 0 1
17 260.5 0.75 0 0 1
18 260.5 0.75 0 0 1
19 260.5 0.75 0 0 1
20 260.5 0.75 0 0 1
21 260.5 0.75 0 0 1
25 254.5 0.75 0 0 1
26 254.5 0.75 0 0 1
27 254.5 0.75 0 0 1
28 254.5 0.75 0 0 1
29 254.5 0.75 0 0 1
25 256 0.75 0 0 1
26 256 0.75 0 0 1
27 256 0.75 0 0 1
28 256 0.75 0 0 1
29 256 0.75 0 0 1
25 257.5 0.75 0 0 1
26 257.5 0.75 0 0 1
27 257.5 0.75 0 0 1
28 257.5 0.75 0 0 1
29 257.5 0.75 0 0 1
25 259 0.75 0 0 1
26 259 0.75 0 0 1
27 259 0.75 0 0 1
28 259 0.75 0 0 1
29 259 0.75 0 0 1
25 260.5 0.75 0 0 1
26 260.5 0.75 0 0 1
27 260.5 0.75 0 0 1
28 260.5 0.75 0 0 1
29 260.5 0.75 0 0 1
33 254.5 0.75 0 0 1
34 254.5 0.75 0 0 1
35 254.5 0.75 0 0 1
36 254.5 0.75 0 0 1
37 254.5 0.75 0 0 1
33 256 0.75 0 0 1
34 256 0.75 0 0 1
35 256 0.75 0 0 1
36 256 0.75 0 0 1
37 256 0.75 0 0 1
33 257.5 0.75 0 0 1
34 257.5 0.75 0 0 1
35 257.5 0.75 0 0 1
36 257.5 0.75 0 0 1
37 257.5 0.75 0 0 1
33 259 0.75 0 0 1
34 259 0.75 0 0 1
35 259 0.75 0 0 1
36 259 0.75 0 0 1
37 259 0.75 0 0 1
33 260.5 0.75 0 0 1
34 260.5 0.75 0 0 1
35 260.5 0.75 0 0 1
36 260.5 0.75 0 0 1
37 260.5 0.75 0 0 1
41 254.5 0.75 0 0 1
42 254.5 0.75 0 0 1
43 254.5 0.75 0 0 1
44 254.5 0.75 0 0 1
45 254.5 0.75 0 0 1
41 256 0.75 0 0 1
42 256 0.75 0 0 1
43 256 0.75 0 0 1
44 256 0.75 0 0 1
45 256 0.75 0 0 1
41 257.5 0.75 0 0 1
42 257.5 0.75 0 0 1
43 257.5 0.75 0 0 1
44 257.5 0.75 0 0 1
45 257.5 0.75 0 0 1
41 259 0.75 0 0 1
42 259 0.75 0 0 1
43 259 0.75 0 0 1
44 259 0.75 0 0 1
45 259 0.75 0 0 1
41 260.5 0.75 0 0 1
42 260.5 0.75 0 0 1
43 260.5 0.75 0 0 1
44 260.5 0.75 0 0 1
45 260.5 0.75 0 0 1
49 254.5 0.75 0 0 1
50 254.5 0.75 0 0 1
51 254.5 0.75 0 0 1
52 254.5 0.75 0 0 1
53 254.5 0.75 0 0 1
49 256 0.75 0 0 1
50 256 0.75 0 0 1
51 256 0.75 0 0 1
52 256 0.75 0 0 1
53 256 0.75 0 0 1
49 257.5 0.75 0 0 1
50 257.5 0.75 0 0 1
51 257.5 0.75 0 0 1
52 257.5 0.75 0 0 1
53 257.5 0.75 0 0 1
49 259 0.75 0 0 1
50 259 0.75 0 0 1
51 259 0.75 0 0 1
52 259 0.75 0 0 1
53 259 0.75 0 0 1
49 260.5 0.75 0 0 1
50 260.5 0.75 0 0 1
51 260.5 0.75 0 0 1
52 260.5 0.75 0 0 1
53 260.5 0.75 0 0 1
57 254.5 0.75 0 0 1
58 254.5 0.75 0 0 1
59 254.5 0.75 0 0 1
60 254.5 0.75 0 0 1
61 254.5 0.75 0 0 1
57 256 0.75 0 0 1
58 256 0.75 0 0 1
59 256 0.75 0 0 1
60 256 0.75 0 0 1
61 256 0.75 0 0 1
57 257.5 0.75 0 0 1
58 257.5 0.75 0 0 1
59 257.5 0.75 0 0 1
60 257.5 0.75 0 0 1
61 257.5 0.75 0 0 1
57 259 0.75 0 0 1
58 259 0.75 0 0 1
59 259 0.75 0 0 1
60 259 0.75 0 0 1
61 259 0.75 0 0 1
57 260.5 0.75 0 0 1
58 260.5 0.75 0 0 1
59 260.5 0.75 0 0 1
60 260.5 0.75 0 0 1
61 260.5 0.75 0 0 1
65 254.5 0.75 0 0 1
66 254.5 0.75 0 0 1
67 254.5 0.75 0 0 1
68 254.5 0.75 0 0 1
69 254.5 0.75 0 0 1
65 256 0.75 0 0 1
66 256 0.75 0 0 1
67 256 0.75 0 0 1
68 256 0.75 0 0 1
69 256 0.75 0 0 1
65 257.5 0.75 0 0 1
66 257.5 0.75 0 0 1
67 257.5 0.75 0 0 1
68 257.5 0.75 0 0 1
69 257.5 0.75 0 0 1
65 259 0.75 0 0 1
66 259 0.75 0 0 1
67 259 0.75 0 0 1
68 259 0.75 0 0 1
69 259 0.75 0 0 1
65 260.5 0.75 0 0 1
66 260.5 0.75 0 0 1
67 260.5 0.75 0 0 1
68 260.5 0.75 0 0 1
69 260.5 0.75 0 0 1
73 254.5 0.75 0 0 1
74 254.5 0.75 0 0 1
75 254.5 0.75 0 0 1
76 254.5 0.75 0 0 1
77 254.5 0.75 0 0 1
73 256 0.75 0 0 1
74 256 0.75 0 0 1
75 256 0.75 0 0 1
76 256 0.75 0 0 1
77 256 0.75 0 0 1
73 257.5 0.75 0 0 1
74 257.5 0.75 0 0 1
75 257.5 0.75 0 0 1
76 257.5 0.75 0 0 1
77 257.5 0.75 0 0 1
73 259 0.75 0 0 1
74 259 0.75 0 0 1
75 259 0.75 0 0 1
76 259 0.75 0 0 1
77 259 0.75 0 0 1
73 260.5 0.75 0 0 1
74 260.5 0.75 0 0 1
75 260.5 0.75 0 0 1
76 260.5 0.75 0 0 1
77 260.5 0.75 0 0 1
81 254.5 0.75 0 0 1
82 254.5 0.75 0 0 1
83 254.5 0.75 0 0 1
84 254.5 0.75 0 0 1
85 254.5 0.75 0 0 1
81 256 0.75 0 0 1
82 256 0.75 0 0 1
83 256 0.75 0 0 1
84 256 0.75 0 0 1
85 256 0.75 0 0 1
81 257.5 0.75 0 0 1
82 257.5 0.75 0 0 1
83 257.5 0.75 0 0 1
84 257.5 0.75 0 0 1
85 257.5 0.75 0 0 1
81 259 0.75 0 0 1
82 259 0.75 0 0 1
83 259 0.75 0 0 1
84 259 0.75 0 0 1
85 259 0.75 0 0 1
81 260.5 0.75 0 0 1
82 260.5 0.75 0 0 1
83 260.5 0.75 0 0 1
84 260.5 0.75 0 0 1
85 260.5 0.75 0 0 1
89 254.5 0.75 0 0 1
90 254.5 0.75 0 0 1
91 254.5 0.75 0 0 1
92 254.5 0.75 0 0 1
93 254.5 0.75 0 0 1
89 256 0.75 0 0 1
90 256 0.75 0 0 1
91 256 0.75 0 0 1
92 256 0.75 0 0 1
93 256 0.75 0 0 1
89 257.5 0.75 0 0 1
90 257.5 0.75 0 0 1
91 257.5 0.75 0 0 1
92 257.5 0.75 0 0 1
93 257.5 0.75 0 0 1
89 259 0.75 0 0 1
90 259 0.75 0 0 1
91 259 0.75 0 0 1
92 259 0.75 0 0 1
93 259 0.75 0 0 1
89 260.5 0.75 0 0 1
90 260.5 0.75 0 0 1
91 260.5 0.75 0 0 1
92 260.5 0.75 0 0 1
93 260.5 0.75 0 0 1
97 254.5 0.75 0 0 1
98 254.5 0.75 0 0 1
99 254.5 0.75 0 0 1
100 254.5 0.75 0 0 1
101 254.5 0.75 0 0 1
97 256 0.75 0 0 1
98 256 0.75 0 0 1
99 256 0.75 0 0 1
100 256 0.75 0 0 1
101 256 0.75 0 0 1
97 257.5 0.75 0 0 1
98 257.5 0.75 0 0 1
99 257.5 0.75 0 0 1
100 257.5 0.75 0 0 1
101 257.5 0.75 0 0 1
97 259 0.75 0 0 1
98 259 0.75 0 0 1
99 259 0.75 0 0 1
100 259 0.75 0 0 1
101 259 0.75 0 0 1
97 260.5 0.75 0 0 1
98 260.5 0.75 0 0 1
99 260.5 0.75 0 0 1
100 260.5 0.75 0 0 1
101 260.5 0.75 0 0 1
105 254.5 0.75 0 0 1
106 254.5 0.75 0 0 1
107 254.5 0.75 0 0 1
108 254.5 0.75 0 0 1
109 254.5 0.75 0 0 1
105 256 0.75 0 0 1
106 256 0.75 0 0 1
107 256 0.75 0 0 1
108 256 0.75 0 0 1
109 256 0.75 0 0 1
105 257.5 0.75 0 0 1
106 257.5 0.75 0 0 1
107 257.5 0.75 0 0 1
108 257.5 0.75 0 0 1
109 257.5 0.75 0 0 1
105 259 0.75 0 0 1
106 259 0.75 0 0 1
107 259 0.75 0 0 1
108 259 0.75 0 0 1
109 259 0.75 0 0 1
105 260.5 0.75 0 0 1
106 260.5 0.75 0 0 1
107 260.5 0.75 0 0 1
108 260.5 0.75 0 0 1
109 260.5 0.75 0 0 1
113 254.5 0.75 0 0 1
114 254.5 0.75 0 0 1
115 254.5 0.75 0 0 1
116 254.5 0.75 0 0 1
117 254.5 0.75 0 0 1
113 256 0.75 0 0 1
114 256 0.75 0 0 1
115 256 0.75 0 0 1
116 256 0.75 0 0 1
117 256 0.75 0 0 1
113 257.5 0.75 0 0 1
114 257.5 0.75 0 0 1
115 257.5 0.75 0 0 1
116 257.5 0.75 0 0 1
117 257.5 0.75 0 0 1
113 259 0.75 0 0 1
114 259 0.75 0 0 1
115 259 0.75 0 0 1
116 259 0.75 0 0 1
117 259 0.75 0 0 1
113 260.5 0.75 0 0 1
114 260.5 0.75 0 0 1
115 260.5 0.75 0 0 1
116 260.5 0.75 0 0 1
117 260.5 0.75 0 0 1
121 254.5 0.75 0 0 1
122 254.5 0.75 0 0 1
123 254.5 0.75 0 0 1
124 254.5 0.75 0 0 1
125 254.5 0.75 0 0 1
121 256 0.75 0 0 1
122 256 0.75 0 0 1
123 256 0.75 0 0 1
124 256 0.75 0 0 1
125 256 0.75 0 0 1
121 257.5 0.75 0 0 1
122 257.5 0.75 0 0 1
123 257.5 0.75 0 0 1
124 257.5 0.75 0 0 1
125 257.5 0.75 0 0 1
121 259 0.75 0 0 1
122 259 0.75 0 0 1
123 259 0.75 0 0 1
124 259 0.75 0 0 1
125 259 0.75 0 0 1
121 260.5 0.75 0 0 1
122 260.5 0.75 0 0 1
123 260.5 0.75 0 0 1
124 260.5 0.75 0 0 1
125 260.5 0.75 0 0 1
129 254.5 0.75 0 0 1
130 254.5 0.75 0 0 1
131 254.5 0.75 0 0 1
132 254.5 0.75 0 0 1
133 254.5 0.75 0 0 1
129 256 0.75 0 0 1
130 256 0.75 0 0 1
131 256 0.75 0 0 1
132 256 0.75 0 0 1
133 256 0.75 0 0 1
129 257.5 0.75 0 0 1
130 257.5 0.75 0 0 1
131 257.5 0.75 0 0 1
132 257.5 0.75 0 0 1
133 257.5 0.75 0 0 1
129 259 0.75 0 0 1
130 259 0.75 0 0 1
131 259 0.75 0 0 1
132 259 0.75 0 0 1
133 259 0.75 0 0 1
129 260.5 0.75 0 0 1
130 260.5 0.75 0 0 1
131 260.5 0.75 0 0 1
132 260.5 0.75 0 0 1
133 260.5 0.75 0 0 1
137 254.5 0.75 0 0 1
138 254.5 0.75 0 0 1
139 254.5 0.75 0 0 1
140 254.5 0.75 0 0 1
141 254.5 0.75 0 0 1
137 256 0.75 0 0 1
138 256 0.75 0 0 1
139 256 0.75 0 0 1
140 256 0.75 0 0 1
141 256 0.75 0 0 1
137 257.5 0.75 0 0 1
138 257.5 0.75 0 0 1
139 257.5 0.75 0 0 1
140 257.5 0.75 0 0 1
141 257.5 0.75 0 0 1
137 259 0.75 0 0 1
138 259 0.75 0 0 1
139 259 0.75 0 0 1
140 259 0.75 0 0 1
141 259 0.75 0 0 1
137 260.5 0.75 0 0 1
138 260.5 0.75 0 0 1
139 260.5 0.75 0 0 1
140 260.5 0.75 0 0 1
141 260.5 0.75 0 0 1
145 254.5 0.75 0 0 1
146 254.5 0.75 0 0 1
147 254.5 0.75 0 0 1
148 254.5 0.75 0 0 1
149 254.5 0.75 0 0 1
145 256 0.75 0 0 1
146 256 0.75 0 0 1
147 256 0.75 0 0 1
148 256 0.75 0 0 1
149 256 0.75 0 0 1
145 257.5 0.75 0 0 1
146 257.5 0.75 0 0 1
147 257.5 0.75 0 0 1
148 257.5 0.75 0 0 1
149 257.5 0.75 0 0 1
145 259 0.75 0 0 1
146 259 0.75 0 0 1
147 259 0.75 0 0 1
148 259 0.75 0 0 1
149 259 0.75 0 0 1
145 260.5 0.75 0 0 1
146 260.5 0.75 0 0 1
147 260.5 0.75 0 0 1
148 260.5 0.75 0 0 1
149 260.5 0.75 0 0 1
153 254.5 0.75 0 0 1
154 254.5 0.75 0 0 1
155 254.5 0.75 0 0 1
156 254.5 0.75 0 0 1
157 254.5 0.75 0 0 1
153 256 0.75 0 0 1
154 256 0.75 0 0 1
155 256 0.75 0 0 1
156 256 0.75 0 0 1
157 256 0.75 0 0 1
153 257.5 0.75 0 0 1
154 257.5 0.75 0 0 1
155 257.5 0.75 0 0 1
156 257.5 0.75 0 0 1
157 257.5 0.75 0 0 1
153 259 0.75 0 0 1
154 259 0.75 0 0 1
155 259 0.75 0 0 1
156 259 0.75 0 0 1
157 259 0.75 0 0 1
153 260.5 0.75 0 0 1
154 260.5 0.75 0 0 1
155 260.5 0.75 0 0 1
156 260.5 0.75 0 0 1
157 260.5 0.75 0 0 1
161 254.5 0.75 0 0 1
162 254.5 0.75 0 0 1
163 254.5 0.75 0 0 1
164 254.5 0.75 0 0 1
165 254.5 0.75 0 0 1
161 256 0.75 0 0 1
162 256 0.75 0 0 1
163 256 0.75 0 0 1
164 256 0.75 0 0 1
165 256 0.75 0 0 1
161 257.5 0.75 0 0 1
162 257.5 0.75 0 0 1
163 257.5 0.75 0 0 1
164 257.5 0.75 0 0 1
165 257.5 0.75 0 0 1
161 259 0.75 0 0 1
162 259 0.75 0 0 1
163 259 0.75 0 0 1
164 259 0.75 0 0 1
165 259 0.75 0 0 1
161 260.5 0.75 0 0 1
162 260.5 0.75 0 0 1
163 260.5 0.75 0 0 1
164 260.5 0.75 0 0 1
165 260.5 0.75 0 0 1
169 254.5 0.75 0 0 1
170 254.5 0.75 0 0 1
171 254.5 0.75 0 0 1
172 254.5 0.75 0 0 1
173 254.5 0.75 0 0 1
169 256 0.75 0 0 1
170 256 0.75 0 0 1
171 256 0.75 0 0 1
172 256 0.75 0 0 1
173 256 0.75 0 0 1
169 257.5 0.75 0 0 1
170 257.5 0.75 0 0 1
171 257.5 0.75 0 0 1
172 257.5 0.75 0 0 1
173 257.5 0.75 0 0 1
169 259 0.75 0 0 1
170 259 0.75 0 0 1
171 259 0.75 0 0 1
172 259 0.75 0 0 1
173 259 0.75 0 0 1
169 260.5 0.75 0 0 1
170 260.5 0.75 0 0 1
171 260.5 0.75 0 0 1
172 260.5 0.75 0 0 1
173 260.5 0.75 0 0 1
177 254.5 0.75 0 0 1
178 254.5 0.75 0 0 1
179 254.5 0.75 0 0 1
180 254.5 0.75 0 0 1
181 254.5 0.75 0 0 1
177 256 0.75 0 0 1
178 256 0.75 0 0 1
179 256 0.75 0 0 1
180 256 0.75 0 0 1
181 256 0.75 0 0 1
177 257.5 0.75 0 0 1
178 257.5 0.75 0 0 1
179 257.5 0.75 0 0 1
180 257.5 0.75 0 0 1
181 257.5 0.75 0 0 1
177 259 0.75 0 0 1
178 259 0.75 0 0 1
179 259 0.75 0 0 1
180 259 0.75 0 0 1
181 259 0.75 0 0 1
177 260.5 0.75 0 0 1
178 260.5 0.75 0 0 1
179 260.5 0.75 0 0 1
180 260.5 0.75 0 0 1
181 260.5 0.75 0 0 1
185 254.5 0.75 0 0 1
186 254.5 0.75 0 0 1
187 254.5 0.75 0 0 1
188 254.5 0.75 0 0 1
189 254.5 0.75 0 0 1
185 256 0.75 0 0 1
186 256 0.75 0 0 1
187 256 0.75 0 0 1
188 256 0.75 0 0 1
189 256 0.75 0 0 1
185 257.5 0.75 0 0 1
186 257.5 0.75 0 0 1
187 257.5 0.75 0 0 1
188 257.5 0.75 0 0 1
189 257.5 0.75 0 0 1
185 259 0.75 0 0 1
186 259 0.75 0 0 1
187 259 0.75 0 0 1
188 259 0.75 0 0 1
189 259 0.75 0 0 1
185 260.5 0.75 0 0 1
186 260.5 0.75 0 0 1
187 260.5 0.75 0 0 1
188 260.5 0.75 0 0 1
189 260.5 0.75 0 0 1
193 254.5 0.75 0 0 1
194 254.5 0.75 0 0 1
195 254.5 0.75 0 0 1
196 254.5 0.75 0 0 1
197 254.5 0.75 0 0 1
193 256 0.75 0 0 1
194 256 0.75 0 0 1
195 256 0.75 0 0 1
196 256 0.75 0 0 1
197 256 0.75 0 0 1
193 257.5 0.75 0 0 1
194 257.5 0.75 0 0 1
195 257.5 0.75 0 0 1
196 257.5 0.75 0 0 1
197 257.5 0.75 0 0 1
193 259 0.75 0 0 1
194 259 0.75 0 0 1
195 259 0.75 0 0 1
196 259 0.75 0 0 1
197 259 0.75 0 0 1
193 260.5 0.75 0 0 1
194 260.5 0.75 0 0 1
195 260.5 0.75 0 0 1
196 260.5 0.75 0 0 1
197 260.5 0.75 0 0 1
201 254.5 0.75 0 0 1
202 254.5 0.75 0 0 1
203 254.5 0.75 0 0 1
204 254.5 0.75 0 0 1
205 254.5 0.75 0 0 1
201 256 0.75 0 0 1
202 256 0.75 0 0 1
203 256 0.75 0 0 1
204 256 0.75 0 0 1
205 256 0.75 0 0 1
201 257.5 0.75 0 0 1
202 257.5 0.75 0 0 1
203 257.5 0.75 0 0 1
204 257.5 0.75 0 0 1
205 257.5 0.75 0 0 1
201 259 0.75 0 0 1
202 259 0.75 0 0 1
203 259 0.75 0 0 1
204 259 0.75 0 0 1
205 259 0.75 0 0 1
201 260.5 0.75 0 0 1
202 260.5 0.75 0 0 1
203 260.5 0.75 0 0 1
204 260.5 0.75 0 0 1
205 260.5 0.75 0 0 1
209 254.5 0.75 0 0 1
210 254.5 0.75 0 0 1
211 254.5 0.75 0 0 1
212 254.5 0.75 0 0 1
213 254.5 0.75 0 0 1
209 256 0.75 0 0 1
210 256 0.75 0 0 1
211 256 0.75 0 0 1
212 256 0.75 0 0 1
213 256 0.75 0 0 1
209 257.5 0.75 0 0 1
210 257.5 0.75 0 0 1
211 257.5 0.75 0 0 1
212 257.5 0.75 0 0 1
213 257.5 0.75 0 0 1
209 259 0.75 0 0 1
210 259 0.75 0 0 1
211 259 0.75 0 0 1
212 259 0.75 0 0 1
213 259 0.75 0 0 1
209 260.5 0.75 0 0 1
210 260.5 0.75 0 0 1
211 260.5 0.75 0 0 1
212 260.5 0.75 0 0 1
213 260.5 0.75 0 0 1
217 254.5 0.75 0 0 1
218 254.5 0.75 0 0 1
219 254.5 0.75 0 0 1
220 254.5 0.75 0 0 1
221 254.5 0.75 0 0 1
217 256 0.75 0 0 1
218 256 0.75 0 0 1
219 256 0.75 0 0 1
220 256 0.75 0 0 1
221 256 0.75 0 0 1
217 257.5 0.75 0 0 1
218 257.5 0.75 0 0 1
219 257.5 0.75 0 0 1
220 257.5 0.75 0 0 1
221 257.5 0.75 0 0 1
217 259 0.75 0 0 1
218 259 0.75 0 0 1
219 259 0.75 0 0 1
220 259 0.75 0 0 1
221 259 0.75 0 0 1
217 260.5 0.75 0 0 1
218 260.5 0.75 0 0 1
219 260.5 0.75 0 0 1
220 260.5 0.75 0 0 1
221 260.5 0.75 0 0 1
225 254.5 0.75 0 0 1
226 254.5 0.75 0 0 1
227 254.5 0.75 0 0 1
228 254.5 0.75 0 0 1
229 254.5 0.75 0 0 1
225 256 0.75 0 0 1
226 256 0.75 0 0 1
227 256 0.75 0 0 1
228 256 0.75 0 0 1
229 256 0.75 0 0 1
225 257.5 0.75 0 0 1
226 257.5 0.75 0 0 1
227 257.5 0.75 0 0 1
228 257.5 0.75 0 0 1
229 257.5 0.75 0 0 1
225 259 0.75 0 0 1
226 259 0.75 0 0 1
227 259 0.75 0 0 1
228 259 0.75 0 0 1
229 259 0.75 0 0 1
225 260.5 0.75 0 0 1
226 260.5 0.75 0 0 1
227 260.5 0.75 0 0 1
228 260.5 0.75 0 0 1
229 260.5 0.75 0 0 1
233 254.5 0.75 0 0 1
234 254.5 0.75 0 0 1
235 254.5 0.75 0 0 1
236 254.5 0.75 0 0 1
237 254.5 0.75 0 0 1
233 256 0.75 0 0 1
234 256 0.75 0 0 1
235 256 0.75 0 0 1
236 256 0.75 0 0 1
237 256 0.75 0 0 1
233 257.5 0.75 0 0 1
234 257.5 0.75 0 0 1
235 257.5 0.75 0 0 1
236 257.5 0.75 0 0 1
237 257.5 0.75 0 0 1
233 259 0.75 0 0 1
234 259 0.75 0 0 1
235 259 0.75 0 0 1
236 259 0.75 0 0 1
237 259 0.75 0 0 1
233 260.5 0.75 0 0 1
234 260.5 0.75 0 0 1
235 260.5 0.75 0 0 1
236 260.5 0.75 0 0 1
237 260.5 0.75 0 0 1
241 254.5 0.75 0 0 1
242 254.5 0.75 0 0 1
243 254.5 0.75 0 0 1
244 254.5 0.75 0 0 1
245 254.5 0.75 0 0 1
241 256 0.75 0 0 1
242 256 0.75 0 0 1
243 256 0.75 0 0 1
244 256 0.75 0 0 1
245 256 0.75 0 0 1
241 257.5 0.75 0 0 1
242 257.5 0.75 0 0 1
243 257.5 0.75 0 0 1
244 257.5 0.75 0 0 1
245 257.5 0.75 0 0 1
241 259 0.75 0 0 1
242 259 0.75 0 0 1
243 259 0.75 0 0 1
244 259 0.75 0 0 1
245 259 0.75 0 0 1
241 260.5 0.75 0 0 1
242 260.5 0.75 0 0 1
243 260.5 0.75 0 0 1
244 260.5 0.75 0 0 1
245 260.5 0.75 0 0 1
249 254.5 0.75 0 0 1
250 254.5 0.75 0 0 1
251 254.5 0.75 0 0 1
252 254.5 0.75 0 0 1
253 254.5 0.75 0 0 1
249 256 0.75 0 0 1
250 256 0.75 0 0 1
251 256 0.75 0 0 1
252 256 0.75 0 0 1
253 256 0.75 0 0 1
249 257.5 0.75 0 0 1
250 257.5 0.75 0 0 1
251 257.5 0.75 0 0 1
252 257.5 0.75 0 0 1
253 257.5 0.75 0 0 1
249 259 0.75 0 0 1
250 259 0.75 0 0 1
251 259 0.75 0 0 1
252 259 0.75 0 0 1
253 259 0.75 0 0 1
249 260.5 0.75 0 0 1
250 260.5 0.75 0 0 1
251 260.5 0.75 0 0 1
252 260.5 0.75 0 0 1
253 260.5 0.75 0 0 1
1 265.5 0.75 0 0 1
2 265.5 0.75 0 0 1
3 265.5 0.75 0 0 1
4 265.5 0.75 0 0 1
5 265.5 0.75 0 0 1
1 267 0.75 0 0 1
2 267 0.75 0 0 1
3 267 0.75 0 0 1
4 267 0.75 0 0 1
5 267 0.75 0 0 1
1 268.5 0.75 0 0 1
2 268.5 0.75 0 0 1
3 268.5 0.75 0 0 1
4 268.5 0.75 0 0 1
5 268.5 0.75 0 0 1
1 270 0.75 0 0 1
2 270 0.75 0 0 1
3 270 0.75 0 0 1
4 270 0.75 0 0 1
5 270 0.75 0 0 1
1 271.5 0.75 0 0 1
2 271.5 0.75 0 0 1
3 271.5 0.75 0 0 1
4 271.5 0.75 0 0 1
5 271.5 0.75 0 0 1
9 265.5 0.75 0 0 1
10 265.5 0.75 0 0 1
11 265.5 0.75 0 0 1
12 265.5 0.75 0 0 1
13 265.5 0.75 0 0 1
9 267 0.75 0 0 1
10 267 0.75 0 0 1
11 267 0.75 0 0 1
12 267 0.75 0 0 1
13 267 0.75 0 0 1
9 268.5 0.75 0 0 1
10 268.5 0.75 0 0 1
11 268.5 0.75 0 0 1
12 268.5 0.75 0 0 1
13 268.5 0.75 0 0 1
9 270 0.75 0 0 1
10 270 0.75 0 0 1
11 270 0.75 0 0 1
12 270 0.75 0 0 1
13 270 0.75 0 0 1
9 271.5 0.75 0 0 1
10 271.5 0.75 0 0 1
11 271.5 0.75 0 0 1
12 271.5 0.75 0 0 1
13 271.5 0.75 0 0 1
17 265.5 0.75 0 0 1
18 265.5 0.75 0 0 1
19 265.5 0.75 0 0 1
20 265.5 0.75 0 0 1
21 265.5 0.75 0 0 1
17 267 0.75 0 0 1
18 267 0.75 0 0 1
19 267 0.75 0 0 1
20 267 0.75 0 0 1
21 267 0.75 0 0 1
17 268.5 0.75 0 0 1
18 268.5 0.75 0 0 1
19 268.5 0.75 0 0 1
20 268.5 0.75 0 0 1
21 268.5 0.75 0 0 1
17 270 0.75 0 0 1
18 270 0.75 0 0 1
19 270 0.75 0 0 1
20 270 0.75 0 0 1
21 270 0.75 0 0 1
17 271.5 0.75 0 0 1
18 271.5 0.75 0 0 1
19 271.5 0.75 0 0 1
20 271.5 0.75 0 0 1
21 271.5 0.75 0 0 1
25 265.5 0.75 0 0 1
26 265.5 0.75 0 0 1
27 265.5 0.75 0 0 1
28 265.5 0.75 0 0 1
29 265.5 0.75 0 0 1
25 267 0.75 0 0 1
26 267 0.75 0 0 1
27 267 0.75 0 0 1
28 267 0.75 0 0 1
29 267 0.75 0 0 1
25 268.5 0.75 0 0 1
26 268.5 0.75 0 0 1
27 268.5 0.75 0 0 1
28 268.5 0.75 0 0 1
29 268.5 0.75 0 0 1
25 270 0.75 0 0 1
26 270 0.75 0 0 1
27 270 0.75 0 0 1
28 270 0.75 0 0 1
29 270 0.75 0 0 1
25 271.5 0.75 0 0 1
26 271.5 0.75 0 0 1
27 271.5 0.75 0 0 1
28 271.5 0.75 0 0 1
29 271.5 0.75 0 0 1
33 265.5 0.75 0 0 1
34 265.5 0.75 0 0 1
35 265.5 0.75 0 0 1
36 265.5 0.75 0 0 1
37 265.5 0.75 0 0 1
33 267 0.75 0 0 1
34 267 0.75 0 0 1
35 267 0.75 0 0 1
36 267 0.75 0 0 1
37 267 0.75 0 0 1
33 268.5 0.75 0 0 1
34 268.5 0.75 0 0 1
35 268.5 0.75 0 0 1
36 268.5 0.75 0 0 1
37 268.5 0.75 0 0 1
33 270 0.75 0 0 1
34 270 0.75 0 0 1
35 270 0.75 0 0 1
36 270 0.75 0 0 1
37 270 0.75 0 0 1
33 271.5 0.75 0 0 1
34 271.5 0.75 0 0 1
35 271.5 0.75 0 0 1
36 271.5 0.75 0 0 1
37 271.5 0.75 0 0 1
41 265.5 0.75 0 0 1
42 265.5 0.75 0 0 1
43 265.5 0.75 0 0 1
44 265.5 0.75 0 0 1
45 265.5 0.75 0 0 1
41 267 0.75 0 0 1
42 267 0.75 0 0 1
43 267 0.75 0 0 1
44 267 0.75 0 0 1
45 267 0.75 0 0 1
41 268.5 0.75 0 0 1
42 268.5 0.75 0 0 1
43 268.5 0.75 0 0 1
44 268.5 0.75 0 0 1
45 268.5 0.75 0 0 1
41 270 0.75 0 0 1
42 270 0.75 0 0 1
43 270 0.75 0 0 1
44 270 0.75 0 0 1
45 270 0.75 0 0 1
41 271.5 0.75 0 0 1
42 271.5 0.75 0 0 1
43 271.5 0.75 0 0 1
44 271.5 0.75 0 0 1
45 271.5 0.75 0 0 1
49 265.5 0.75 0 0 1
50 265.5 0.75 0 0 1
51 265.5 0.75 0 0 1
52 265.5 0.75 0 0 1
53 265.5 0.75 0 0 1
49 267 0.75 0 0 1
50 267 0.75 0 0 1
51 267 0.75 0 0 1
52 267 0.75 0 0 1
53 267 0.75 0 0 1
49 268.5 0.75 0 0 1
50 268.5 0.75 0 0 1
51 268.5 0.75 0 0 1
52 268.5 0.75 0 0 1
53 268.5 0.75 0 0 1
49 270 0.75 0 0 1
50 270 0.75 0 0 1
51 270 0.75 0 0 1
52 270 0.75 0 0 1
53 270 0.75 0 0 1
49 271.5 0.75 0 0 1
50 271.5 0.75 0 0 1
51 271.5 0.75 0 0 1
52 271.5 0.75 0 0 1
53 271.5 0.75 0 0 1
57 265.5 0.75 0 0 1
58 265.5 0.75 0 0 1
59 265.5 0.75 0 0 1
60 265.5 0.75 0 0 1
61 265.5 0.75 0 0 1
57 267 0.75 0 0 1
58 267 0.75 0 0 1
59 267 0.75 0 0 1
60 267 0.75 0 0 1
61 267 0.75 0 0 1
57 268.5 0.75 0 0 1
58 268.5 0.75 0 0 1
59 268.5 0.75 0 0 1
60 268.5 0.75 0 0 1
61 268.5 0.75 0 0 1
57 270 0.75 0 0 1
58 270 0.75 0 0 1
59 270 0.75 0 0 1
60 270 0.75 0 0 1
61 270 0.75 0 0 1
57 271.5 0.75 0 0 1
58 271.5 0.75 0 0 1
59 271.5 0.75 0 0 1
60 271.5 0.75 0 0 1
61 271.5 0.75 0 0 1
65 265.5 0.75 0 0 1
66 265.5 0.75 0 0 1
67 265.5 0.75 0 0 1
68 265.5 0.75 0 0 1
69 265.5 0.75 0 0 1
65 267 0.75 0 0 1
66 267 0.75 0 0 1
67 267 0.75 0 0 1
68 267 0.75 0 0 1
69 267 0.75 0 0 1
65 268.5 0.75 0 0 1
66 268.5 0.75 0 0 1
67 268.5 0.75 0 0 1
68 268.5 0.75 0 0 1
69 268.5 0.75 0 0 1
65 270 0.75 0 0 1
66 270 0.75 0 0 1
67 270 0.75 0 0 1
68 270 0.75 0 0 1
69 270 0.75 0 0 1
65 271.5 0.75 0 0 1
66 271.5 0.75 0 0 1
67 271.5 0.75 0 0 1
68 271.5 0.75 0 0 1
69 271.5 0.75 0 0 1
73 265.5 0.75 0 0 1
74 265.5 0.75 0 0 1
75 265.5 0.75 0 0 1
76 265.5 0.75 0 0 1
77 265.5 0.75 0 0 1
73 267 0.75 0 0 1
74 267 0.75 0 0 1
75 267 0.75 0 0 1
76 267 0.75 0 0 1
77 267 0.75 0 0 1
73 268.5 0.75 0 0 1
74 268.5 0.75 0 0 1
75 268.5 0.75 0 0 1
76 268.5 0.75 0 0 1
77 268.5 0.75 0 0 1
73 270 0.75 0 0 1
74 270 0.75 0 0 1
75 270 0.75 0 0 1
76 270 0.75 0 0 1
77 270 0.75 0 0 1
73 271.5 0.75 0 0 1
74 271.5 0.75 0 0 1
75 271.5 0.75 0 0 1
76 271.5 0.75 0 0 1
77 271.5 0.75 0 0 1
81 265.5 0.75 0 0 1
82 265.5 0.75 0 0 1
83 265.5 0.75 0 0 1
84 265.5 0.75 0 0 1
85 265.5 0.75 0 0 1
81 267 0.75 0 0 1
82 267 0.75 0 0 1
83 267 0.75 0 0 1
84 267 0.75 0 0 1
85 267 0.75 0 0 1
81 268.5 0.75 0 0 1
82 268.5 0.75 0 0 1
83 268.5 0.75 0 0 1
84 268.5 0.75 0 0 1
85 268.5 0.75 0 0 1
81 270 0.75 0 0 1
82 270 0.75 0 0 1
83 270 0.75 0 0 1
84 270 0.75 0 0 1
85 270 0.75 0 0 1
81 271.5 0.75 0 0 1
82 271.5 0.75 0 0 1
83 271.5 0.75 0 0 1
84 271.5 0.75 0 0 1
85 271.5 0.75 0 0 1
89 265.5 0.75 0 0 1
90 265.5 0.75 0 0 1
91 265.5 0.75 0 0 1
92 265.5 0.75 0 0 1
93 265.5 0.75 0 0 1
89 267 0.75 0 0 1
90 267 0.75 0 0 1
91 267 0.75 0 0 1
92 267 0.75 0 0 1
93 267 0.75 0 0 1
89 268.5 0.75 0 0 1
90 268.5 0.75 0 0 1
91 268.5 0.75 0 0 1
92 268.5 0.75 0 0 1
93 268.5 0.75 0 0 1
89 270 0.75 0 0 1
90 270 0.75 0 0 1
91 270 0.75 0 0 1
92 270 0.75 0 0 1
93 270 0.75 0 0 1
89 271.5 0.75 0 0 1
90 271.5 0.75 0 0 1
91 271.5 0.75 0 0 1
92 271.5 0.75 0 0 1
93 271.5 0.75 0 0 1
97 265.5 0.75 0 0 1
98 265.5 0.75 0 0 1
99 265.5 0.75 0 0 1
100 265.5 0.75 0 0 1
101 265.5 0.75 0 0 1
97 267 0.75 0 0 1
98 267 0.75 0 0 1
99 267 0.75 0 0 1
100 267 0.75 0 0 1
101 267 0.75 0 0 1
97 268.5 0.75 0 0 1
98 268.5 0.75 0 0 1
99 268.5 0.75 0 0 1
100 268.5 0.75 0 0 1
101 268.5 0.75 0 0 1
97 270 0.75 0 0 1
98 270 0.75 0 0 1
99 270 0.75 0 0 1
100 270 0.75 0 0 1
101 270 0.75 0 0 1
97 271.5 0.75 0 0 1
98 271.5 0.75 0 0 1
99 271.5 0.75 0 0 1
100 271.5 0.75 0 0 1
101 271.5 0.75 0 0 1
105 265.5 0.75 0 0 1
106 265.5 0.75 0 0 1
107 265.5 0.75 0 0 1
108 265.5 0.75 0 0 1
109 265.5 0.75 0 0 1
105 267 0.75 0 0 1
106 267 0.75 0 0 1
107 267 0.75 0 0 1
108 267 0.75 0 0 1
109 267 0.75 0 0 1
105 268.5 0.75 0 0 1
106 268.5 0.75 0 0 1
107 268.5 0.75 0 0 1
108 268.5 0.75 0 0 1
109 268.5 0.75 0 0 1
105 270 0.75 0 0 1
106 270 0.75 0 0 1
107 270 0.75 0 0 1
108 270 0.75 0 0 1
109 270 0.75 0 0 1
105 271.5 0.75 0 0 1
106 271.5 0.75 0 0 1
107 271.5 0.75 0 0 1
108 271.5 0.75 0 0 1
109 271.5 0.75 0 0 1
113 265.5 0.75 0 0 1
114 265.5 0.75 0 0 1
115 265.5 0.75 0 0 1
116 265.5 0.75 0 0 1
117 265.5 0.75 0 0 1
113 267 0.75 0 0 1
114 267 0.75 0 0 1
115 267 0.75 0 0 1
116 267 0.75 0 0 1
117 267 0.75 0 0 1
113 268.5 0.75 0 0 1
114 268.5 0.75 0 0 1
115 268.5 0.75 0 0 1
116 268.5 0.75 0 0 1
117 268.5 0.75 0 0 1
113 270 0.75 0 0 1
114 270 0.75 0 0 1
115 270 0.75 0 0 1
116 270 0.75 0 0 1
117 270 0.75 0 0 1
113 271.5 0.75 0 0 1
114 271.5 0.75 0 0 1
115 271.5 0.75 0 0 1
116 271.5 0.75 0 0 1
117 271.5 0.75 0 0 1
121 265.5 0.75 0 0 1
122 265.5 0.75 0 0 1
123 265.5 0.75 0 0 1
124 265.5 0.75 0 0 1
125 265.5 0.75 0 0 1
121 267 0.75 0 0 1
122 267 0.75 0 0 1
123 267 0.75 0 0 1
124 267 0.75 0 0 1
125 267 0.75 0 0 1
121 268.5 0.75 0 0 1
122 268.5 0.75 0 0 1
123 268.5 0.75 0 0 1
124 268.5 0.75 0 0 1
125 268.5 0.75 0 0 1
121 270 0.75 0 0 1
122 270 0.75 0 0 1
123 270 0.75 0 0 1
124 270 0.75 0 0 1
125 270 0.75 0 0 1
121 271.5 0.75 0 0 1
122 271.5 0.75 0 0 1
123 271.5 0.75 0 0 1
124 271.5 0.75 0 0 1
125 271.5 0.75 0 0 1
129 265.5 0.75 0 0 1
130 265.5 0.75 0 0 1
131 265.5 0.75 0 0 1
132 265.5 0.75 0 0 1
133 265.5 0.75 0 0 1
129 267 0.75 0 0 1
130 267 0.75 0 0 1
131 267 0.75 0 0 1
132 267 0.75 0 0 1
133 267 0.75 0 0 1
129 268.5 0.75 0 0 1
130 268.5 0.75 0 0 1
131 268.5 0.75 0 0 1
132 268.5 0.75 0 0 1
133 268.5 0.75 0 0 1
129 270 0.75 0 0 1
130 270 0.75 0 0 1
131 270 0.75 0 0 1
132 270 0.75 0 0 1
133 270 0.75 0 0 1
129 271.5 0.75 0 0 1
130 271.5 0.75 0 0 1
131 271.5 0.75 0 0 1
132 271.5 0.75 0 0 1
133 271.5 0.75 0 0 1
137 265.5 0.75 0 0 1
138 265.5 0.75 0 0 1
139 265.5 0.75 0 0 1
140 265.5 0.75 0 0 1
141 265.5 0.75 0 0 1
137 267 0.75 0 0 1
138 267 0.75 0 0 1
139 267 0.75 0 0 1
140 267 0.75 0 0 1
141 267 0.75 0 0 1
137 268.5 0.75 0 0 1
138 268.5 0.75 0 0 1
139 268.5 0.75 0 0 1
140 268.5 0.75 0 0 1
141 268.5 0.75 0 0 1
137 270 0.75 0 0 1
138 270 0.75 0 0 1
139 270 0.75 0 0 1
140 270 0.75 0 0 1
141 270 0.75 0 0 1
137 271.5 0.75 0 0 1
138 271.5 0.75 0 0 1
139 271.5 0.75 0 0 1
140 271.5 0.75 0 0 1
141 271.5 0.75 0 0 1
145 265.5 0.75 0 0 1
146 265.5 0.75 0 0 1
147 265.5 0.75 0 0 1
148 265.5 0.75 0 0 1
149 265.5 0.75 0 0 1
145 267 0.75 0 0 1
146 267 0.75 0 0 1
147 267 0.75 0 0 1
148 267 0.75 0 0 1
149 267 0.75 0 0 1
145 268.5 0.75 0 0 1
146 268.5 0.75 0 0 1
147 268.5 0.75 0 0 1
148 268.5 0.75 0 0 1
149 268.5 0.75 0 0 1
145 270 0.75 0 0 1
146 270 0.75 0 0 1
147 270 0.75 0 0 1
148 270 0.75 0 0 1
149 270 0.75 0 0 1
145 271.5 0.75 0 0 1
146 271.5 0.75 0 0 1
147 271.5 0.75 0 0 1
148 271.5 0.75 0 0 1
149 271.5 0.75 0 0 1
153 265.5 0.75 0 0 1
154 265.5 0.75 0 0 1
155 265.5 0.75 0 0 1
156 265.5 0.75 0 0 1
157 265.5 0.75 0 0 1
153 267 0.75 0 0 1
154 267 0.75 0 0 1
155 267 0.75 0 0 1
156 267 0.75 0 0 1
157 267 0.75 0 0 1
153 268.5 0.75 0 0 1
154 268.5 0.75 0 0 1
155 268.5 0.75 0 0 1
156 268.5 0.75 0 0 1
157 268.5 0.75 0 0 1
153 270 0.75 0 0 1
154 270 0.75 0 0 1
155 270 0.75 0 0 1
156 270 0.75 0 0 1
157 270 0.75 0 0 1
153 271.5 0.75 0 0 1
154 271.5 0.75 0 0 1
155 271.5 0.75 0 0 1
156 271.5 0.75 0 0 1
157 271.5 0.75 0 0 1
161 265.5 0.75 0 0 1
162 265.5 0.75 0 0 1
163 265.5 0.75 0 0 1
164 265.5 0.75 0 0 1
165 265.5 0.75 0 0 1
161 267 0.75 0 0 1
162 267 0.75 0 0 1
163 267 0.75 0 0 1
164 267 0.75 0 0 1
165 267 0.75 0 0 1
161 268.5 0.75 0 0 1
162 268.5 0.75 0 0 1
163 268.5 0.75 0 0 1
164 268.5 0.75 0 0 1
165 268.5 0.75 0 0 1
161 270 0.75 0 0 1
162 270 0.75 0 0 1
163 270 0.75 0 0 1
164 270 0.75 0 0 1
165 270 0.75 0 0 1
161 271.5 0.75 0 0 1
162 271.5 0.75 0 0 1
163 271.5 0.75 0 0 1
164 271.5 0.75 0 0 1
165 271.5 0.75 0 0 1
169 265.5 0.75 0 0 1
170 265.5 0.75 0 0 1
171 265.5 0.75 0 0 1
172 265.5 0.75 0 0 1
173 265.5 0.75 0 0 1
169 267 0.75 0 0 1
170 267 0.75 0 0 1
171 267 0.75 0 0 1
172 267 0.75 0 0 1
173 267 0.75 0 0 1
169 268.5 0.75 0 0 1
170 268.5 0.75 0 0 1
171 268.5 0.75 0 0 1
172 268.5 0.75 0 0 1
173 268.5 0.75 0 0 1
169 270 0.75 0 0 1
170 270 0.75 0 0 1
171 270 0.75 0 0 1
172 270 0.75 0 0 1
173 270 0.75 0 0 1
169 271.5 0.75 0 0 1
170 271.5 0.75 0 0 1
171 271.5 0.75 0 0 1
172 271.5 0.75 0 0 1
173 271.5 0.75 0 0 1
177 265.5 0.75 0 0 1
178 265.5 0.75 0 0 1
179 265.5 0.75 0 0 1
180 265.5 0.75 0 0 1
181 265.5 0.75 0 0 1
177 267 0.75 0 0 1
178 267 0.75 0 0 1
179 267 0.75 0 0 1
180 267 0.75 0 0 1
181 267 0.75 0 0 1
177 268.5 0.75 0 0 1
178 268.5 0.75 0 0 1
179 268.5 0.75 0 0 1
180 268.5 0.75 0 0 1
181 268.5 0.75 0 0 1
177 270 0.75 0 0 1
178 270 0.75 0 0 1
179 270 0.75 0 0 1
180 270 0.75 0 0 1
181 270 0.75 0 0 1
177 271.5 0.75 0 0 1
178 271.5 0.75 0 0 1
179 271.5 0.75 0 0 1
180 271.5 0.75 0 0 1
181 271.5 0.75 0 0 1
185 265.5 0.75 0 0 1
186 265.5 0.75 0 0 1
187 265.5 0.75 0 0 1
188 265.5 0.75 0 0 1
189 265.5 0.75 0 0 1
185 267 0.75 0 0 1
186 267 0.75 0 0 1
187 267 0.75 0 0 1
188 267 0.75 0 0 1
189 267 0.75 0 0 1
185 268.5 0.75 0 0 1
186 268.5 0.75 0 0 1
187 268.5 0.75 0 0 1
188 268.5 0.75 0 0 1
189 268.5 0.75 0 0 1
185 270 0.75 0 0 1
186 270 0.75 0 0 1
187 270 0.75 0 0 1
188 270 0.75 0 0 1
189 270 0.75 0 0 1
185 271.5 0.75 0 0 1
186 271.5 0.75 0 0 1
187 271.5 0.75 0 0 1
188 271.5 0.75 0 0 1
189 271.5 0.75 0 0 1
193 265.5 0.75 0 0 1
194 265.5 0.75 0 0 1
195 265.5 0.75 0 0 1
196 265.5 0.75 0 0 1
197 265.5 0.75 0 0 1
193 267 0.75 0 0 1
194 267 0.75 0 0 1
195 267 0.75 0 0 1
196 267 0.75 0 0 1
197 267 0.75 0 0 1
193 268.5 0.75 0 0 1
194 268.5 0.75 0 0 1
195 268.5 0.75 0 0 1
196 268.5 0.75 0 0 1
197 268.5 0.75 0 0 1
193 270 0.75 0 0 1
194 270 0.75 0 0 1
195 270 0.75 0 0 1
196 270 0.75 0 0 1
197 270 0.75 0 0 1
193 271.5 0.75 0 0 1
194 271.5 0.75 0 0 1
195 271.5 0.75 0 0 1
196 271.5 0.75 0 0 1
197 271.5 0.75 0 0 1
201 265.5 0.75 0 0 1
202 265.5 0.75 0 0 1
203 265.5 0.75 0 0 1
204 265.5 0.75 0 0 1
205 265.5 0.75 0 0 1
201 267 0.75 0 0 1
202 267 0.75 0 0 1
203 267 0.75 0 0 1
204 267 0.75 0 0 1
205 267 0.75 0 0 1
201 268.5 0.75 0 0 1
202 268.5 0.75 0 0 1
203 268.5 0.75 0 0 1
204 268.5 0.75 0 0 1
205 268.5 0.75 0 0 1
201 270 0.75 0 0 1
202 270 0.75 0 0 1
203 270 0.75 0 0 1
204 270 0.75 0 0 1
205 270 0.75 0 0 1
201 271.5 0.75 0 0 1
202 271.5 0.75 0 0 1
203 271.5 0.75 0 0 1
204 271.5 0.75 0 0 1
205 271.5 0.75 0 0 1
209 265.5 0.75 0 0 1
210 265.5 0.75 0 0 1
211 265.5 0.75 0 0 1
212 265.5 0.75 0 0 1
213 265.5 0.75 0 0 1
209 267 0.75 0 0 1
210 267 0.75 0 0 1
211 267 0.75 0 0 1
212 267 0.75 0 0 1
213 267 0.75 0 0 1
209 268.5 0.75 0 0 1
210 268.5 0.75 0 0 1
211 268.5 0.75 0 0 1
212 268.5 0.75 0 0 1
213 268.5 0.75 0 0 1
209 270 0.75 0 0 1
210 270 0.75 0 0 1
211 270 0.75 0 0 1
212 270 0.75 0 0 1
213 270 0.75 0 0 1
209 271.5 0.75 0 0 1
210 271.5 0.75 0 0 1
211 271.5 0.75 0 0 1
212 271.5 0.75 0 0 1
213 271.5 0.75 0 0 1
217 265.5 0.75 0 0 1
218 265.5 0.75 0 0 1
219 265.5 0.75 0 0 1
220 265.5 0.75 0 0 1
221 265.5 0.75 0 0 1
217 267 0.75 0 0 1
218 267 0.75 0 0 1
219 267 0.75 0 0 1
220 267 0.75 0 0 1
221 267 0.75 0 0 1
217 268.5 0.75 0 0 1
218 268.5 0.75 0 0 1
219 268.5 0.75 0 0 1
220 268.5 0.75 0 0 1
221 268.5 0.75 0 0 1
217 270 0.75 0 0 1
218 270 0.75 0 0 1
219 270 0.75 0 0 1
220 270 0.75 0 0 1
221 270 0.75 0 0 1
217 271.5 0.75 0 0 1
218 271.5 0.75 0 0 1
219 271.5 0.75 0 0 1
220 271.5 0.75 0 0 1
221 271.5 0.75 0 0 1
225 265.5 0.75 0 0 1
226 265.5 0.75 0 0 1
227 265.5 0.75 0 0 1
228 265.5 0.75 0 0 1
229 265.5 0.75 0 0 1
225 267 0.75 0 0 1
226 267 0.75 0 0 1
227 267 0.75 0 0 1
228 267 0.75 0 0 1
229 267 0.75 0 0 1
225 268.5 0.75 0 0 1
226 268.5 0.75 0 0 1
227 268.5 0.75 0 0 1
228 268.5 0.75 0 0 1
229 268.5 0.75 0 0 1
225 270 0.75 0 0 1
226 270 0.75 0 0 1
227 270 0.75 0 0 1
228 270 0.75 0 0 1
229 270 0.75 0 0 1
225 271.5 0.75 0 0 1
226 271.5 0.75 0 0 1
227 271.5 0.75 0 0 1
228 271.5 0.75 0 0 1
229 271.5 0.75 0 0 1
233 265.5 0.75 0 0 1
234 265.5 0.75 0 0 1
235 265.5 0.75 0 0 1
236 265.5 0.75 0 0 1
237 265.5 0.75 0 0 1
233 267 0.75 0 0 1
234 267 0.75 0 0 1
235 267 0.75 0 0 1
236 267 0.75 0 0 1
237 267 0.75 0 0 1
233 268.5 0.75 0 0 1
234 268.5 0.75 0 0 1
235 268.5 0.75 0 0 1
236 268.5 0.75 0 0 1
237 268.5 0.75 0 0 1
233 270 0.75 0 0 1
234 270 0.75 0 0 1
235 270 0.75 0 0 1
236 270 0.75 0 0 1
237 270 0.75 0 0 1
233 271.5 0.75 0 0 1
234 271.5 0.75 0 0 1
235 271.5 0.75 0 0 1
236 271.5 0.75 0 0 1
237 271.5 0.75 0 0 1
241 265.5 0.75 0 0 1
242 265.5 0.75 0 0 1
243 265.5 0.75 0 0 1
244 265.5 0.75 0 0 1
245 265.5 0.75 0 0 1
241 267 0.75 0 0 1
242 267 0.75 0 0 1
243 267 0.75 0 0 1
244 267 0.75 0 0 1
245 267 0.75 0 0 1
241 268.5 0.75 0 0 1
242 268.5 0.75 0 0 1
243 268.5 0.75 0 0 1
244 268.5 0.75 0 0 1
245 268.5 0.75 0 0 1
241 270 0.75 0 0 1
242 270 0.75 0 0 1
243 270 0.75 0 0 1
244 270 0.75 0 0 1
245 270 0.75 0 0 1
241 271.5 0.75 0 0 1
242 271.5 0.75 0 0 1
243 271.5 0.75 0 0 1
244 271.5 0.75 0 0 1
245 271.5 0.75 0 0 1
249 265.5 0.75 0 0 1
250 265.5 0.75 0 0 1
251 265.5 0.75 0 0 1
252 265.5 0.75 0 0 1
253 265.5 0.75 0 0 1
249 267 0.75 0 0 1
250 267 0.75 0 0 1
251 267 0.75 0 0 1
252 267 0.75 0 0 1
253 267 0.75 0 0 1
249 268.5 0.75 0 0 1
250 268.5 0.75 0 0 1
251 268.5 0.75 0 0 1
252 268.5 0.75 0 0 1
253 268.5 0.75 0 0 1
249 270 0.75 0 0 1
250 270 0.75 0 0 1
251 270 0.75 0 0 1
252 270 0.75 0 0 1
253 270 0.75 0 0 1
249 271.5 0.75 0 0 1
250 271.5 0.75 0 0 1
251 271.5 0.75 0 0 1
252 271.5 0.75 0 0 1
253 271.5 0.75 0 0 1
1 276.5 0.75 0 0 1
2 276.5 0.75 0 0 1
3 276.5 0.75 0 0 1
4 276.5 0.75 0 0 1
5 276.5 0.75 0 0 1
1 278 0.75 0 0 1
2 278 0.75 0 0 1
3 278 0.75 0 0 1
4 278 0.75 0 0 1
5 278 0.75 0 0 1
1 279.5 0.75 0 0 1
2 279.5 0.75 0 0 1
3 279.5 0.75 0 0 1
4 279.5 0.75 0 0 1
5 279.5 0.75 0 0 1
1 281 0.75 0 0 1
2 281 0.75 0 0 1
3 281 0.75 0 0 1
4 281 0.75 0 0 1
5 281 0.75 0 0 1
1 282.5 0.75 0 0 1
2 282.5 0.75 0 0 1
3 282.5 0.75 0 0 1
4 282.5 0.75 0 0 1
5 282.5 0.75 0 0 1
9 276.5 0.75 0 0 1
10 276.5 0.75 0 0 1
11 276.5 0.75 0 0 1
12 276.5 0.75 0 0 1
13 276.5 0.75 0 0 1
9 278 0.75 0 0 1
10 278 0.75 0 0 1
11 278 0.75 0 0 1
12 278 0.75 0 0 1
13 278 0.75 0 0 1
9 279.5 0.75 0 0 1
10 279.5 0.75 0 0 1
11 279.5 0.75 0 0 1
12 279.5 0.75 0 0 1
13 279.5 0.75 0 0 1
9 281 0.75 0 0 1
10 281 0.75 0 0 1
11 281 0.75 0 0 1
12 281 0.75 0 0 1
13 281 0.75 0 0 1
9 282.5 0.75 0 0 1
10 282.5 0.75 0 0 1
11 282.5 0.75 0 0 1
12 282.5 0.75 0 0 1
13 282.5 0.75 0 0 1
17 276.5 0.75 0 0 1
18 276.5 0.75 0 0 1
19 276.5 0.75 0 0 1
20 276.5 0.75 0 0 1
21 276.5 0.75 0 0 1
17 278 0.75 0 0 1
18 278 0.75 0 0 1
19 278 0.75 0 0 1
20 278 0.75 0 0 1
21 278 0.75 0 0 1
17 279.5 0.75 0 0 1
18 279.5 0.75 0 0 1
19 279.5 0.75 0 0 1
20 279.5 0.75 0 0 1
21 279.5 0.75 0 0 1
17 281 0.75 0 0 1
18 281 0.75 0 0 1
19 281 0.75 0 0 1
20 281 0.75 0 0 1
21 281 0.75 0 0 1
17 282.5 0.75 0 0 1
18 282.5 0.75 0 0 1
19 282.5 0.75 0 0 1
20 282.5 0.75 0 0 1
21 282.5 0.75 0 0 1
25 276.5 0.75 0 0 1
26 276.5 0.75 0 0 1
27 276.5 0.75 0 0 1
28 276.5 0.75 0 0 1
29 276.5 0.75 0 0 1
25 278 0.75 0 0 1
26 278 0.75 0 0 1
27 278 0.75 0 0 1
28 278 0.75 0 0 1
29 278 0.75 0 0 1
25 279.5 0.75 0 0 1
26 279.5 0.75 0 0 1
27 279.5 0.75 0 0 1
28 279.5 0.75 0 0 1
29 279.5 0.75 0 0 1
25 281 0.75 0 0 1
26 281 0.75 0 0 1
27 281 0.75 0 0 1
28 281 0.75 0 0 1
29 281 0.75 0 0 1
25 282.5 0.75 0 0 1
26 282.5 0.75 0 0 1
27 282.5 0.75 0 0 1
28 282.5 0.75 0 0 1
29 282.5 0.75 0 0 1
33 276.5 0.75 0 0 1
34 276.5 0.75 0 0 1
35 276.5 0.75 0 0 1
36 276.5 0.75 0 0 1
37 276.5 0.75 0 0 1
33 278 0.75 0 0 1
34 278 0.75 0 0 1
35 278 0.75 0 0 1
36 278 0.75 0 0 1
37 278 0.75 0 0 1
33 279.5 0.75 0 0 1
34 279.5 0.75 0 0 1
35 279.5 0.75 0 0 1
36 279.5 0.75 0 0 1
37 279.5 0.75 0 0 1
33 281 0.75 0 0 1
34 281 0.75 0 0 1
35 281 0.75 0 0 1
36 281 0.75 0 0 1
37 281 0.75 0 0 1
33 282.5 0.75 0 0 1
34 282.5 0.75 0 0 1
35 282.5 0.75 0 0 1
36 282.5 0.75 0 0 1
37 282.5 0.75 0 0 1
41 276.5 0.75 0 0 1
42 276.5 0.75 0 0 1
43 276.5 0.75 0 0 1
44 276.5 0.75 0 0 1
45 276.5 0.75 0 0 1
41 278 0.75 0 0 1
42 278 0.75 0 0 1
43 278 0.75 0 0 1
44 278 0.75 0 0 1
45 278 0.75 0 0 1
41 279.5 0.75 0 0 1
42 279.5 0.75 0 0 1
43 279.5 0.75 0 0 1
44 279.5 0.75 0 0 1
45 279.5 0.75 0 0 1
41 281 0.75 0 0 1
42 281 0.75 0 0 1
43 281 0.75 0 0 1
44 281 0.75 0 0 1
45 281 0.75 0 0 1
41 282.5 0.75 0 0 1
42 282.5 0.75 0 0 1
43 282.5 0.75 0 0 1
44 282.5 0.75 0 0 1
45 282.5 0.75 0 0 1
49 276.5 0.75 0 0 1
50 276.5 0.75 0 0 1
51 276.5 0.75 0 0 1
52 276.5 0.75 0 0 1
53 276.5 0.75 0 0 1
49 278 0.75 0 0 1
50 278 0.75 0 0 1
51 278 0.75 0 0 1
52 278 0.75 0 0 1
53 278 0.75 0 0 1
49 279.5 0.75 0 0 1
50 279.5 0.75 0 0 1
51 279.5 0.75 0 0 1
52 279.5 0.75 0 0 1
53 279.5 0.75 0 0 1
49 281 0.75 0 0 1
50 281 0.75 0 0 1
51 281 0.75 0 0 1
52 281 0.75 0 0 1
53 281 0.75 0 0 1
49 282.5 0.75 0 0 1
50 282.5 0.75 0 0 1
51 282.5 0.75 0 0 1
52 282.5 0.75 0 0 1
53 282.5 0.75 0 0 1
57 276.5 0.75 0 0 1
58 276.5 0.75 0 0 1
59 276.5 0.75 0 0 1
60 276.5 0.75 0 0 1
61 276.5 0.75 0 0 1
57 278 0.75 0 0 1
58 278 0.75 0 0 1
59 278 0.75 0 0 1
60 278 0.75 0 0 1
61 278 0.75 0 0 1
57 279.5 0.75 0 0 1
58 279.5 0.75 0 0 1
59 279.5 0.75 0 0 1
60 279.5 0.75 0 0 1
61 279.5 0.75 0 0 1
57 281 0.75 0 0 1
58 281 0.75 0 0 1
59 281 0.75 0 0 1
60 281 0.75 0 0 1
61 281 0.75 0 0 1
57 282.5 0.75 0 0 1
58 282.5 0.75 0 0 1
59 282.5 0.75 0 0 1
60 282.5 0.75 0 0 1
61 282.5 0.75 0 0 1
65 276.5 0.75 0 0 1
66 276.5 0.75 0 0 1
67 276.5 0.75 0 0 1
68 276.5 0.75 0 0 1
69 276.5 0.75 0 0 1
65 278 0.75 0 0 1
66 278 0.75 0 0 1
67 278 0.75 0 0 1
68 278 0.75 0 0 1
69 278 0.75 0 0 1
65 279.5 0.75 0 0 1
66 279.5 0.75 0 0 1
67 279.5 0.75 0 0 1
68 279.5 0.75 0 0 1
69 279.5 0.75 0 0 1
65 281 0.75 0 0 1
66 281 0.75 0 0 1
67 281 0.75 0 0 1
68 281 0.75 0 0 1
69 281 0.75 0 0 1
65 282.5 0.75 0 0 1
66 282.5 0.75 0 0 1
67 282.5 0.75 0 0 1
68 282.5 0.75 0 0 1
69 282.5 0.75 0 0 1
73 276.5 0.75 0 0 1
74 276.5 0.75 0 0 1
75 276.5 0.75 0 0 1
76 276.5 0.75 0 0 1
77 276.5 0.75 0 0 1
73 278 0.75 0 0 1
74 278 0.75 0 0 1
75 278 0.75 0 0 1
76 278 0.75 0 0 1
77 278 0.75 0 0 1
73 279.5 0.75 0 0 1
74 279.5 0.75 0 0 1
75 279.5 0.75 0 0 1
76 279.5 0.75 0 0 1
77 279.5 0.75 0 0 1
73 281 0.75 0 0 1
74 281 0.75 0 0 1
75 281 0.75 0 0 1
76 281 0.75 0 0 1
77 281 0.75 0 0 1
73 282.5 0.75 0 0 1
74 282.5 0.75 0 0 1
75 282.5 0.75 0 0 1
76 282.5 0.75 0 0 1
77 282.5 0.75 0 0 1
81 276.5 0.75 0 0 1
82 276.5 0.75 0 0 1
83 276.5 0.75 0 0 1
84 276.5 0.75 0 0 1
85 276.5 0.75 0 0 1
81 278 0.75 0 0 1
82 278 0.75 0 0 1
83 278 0.75 0 0 1
84 278 0.75 0 0 1
85 278 0.75 0 0 1
81 279.5 0.75 0 0 1
82 279.5 0.75 0 0 1
83 279.5 0.75 0 0 1
84 279.5 0.75 0 0 1
85 279.5 0.75 0 0 1
81 281 0.75 0 0 1
82 281 0.75 0 0 1
83 281 0.75 0 0 1
84 281 0.75 0 0 1
85 281 0.75 0 0 1
81 282.5 0.75 0 0 1
82 282.5 0.75 0 0 1
83 282.5 0.75 0 0 1
84 282.5 0.75 0 0 1
85 282.5 0.75 0 0 1
89 276.5 0.75 0 0 1
90 276.5 0.75 0 0 1
91 276.5 0.75 0 0 1
92 276.5 0.75 0 0 1
93 276.5 0.75 0 0 1
89 278 0.75 0 0 1
90 278 0.75 0 0 1
91 278 0.75 0 0 1
92 278 0.75 0 0 1
93 278 0.75 0 0 1
89 279.5 0.75 0 0 1
90 279.5 0.75 0 0 1
91 279.5 0.75 0 0 1
92 279.5 0.75 0 0 1
93 279.5 0.75 0 0 1
89 281 0.75 0 0 1
90 281 0.75 0 0 1
91 281 0.75 0 0 1
92 281 0.75 0 0 1
93 281 0.75 0 0 1
89 282.5 0.75 0 0 1
90 282.5 0.75 0 0 1
91 282.5 0.75 0 0 1
92 282.5 0.75 0 0 1
93 282.5 0.75 0 0 1
97 276.5 0.75 0 0 1
98 276.5 0.75 0 0 1
99 276.5 0.75 0 0 1
100 276.5 0.75 0 0 1
101 276.5 0.75 0 0 1
97 278 0.75 0 0 1
98 278 0.75 0 0 1
99 278 0.75 0 0 1
100 278 0.75 0 0 1
101 278 0.75 0 0 1
97 279.5 0.75 0 0 1
98 279.5 0.75 0 0 1
99 279.5 0.75 0 0 1
100 279.5 0.75 0 0 1
101 279.5 0.75 0 0 1
97 281 0.75 0 0 1
98 281 0.75 0 0 1
99 281 0.75 0 0 1
100 281 0.75 0 0 1
101 281 0.75 0 0 1
97 282.5 0.75 0 0 1
98 282.5 0.75 0 0 1
99 282.5 0.75 0 0 1
100 282.5 0.75 0 0 1
101 282.5 0.75 0 0 1
105 276.5 0.75 0 0 1
106 276.5 0.75 0 0 1
107 276.5 0.75 0 0 1
108 276.5 0.75 0 0 1
109 276.5 0.75 0 0 1
105 278 0.75 0 0 1
106 278 0.75 0 0 1
107 278 0.75 0 0 1
108 278 0.75 0 0 1
109 278 0.75 0 0 1
105 279.5 0.75 0 0 1
106 279.5 0.75 0 0 1
107 279.5 0.75 0 0 1
108 279.5 0.75 0 0 1
109 279.5 0.75 0 0 1
105 281 0.75 0 0 1
106 281 0.75 0 0 1
107 281 0.75 0 0 1
108 281 0.75 0 0 1
109 281 0.75 0 0 1
105 282.5 0.75 0 0 1
106 282.5 0.75 0 0 1
107 282.5 0.75 0 0 1
108 282.5 0.75 0 0 1
109 282.5 0.75 0 0 1
113 276.5 0.75 0 0 1
114 276.5 0.75 0 0 1
115 276.5 0.75 0 0 1
116 276.5 0.75 0 0 1
117 276.5 0.75 0 0 1
113 278 0.75 0 0 1
114 278 0.75 0 0 1
115 278 0.75 0 0 1
116 278 0.75 0 0 1
117 278 0.75 0 0 1
113 279.5 0.75 0 0 1
114 279.5 0.75 0 0 1
115 279.5 0.75 0 0 1
116 279.5 0.75 0 0 1
117 279.5 0.75 0 0 1
113 281 0.75 0 0 1
114 281 0.75 0 0 1
115 281 0.75 0 0 1
116 281 0.75 0 0 1
117 281 0.75 0 0 1
113 282.5 0.75 0 0 1
114 282.5 0.75 0 0 1
115 282.5 0.75 0 0 1
116 282.5 0.75 0 0 1
117 282.5 0.75 0 0 1
121 276.5 0.75 0 0 1
122 276.5 0.75 0 0 1
123 276.5 0.75 0 0 1
124 276.5 0.75 0 0 1
125 276.5 0.75 0 0 1
121 278 0.75 0 0 1
122 278 0.75 0 0 1
123 278 0.75 0 0 1
124 278 0.75 0 0 1
125 278 0.75 0 0 1
121 279.5 0.75 0 0 1
122 279.5 0.75 0 0 1
123 279.5 0.75 0 0 1
124 279.5 0.75 0 0 1
125 279.5 0.75 0 0 1
121 281 0.75 0 0 1
122 281 0.75 0 0 1
123 281 0.75 0 0 1
124 281 0.75 0 0 1
125 281 0.75 0 0 1
121 282.5 0.75 0 0 1
122 282.5 0.75 0 0 1
123 282.5 0.75 0 0 1
124 282.5 0.75 0 0 1
125 282.5 0.75 0 0 1
129 276.5 0.75 0 0 1
130 276.5 0.75 0 0 1
131 276.5 0.75 0 0 1
132 276.5 0.75 0 0 1
133 276.5 0.75 0 0 1
129 278 0.75 0 0 1
130 278 0.75 0 0 1
131 278 0.75 0 0 1
132 278 0.75 0 0 1
133 278 0.75 0 0 1
129 279.5 0.75 0 0 1
130 279.5 0.75 0 0 1
131 279.5 0.75 0 0 1
132 279.5 0.75 0 0 1
133 279.5 0.75 0 0 1
129 281 0.75 0 0 1
130 281 0.75 0 0 1
131 281 0.75 0 0 1
132 281 0.75 0 0 1
133 281 0.75 0 0 1
129 282.5 0.75 0 0 1
130 282.5 0.75 0 0 1
131 282.5 0.75 0 0 1
132 282.5 0.75 0 0 1
133 282.5 0.75 0 0 1
137 276.5 0.75 0 0 1
138 276.5 0.75 0 0 1
139 276.5 0.75 0 0 1
140 276.5 0.75 0 0 1
141 276.5 0.75 0 0 1
137 278 0.75 0 0 1
138 278 0.75 0 0 1
139 278 0.75 0 0 1
140 278 0.75 0 0 1
141 278 0.75 0 0 1
137 279.5 0.75 0 0 1
138 279.5 0.75 0 0 1
139 279.5 0.75 0 0 1
140 279.5 0.75 0 0 1
141 279.5 0.75 0 0 1
137 281 0.75 0 0 1
138 281 0.75 0 0 1
139 281 0.75 0 0 1
140 281 0.75 0 0 1
141 281 0.75 0 0 1
137 282.5 0.75 0 0 1
138 282.5 0.75 0 0 1
139 282.5 0.75 0 0 1
140 282.5 0.75 0 0 1
141 282.5 0.75 0 0 1
145 276.5 0.75 0 0 1
146 276.5 0.75 0 0 1
147 276.5 0.75 0 0 1
148 276.5 0.75 0 0 1
149 276.5 0.75 0 0 1
145 278 0.75 0 0 1
146 278 0.75 0 0 1
147 278 0.75 0 0 1
148 278 0.75 0 0 1
149 278 0.75 0 0 1
145 279.5 0.75 0 0 1
146 279.5 0.75 0 0 1
147 279.5 0.75 0 0 1
148 279.5 0.75 0 0 1
149 279.5 0.75 0 0 1
145 281 0.75 0 0 1
146 281 0.75 0 0 1
147 281 0.75 0 0 1
148 281 0.75 0 0 1
149 281 0.75 0 0 1
145 282.5 0.75 0 0 1
146 282.5 0.75 0 0 1
147 282.5 0.75 0 0 1
148 282.5 0.75 0 0 1
149 282.5 0.75 0 0 1
153 276.5 0.75 0 0 1
154 276.5 0.75 0 0 1
155 276.5 0.75 0 0 1
156 276.5 0.75 0 0 1
157 276.5 0.75 0 0 1
153 278 0.75 0 0 1
154 278 0.75 0 0 1
155 278 0.75 0 0 1
156 278 0.75 0 0 1
157 278 0.75 0 0 1
153 279.5 0.75 0 0 1
154 279.5 0.75 0 0 1
155 279.5 0.75 0 0 1
156 279.5 0.75 0 0 1
157 279.5 0.75 0 0 1
153 281 0.75 0 0 1
154 281 0.75 0 0 1
155 281 0.75 0 0 1
156 281 0.75 0 0 1
157 281 0.75 0 0 1
153 282.5 0.75 0 0 1
154 282.5 0.75 0 0 1
155 282.5 0.75 0 0 1
156 282.5 0.75 0 0 1
157 282.5 0.75 0 0 1
161 276.5 0.75 0 0 1
162 276.5 0.75 0 0 1
163 276.5 0.75 0 0 1
164 276.5 0.75 0 0 1
165 276.5 0.75 0 0 1
161 278 0.75 0 0 1
162 278 0.75 0 0 1
163 278 0.75 0 0 1
164 278 0.75 0 0 1
165 278 0.75 0 0 1
161 279.5 0.75 0 0 1
162 279.5 0.75 0 0 1
163 279.5 0.75 0 0 1
164 279.5 0.75 0 0 1
165 279.5 0.75 0 0 1
161 281 0.75 0 0 1
162 281 0.75 0 0 1
163 281 0.75 0 0 1
164 281 0.75 0 0 1
165 281 0.75 0 0 1
161 282.5 0.75 0 0 1
162 282.5 0.75 0 0 1
163 282.5 0.75 0 0 1
164 282.5 0.75 0 0 1
165 282.5 0.75 0 0 1
169 276.5 0.75 0 0 1
170 276.5 0.75 0 0 1
171 276.5 0.75 0 0 1
172 276.5 0.75 0 0 1
173 276.5 0.75 0 0 1
169 278 0.75 0 0 1
170 278 0.75 0 0 1
171 278 0.75 0 0 1
172 278 0.75 0 0 1
173 278 0.75 0 0 1
169 279.5 0.75 0 0 1
170 279.5 0.75 0 0 1
171 279.5 0.75 0 0 1
172 279.5 0.75 0 0 1
173 279.5 0.75 0 0 1
169 281 0.75 0 0 1
170 281 0.75 0 0 1
171 281 0.75 0 0 1
172 281 0.75 0 0 1
173 281 0.75 0 0 1
169 282.5 0.75 0 0 1
170 282.5 0.75 0 0 1
171 282.5 0.75 0 0 1
172 282.5 0.75 0 0 1
173 282.5 0.75 0 0 1
177 276.5 0.75 0 0 1
178 276.5 0.75 0 0 1
179 276.5 0.75 0 0 1
180 276.5 0.75 0 0 1
181 276.5 0.75 0 0 1
177 278 0.75 0 0 1
178 278 0.75 0 0 1
179 278 0.75 0 0 1
180 278 0.75 0 0 1
181 278 0.75 0 0 1
177 279.5 0.75 0 0 1
178 279.5 0.75 0 0 1
179 279.5 0.75 0 0 1
180 279.5 0.75 0 0 1
181 279.5 0.75 0 0 1
177 281 0.75 0 0 1
178 281 0.75 0 0 1
179 281 0.75 0 0 1
180 281 0.75 0 0 1
181 281 0.75 0 0 1
177 282.5 0.75 0 0 1
178 282.5 0.75 0 0 1
179 282.5 0.75 0 0 1
180 282.5 0.75 0 0 1
181 282.5 0.75 0 0 1
185 276.5 0.75 0 0 1
186 276.5 0.75 0 0 1
187 276.5 0.75 0 0 1
188 276.5 0.75 0 0 1
189 276.5 0.75 0 0 1
185 278 0.75 0 0 1
186 278 0.75 0 0 1
187 278 0.75 0 0 1
188 278 0.75 0 0 1
189 278 0.75 0 0 1
185 279.5 0.75 0 0 1
186 279.5 0.75 0 0 1
187 279.5 0.75 0 0 1
188 279.5 0.75 0 0 1
189 279.5 0.75 0 0 1
185 281 0.75 0 0 1
186 281 0.75 0 0 1
187 281 0.75 0 0 1
188 281 0.75 0 0 1
189 281 0.75 0 0 1
185 282.5 0.75 0 0 1
186 282.5 0.75 0 0 1
187 282.5 0.75 0 0 1
188 282.5 0.75 0 0 1
189 282.5 0.75 0 0 1
193 276.5 0.75 0 0 1
194 276.5 0.75 0 0 1
195 276.5 0.75 0 0 1
196 276.5 0.75 0 0 1
197 276.5 0.75 0 0 1
193 278 0.75 0 0 1
194 278 0.75 0 0 1
195 278 0.75 0 0 1
196 278 0.75 0 0 1
197 278 0.75 0 0 1
193 279.5 0.75 0 0 1
194 279.5 0.75 0 0 1
195 279.5 0.75 0 0 1
196 279.5 0.75 0 0 1
197 279.5 0.75 0 0 1
193 281 0.75 0 0 1
194 281 0.75 0 0 1
195 281 0.75 0 0 1
196 281 0.75 0 0 1
197 281 0.75 0 0 1
193 282.5 0.75 0 0 1
194 282.5 0.75 0 0 1
195 282.5 0.75 0 0 1
196 282.5 0.75 0 0 1
197 282.5 0.75 0 0 1
201 276.5 0.75 0 0 1
202 276.5 0.75 0 0 1
203 276.5 0.75 0 0 1
204 276.5 0.75 0 0 1
205 276.5 0.75 0 0 1
201 278 0.75 0 0 1
202 278 0.75 0 0 1
203 278 0.75 0 0 1
204 278 0.75 0 0 1
205 278 0.75 0 0 1
201 279.5 0.75 0 0 1
202 279.5 0.75 0 0 1
203 279.5 0.75 0 0 1
204 279.5 0.75 0 0 1
205 279.5 0.75 0 0 1
201 281 0.75 0 0 1
202 281 0.75 0 0 1
203 281 0.75 0 0 1
204 281 0.75 0 0 1
205 281 0.75 0 0 1
201 282.5 0.75 0 0 1
202 282.5 0.75 0 0 1
203 282.5 0.75 0 0 1
204 282.5 0.75 0 0 1
205 282.5 0.75 0 0 1
209 276.5 0.75 0 0 1
210 276.5 0.75 0 0 1
211 276.5 0.75 0 0 1
212 276.5 0.75 0 0 1
213 276.5 0.75 0 0 1
209 278 0.75 0 0 1
210 278 0.75 0 0 1
211 278 0.75 0 0 1
212 278 0.75 0 0 1
213 278 0.75 0 0 1
209 279.5 0.75 0 0 1
210 279.5 0.75 0 0 1
211 279.5 0.75 0 0 1
212 279.5 0.75 0 0 1
213 279.5 0.75 0 0 1
209 281 0.75 0 0 1
210 281 0.75 0 0 1
211 281 0.75 0 0 1
212 281 0.75 0 0 1
213 281 0.75 0 0 1
209 282.5 0.75 0 0 1
210 282.5 0.75 0 0 1
211 282.5 0.75 0 0 1
212 282.5 0.75 0 0 1
213 282.5 0.75 0 0 1
217 276.5 0.75 0 0 1
218 276.5 0.75 0 0 1
219 276.5 0.75 0 0 1
220 276.5 0.75 0 0 1
221 276.5 0.75 0 0 1
217 278 0.75 0 0 1
218 278 0.75 0 0 1
219 278 0.75 0 0 1
220 278 0.75 0 0 1
221 278 0.75 0 0 1
217 279.5 0.75 0 0 1
218 279.5 0.75 0 0 1
219 279.5 0.75 0 0 1
220 279.5 0.75 0 0 1
221 279.5 0.75 0 0 1
217 281 0.75 0 0 1
218 281 0.75 0 0 1
219 281 0.75 0 0 1
220 281 0.75 0 0 1
221 281 0.75 0 0 1
217 282.5 0.75 0 0 1
218 282.5 0.75 0 0 1
219 282.5 0.75 0 0 1
220 282.5 0.75 0 0 1
221 282.5 0.75 0 0 1
225 276.5 0.75 0 0 1
226 276.5 0.75 0 0 1
227 276.5 0.75 0 0 1
228 276.5 0.75 0 0 1
229 276.5 0.75 0 0 1
225 278 0.75 0 0 1
226 278 0.75 0 0 1
227 278 0.75 0 0 1
228 278 0.75 0 0 1
229 278 0.75 0 0 1
225 279.5 0.75 0 0 1
226 279.5 0.75 0 0 1
227 279.5 0.75 0 0 1
228 279.5 0.75 0 0 1
229 279.5 0.75 0 0 1
225 281 0.75 0 0 1
226 281 0.75 0 0 1
227 281 0.75 0 0 1
228 281 0.75 0 0 1
229 281 0.75 0 0 1
225 282.5 0.75 0 0 1
226 282.5 0.75 0 0 1
227 282.5 0.75 0 0 1
228 282.5 0.75 0 0 1
229 282.5 0.75 0 0 1
233 276.5 0.75 0 0 1
234 276.5 0.75 0 0 1
235 276.5 0.75 0 0 1
236 276.5 0.75 0 0 1
237 276.5 0.75 0 0 1
233 278 0.75 0 0 1
234 278 0.75 0 0 1
235 278 0.75 0 0 1
236 278 0.75 0 0 1
237 278 0.75 0 0 1
233 279.5 0.75 0 0 1
234 279.5 0.75 0 0 1
235 279.5 0.75 0 0 1
236 279.5 0.75 0 0 1
237 279.5 0.75 0 0 1
233 281 0.75 0 0 1
234 281 0.75 0 0 1
235 281 0.75 0 0 1
236 281 0.75 0 0 1
237 281 0.75 0 0 1
233 282.5 0.75 0 0 1
234 282.5 0.75 0 0 1
235 282.5 0.75 0 0 1
236 282.5 0.75 0 0 1
237 282.5 0.75 0 0 1
241 276.5 0.75 0 0 1
242 276.5 0.75 0 0 1
243 276.5 0.75 0 0 1
244 276.5 0.75 0 0 1
245 276.5 0.75 0 0 1
241 278 0.75 0 0 1
242 278 0.75 0 0 1
243 278 0.75 0 0 1
244 278 0.75 0 0 1
245 278 0.75 0 0 1
241 279.5 0.75 0 0 1
242 279.5 0.75 0 0 1
243 279.5 0.75 0 0 1
244 279.5 0.75 0 0 1
245 279.5 0.75 0 0 1
241 281 0.75 0 0 1
242 281 0.75 0 0 1
243 281 0.75 0 0 1
244 281 0.75 0 0 1
245 281 0.75 0 0 1
241 282.5 0.75 0 0 1
242 282.5 0.75 0 0 1
243 282.5 0.75 0 0 1
244 282.5 0.75 0 0 1
245 282.5 0.75 0 0 1
249 276.5 0.75 0 0 1
250 276.5 0.75 0 0 1
251 276.5 0.75 0 0 1
252 276.5 0.75 0 0 1
253 276.5 0.75 0 0 1
249 278 0.75 0 0 1
250 278 0.75 0 0 1
251 278 0.75 0 0 1
252 278 0.75 0 0 1
253 278 0.75 0 0 1
249 279.5 0.75 0 0 1
250 279.5 0.75 0 0 1
251 279.5 0.75 0 0 1
252 279.5 0.75 0 0 1
253 279.5 0.75 0 0 1
249 281 0.75 0 0 1
250 281 0.75 0 0 1
251 281 0.75 0 0 1
252 281 0.75 0 0 1
253 281 0.75 0 0 1
249 282.5 0.75 0 0 1
250 282.5 0.75 0 0 1
251 282.5 0.75 0 0 1
252 282.5 0.75 0 0 1
253 282.5 0.75 0 0 1
1 287.5 0.75 0 0 1
2 287.5 0.75 0 0 1
3 287.5 0.75 0 0 1
4 287.5 0.75 0 0 1
5 287.5 0.75 0 0 1
1 289 0.75 0 0 1
2 289 0.75 0 0 1
3 289 0.75 0 0 1
4 289 0.75 0 0 1
5 289 0.75 0 0 1
1 290.5 0.75 0 0 1
2 290.5 0.75 0 0 1
3 290.5 0.75 0 0 1
4 290.5 0.75 0 0 1
5 290.5 0.75 0 0 1
1 292 0.75 0 0 1
2 292 0.75 0 0 1
3 292 0.75 0 0 1
4 292 0.75 0 0 1
5 292 0.75 0 0 1
1 293.5 0.75 0 0 1
2 293.5 0.75 0 0 1
3 293.5 0.75 0 0 1
4 293.5 0.75 0 0 1
5 293.5 0.75 0 0 1
9 287.5 0.75 0 0 1
10 287.5 0.75 0 0 1
11 287.5 0.75 0 0 1
12 287.5 0.75 0 0 1
13 287.5 0.75 0 0 1
9 289 0.75 0 0 1
10 289 0.75 0 0 1
11 289 0.75 0 0 1
12 289 0.75 0 0 1
13 289 0.75 0 0 1
9 290.5 0.75 0 0 1
10 290.5 0.75 0 0 1
11 290.5 0.75 0 0 1
12 290.5 0.75 0 0 1
13 290.5 0.75 0 0 1
9 292 0.75 0 0 1
10 292 0.75 0 0 1
11 292 0.75 0 0 1
12 292 0.75 0 0 1
13 292 0.75 0 0 1
9 293.5 0.75 0 0 1
10 293.5 0.75 0 0 1
11 293.5 0.75 0 0 1
12 293.5 0.75 0 0 1
13 293.5 0.75 0 0 1
17 287.5 0.75 0 0 1
18 287.5 0.75 0 0 1
19 287.5 0.75 0 0 1
20 287.5 0.75 0 0 1
21 287.5 0.75 0 0 1
17 289 0.75 0 0 1
18 289 0.75 0 0 1
19 289 0.75 0 0 1
20 289 0.75 0 0 1
21 289 0.75 0 0 1
17 290.5 0.75 0 0 1
18 290.5 0.75 0 0 1
19 290.5 0.75 0 0 1
20 290.5 0.75 0 0 1
21 290.5 0.75 0 0 1
17 292 0.75 0 0 1
18 292 0.75 0 0 1
19 292 0.75 0 0 1
20 292 0.75 0 0 1
21 292 0.75 0 0 1
17 293.5 0.75 0 0 1
18 293.5 0.75 0 0 1
19 293.5 0.75 0 0 1
20 293.5 0.75 0 0 1
21 293.5 0.75 0 0 1
25 287.5 0.75 0 0 1
26 287.5 0.75 0 0 1
27 287.5 0.75 0 0 1
28 287.5 0.75 0 0 1
29 287.5 0.75 0 0 1
25 289 0.75 0 0 1
26 289 0.75 0 0 1
27 289 0.75 0 0 1
28 289 0.75 0 0 1
29 289 0.75 0 0 1
25 290.5 0.75 0 0 1
26 290.5 0.75 0 0 1
27 290.5 0.75 0 0 1
28 290.5 0.75 0 0 1
29 290.5 0.75 0 0 1
25 292 0.75 0 0 1
26 292 0.75 0 0 1
27 292 0.75 0 0 1
28 292 0.75 0 0 1
29 292 0.75 0 0 1
25 293.5 0.75 0 0 1
26 293.5 0.75 0 0 1
27 293.5 0.75 0 0 1
28 293.5 0.75 0 0 1
29 293.5 0.75 0 0 1
33 287.5 0.75 0 0 1
34 287.5 0.75 0 0 1
35 287.5 0.75 0 0 1
36 287.5 0.75 0 0 1
37 287.5 0.75 0 0 1
33 289 0.75 0 0 1
34 289 0.75 0 0 1
35 289 0.75 0 0 1
36 289 0.75 0 0 1
37 289 0.75 0 0 1
33 290.5 0.75 0 0 1
34 290.5 0.75 0 0 1
35 290.5 0.75 0 0 1
36 290.5 0.75 0 0 1
37 290.5 0.75 0 0 1
33 292 0.75 0 0 1
34 292 0.75 0 0 1
35 292 0.75 0 0 1
36 292 0.75 0 0 1
37 292 0.75 0 0 1
33 293.5 0.75 0 0 1
34 293.5 0.75 0 0 1
35 293.5 0.75 0 0 1
36 293.5 0.75 0 0 1
37 293.5 0.75 0 0 1
41 287.5 0.75 0 0 1
42 287.5 0.75 0 0 1
43 287.5 0.75 0 0 1
44 287.5 0.75 0 0 1
45 287.5 0.75 0 0 1
41 289 0.75 0 0 1
42 289 0.75 0 0 1
43 289 0.75 0 0 1
44 289 0.75 0 0 1
45 289 0.75 0 0 1
41 290.5 0.75 0 0 1
42 290.5 0.75 0 0 1
43 290.5 0.75 0 0 1
44 290.5 0.75 0 0 1
45 290.5 0.75 0 0 1
41 292 0.75 0 0 1
42 292 0.75 0 0 1
43 292 0.75 0 0 1
44 292 0.75 0 0 1
45 292 0.75 0 0 1
41 293.5 0.75 0 0 1
42 293.5 0.75 0 0 1
43 293.5 0.75 0 0 1
44 293.5 0.75 0 0 1
45 293.5 0.75 0 0 1
49 287.5 0.75 0 0 1
50 287.5 0.75 0 0 1
51 287.5 0.75 0 0 1
52 287.5 0.75 0 0 1
53 287.5 0.75 0 0 1
49 289 0.75 0 0 1
50 289 0.75 0 0 1
51 289 0.75 0 0 1
52 289 0.75 0 0 1
53 289 0.75 0 0 1
49 290.5 0.75 0 0 1
50 290.5 0.75 0 0 1
51 290.5 0.75 0 0 1
52 290.5 0.75 0 0 1
53 290.5 0.75 0 0 1
49 292 0.75 0 0 1
50 292 0.75 0 0 1
51 292 0.75 0 0 1
52 292 0.75 0 0 1
53 292 0.75 0 0 1
49 293.5 0.75 0 0 1
50 293.5 0.75 0 0 1
51 293.5 0.75 0 0 1
52 293.5 0.75 0 0 1
53 293.5 0.75 0 0 1
57 287.5 0.75 0 0 1
58 287.5 0.75 0 0 1
59 287.5 0.75 0 0 1
60 287.5 0.75 0 0 1
61 287.5 0.75 0 0 1
57 289 0.75 0 0 1
58 289 0.75 0 0 1
59 289 0.75 0 0 1
60 289 0.75 0 0 1
61 289 0.75 0 0 1
57 290.5 0.75 0 0 1
58 290.5 0.75 0 0 1
59 290.5 0.75 0 0 1
60 290.5 0.75 0 0 1
61 290.5 0.75 0 0 1
57 292 0.75 0 0 1
58 292 0.75 0 0 1
59 292 0.75 0 0 1
60 292 0.75 0 0 1
61 292 0.75 0 0 1
57 293.5 0.75 0 0 1
58 293.5 0.75 0 0 1
59 293.5 0.75 0 0 1
60 293.5 0.75 0 0 1
61 293.5 0.75 0 0 1
65 287.5 0.75 0 0 1
66 287.5 0.75 0 0 1
67 287.5 0.75 0 0 1
68 287.5 0.75 0 0 1
69 287.5 0.75 0 0 1
65 289 0.75 0 0 1
66 289 0.75 0 0 1
67 289 0.75 0 0 1
68 289 0.75 0 0 1
69 289 0.75 0 0 1
65 290.5 0.75 0 0 1
66 290.5 0.75 0 0 1
67 290.5 0.75 0 0 1
68 290.5 0.75 0 0 1
69 290.5 0.75 0 0 1
65 292 0.75 0 0 1
66 292 0.75 0 0 1
67 292 0.75 0 0 1
68 292 0.75 0 0 1
69 292 0.75 0 0 1
65 293.5 0.75 0 0 1
66 293.5 0.75 0 0 1
67 293.5 0.75 0 0 1
68 293.5 0.75 0 0 1
69 293.5 0.75 0 0 1
73 287.5 0.75 0 0 1
74 287.5 0.75 0 0 1
75 287.5 0.75 0 0 1
76 287.5 0.75 0 0 1
77 287.5 0.75 0 0 1
73 289 0.75 0 0 1
74 289 0.75 0 0 1
75 289 0.75 0 0 1
76 289 0.75 0 0 1
77 289 0.75 0 0 1
73 290.5 0.75 0 0 1
74 290.5 0.75 0 0 1
75 290.5 0.75 0 0 1
76 290.5 0.75 0 0 1
77 290.5 0.75 0 0 1
73 292 0.75 0 0 1
74 292 0.75 0 0 1
75 292 0.75 0 0 1
76 292 0.75 0 0 1
77 292 0.75 0 0 1
73 293.5 0.75 0 0 1
74 293.5 0.75 0 0 1
75 293.5 0.75 0 0 1
76 293.5 0.75 0 0 1
77 293.5 0.75 0 0 1
81 287.5 0.75 0 0 1
82 287.5 0.75 0 0 1
83 287.5 0.75 0 0 1
84 287.5 0.75 0 0 1
85 287.5 0.75 0 0 1
81 289 0.75 0 0 1
82 289 0.75 0 0 1
83 289 0.75 0 0 1
84 289 0.75 0 0 1
85 289 0.75 0 0 1
81 290.5 0.75 0 0 1
82 290.5 0.75 0 0 1
83 290.5 0.75 0 0 1
84 290.5 0.75 0 0 1
85 290.5 0.75 0 0 1
81 292 0.75 0 0 1
82 292 0.75 0 0 1
83 292 0.75 0 0 1
84 292 0.75 0 0 1
85 292 0.75 0 0 1
81 293.5 0.75 0 0 1
82 293.5 0.75 0 0 1
83 293.5 0.75 0 0 1
84 293.5 0.75 0 0 1
85 293.5 0.75 0 0 1
89 287.5 0.75 0 0 1
90 287.5 0.75 0 0 1
91 287.5 0.75 0 0 1
92 287.5 0.75 0 0 1
93 287.5 0.75 0 0 1
89 289 0.75 0 0 1
90 289 0.75 0 0 1
91 289 0.75 0 0 1
92 289 0.75 0 0 1
93 289 0.75 0 0 1
89 290.5 0.75 0 0 1
90 290.5 0.75 0 0 1
91 290.5 0.75 0 0 1
92 290.5 0.75 0 0 1
93 290.5 0.75 0 0 1
89 292 0.75 0 0 1
90 292 0.75 0 0 1
91 292 0.75 0 0 1
92 292 0.75 0 0 1
93 292 0.75 0 0 1
89 293.5 0.75 0 0 1
90 293.5 0.75 0 0 1
91 293.5 0.75 0 0 1
92 293.5 0.75 0 0 1
93 293.5 0.75 0 0 1
97 287.5 0.75 0 0 1
98 287.5 0.75 0 0 1
99 287.5 0.75 0 0 1
100 287.5 0.75 0 0 1
101 287.5 0.75 0 0 1
97 289 0.75 0 0 1
98 289 0.75 0 0 1
99 289 0.75 0 0 1
100 289 0.75 0 0 1
101 289 0.75 0 0 1
97 290.5 0.75 0 0 1
98 290.5 0.75 0 0 1
99 290.5 0.75 0 0 1
100 290.5 0.75 0 0 1
101 290.5 0.75 0 0 1
97 292 0.75 0 0 1
98 292 0.75 0 0 1
99 292 0.75 0 0 1
100 292 0.75 0 0 1
101 292 0.75 0 0 1
97 293.5 0.75 0 0 1
98 293.5 0.75 0 0 1
99 293.5 0.75 0 0 1
100 293.5 0.75 0 0 1
101 293.5 0.75 0 0 1
105 287.5 0.75 0 0 1
106 287.5 0.75 0 0 1
107 287.5 0.75 0 0 1
108 287.5 0.75 0 0 1
109 287.5 0.75 0 0 1
105 289 0.75 0 0 1
106 289 0.75 0 0 1
107 289 0.75 0 0 1
108 289 0.75 0 0 1
109 289 0.75 0 0 1
105 290.5 0.75 0 0 1
106 290.5 0.75 0 0 1
107 290.5 0.75 0 0 1
108 290.5 0.75 0 0 1
109 290.5 0.75 0 0 1
105 292 0.75 0 0 1
106 292 0.75 0 0 1
107 292 0.75 0 0 1
108 292 0.75 0 0 1
109 292 0.75 0 0 1
105 293.5 0.75 0 0 1
106 293.5 0.75 0 0 1
107 293.5 0.75 0 0 1
108 293.5 0.75 0 0 1
109 293.5 0.75 0 0 1
113 287.5 0.75 0 0 1
114 287.5 0.75 0 0 1
115 287.5 0.75 0 0 1
116 287.5 0.75 0 0 1
117 287.5 0.75 0 0 1
113 289 0.75 0 0 1
114 289 0.75 0 0 1
115 289 0.75 0 0 1
116 289 0.75 0 0 1
117 289 0.75 0 0 1
113 290.5 0.75 0 0 1
114 290.5 0.75 0 0 1
115 290.5 0.75 0 0 1
116 290.5 0.75 0 0 1
117 290.5 0.75 0 0 1
113 292 0.75 0 0 1
114 292 0.75 0 0 1
115 292 0.75 0 0 1
116 292 0.75 0 0 1
117 292 0.75 0 0 1
113 293.5 0.75 0 0 1
114 293.5 0.75 0 0 1
115 293.5 0.75 0 0 1
116 293.5 0.75 0 0 1
117 293.5 0.75 0 0 1
121 287.5 0.75 0 0 1
122 287.5 0.75 0 0 1
123 287.5 0.75 0 0 1
124 287.5 0.75 0 0 1
125 287.5 0.75 0 0 1
121 289 0.75 0 0 1
122 289 0.75 0 0 1
123 289 0.75 0 0 1
124 289 0.75 0 0 1
125 289 0.75 0 0 1
121 290.5 0.75 0 0 1
122 290.5 0.75 0 0 1
123 290.5 0.75 0 0 1
124 290.5 0.75 0 0 1
125 290.5 0.75 0 0 1
121 292 0.75 0 0 1
122 292 0.75 0 0 1
123 292 0.75 0 0 1
124 292 0.75 0 0 1
125 292 0.75 0 0 1
121 293.5 0.75 0 0 1
122 293.5 0.75 0 0 1
123 293.5 0.75 0 0 1
124 293.5 0.75 0 0 1
125 293.5 0.75 0 0 1
129 287.5 0.75 0 0 1
130 287.5 0.75 0 0 1
131 287.5 0.75 0 0 1
132 287.5 0.75 0 0 1
133 287.5 0.75 0 0 1
129 289 0.75 0 0 1
130 289 0.75 0 0 1
131 289 0.75 0 0 1
132 289 0.75 0 0 1
133 289 0.75 0 0 1
129 290.5 0.75 0 0 1
130 290.5 0.75 0 0 1
131 290.5 0.75 0 0 1
132 290.5 0.75 0 0 1
133 290.5 0.75 0 0 1
129 292 0.75 0 0 1
130 292 0.75 0 0 1
131 292 0.75 0 0 1
132 292 0.75 0 0 1
133 292 0.75 0 0 1
129 293.5 0.75 0 0 1
130 293.5 0.75 0 0 1
131 293.5 0.75 0 0 1
132 293.5 0.75 0 0 1
133 293.5 0.75 0 0 1
137 287.5 0.75 0 0 1
138 287.5 0.75 0 0 1
139 287.5 0.75 0 0 1
140 287.5 0.75 0 0 1
141 287.5 0.75 0 0 1
137 289 0.75 0 0 1
138 289 0.75 0 0 1
139 289 0.75 0 0 1
140 289 0.75 0 0 1
141 289 0.75 0 0 1
137 290.5 0.75 0 0 1
138 290.5 0.75 0 0 1
139 290.5 0.75 0 0 1
140 290.5 0.75 0 0 1
141 290.5 0.75 0 0 1
137 292 0.75 0 0 1
138 292 0.75 0 0 1
139 292 0.75 0 0 1
140 292 0.75 0 0 1
141 292 0.75 0 0 1
137 293.5 0.75 0 0 1
138 293.5 0.75 0 0 1
139 293.5 0.75 0 0 1
140 293.5 0.75 0 0 1
141 293.5 0.75 0 0 1
145 287.5 0.75 0 0 1
146 287.5 0.75 0 0 1
147 287.5 0.75 0 0 1
148 287.5 0.75 0 0 1
149 287.5 0.75 0 0 1
145 289 0.75 0 0 1
146 289 0.75 0 0 1
147 289 0.75 0 0 1
148 289 0.75 0 0 1
149 289 0.75 0 0 1
145 290.5 0.75 0 0 1
146 290.5 0.75 0 0 1
147 290.5 0.75 0 0 1
148 290.5 0.75 0 0 1
149 290.5 0.75 0 0 1
145 292 0.75 0 0 1
146 292 0.75 0 0 1
147 292 0.75 0 0 1
148 292 0.75 0 0 1
149 292 0.75 0 0 1
145 293.5 0.75 0 0 1
146 293.5 0.75 0 0 1
147 293.5 0.75 0 0 1
148 293.5 0.75 0 0 1
149 293.5 0.75 0 0 1
153 287.5 0.75 0 0 1
154 287.5 0.75 0 0 1
155 287.5 0.75 0 0 1
156 287.5 0.75 0 0 1
157 287.5 0.75 0 0 1
153 289 0.75 0 0 1
154 289 0.75 0 0 1
155 289 0.75 0 0 1
156 289 0.75 0 0 1
157 289 0.75 0 0 1
153 290.5 0.75 0 0 1
154 290.5 0.75 0 0 1
155 290.5 0.75 0 0 1
156 290.5 0.75 0 0 1
157 290.5 0.75 0 0 1
153 292 0.75 0 0 1
154 292 0.75 0 0 1
155 292 0.75 0 0 1
156 292 0.75 0 0 1
157 292 0.75 0 0 1
153 293.5 0.75 0 0 1
154 293.5 0.75 0 0 1
155 293.5 0.75 0 0 1
156 293.5 0.75 0 0 1
157 293.5 0.75 0 0 1
161 287.5 0.75 0 0 1
162 287.5 0.75 0 0 1
163 287.5 0.75 0 0 1
164 287.5 0.75 0 0 1
165 287.5 0.75 0 0 1
161 289 0.75 0 0 1
162 289 0.75 0 0 1
163 289 0.75 0 0 1
164 289 0.75 0 0 1
165 289 0.75 0 0 1
161 290.5 0.75 0 0 1
162 290.5 0.75 0 0 1
163 290.5 0.75 0 0 1
164 290.5 0.75 0 0 1
165 290.5 0.75 0 0 1
161 292 0.75 0 0 1
162 292 0.75 0 0 1
163 292 0.75 0 0 1
164 292 0.75 0 0 1
165 292 0.75 0 0 1
161 293.5 0.75 0 0 1
162 293.5 0.75 0 0 1
163 293.5 0.75 0 0 1
164 293.5 0.75 0 0 1
165 293.5 0.75 0 0 1
169 287.5 0.75 0 0 1
170 287.5 0.75 0 0 1
171 287.5 0.75 0 0 1
172 287.5 0.75 0 0 1
173 287.5 0.75 0 0 1
169 289 0.75 0 0 1
170 289 0.75 0 0 1
171 289 0.75 0 0 1
172 289 0.75 0 0 1
173 289 0.75 0 0 1
169 290.5 0.75 0 0 1
170 290.5 0.75 0 0 1
171 290.5 0.75 0 0 1
172 290.5 0.75 0 0 1
173 290.5 0.75 0 0 1
169 292 0.75 0 0 1
170 292 0.75 0 0 1
171 292 0.75 0 0 1
172 292 0.75 0 0 1
173 292 0.75 0 0 1
169 293.5 0.75 0 0 1
170 293.5 0.75 0 0 1
171 293.5 0.75 0 0 1
172 293.5 0.75 0 0 1
173 293.5 0.75 0 0 1
177 287.5 0.75 0 0 1
178 287.5 0.75 0 0 1
179 287.5 0.75 0 0 1
180 287.5 0.75 0 0 1
181 287.5 0.75 0 0 1
177 289 0.75 0 0 1
178 289 0.75 0 0 1
179 289 0.75 0 0 1
180 289 0.75 0 0 1
181 289 0.75 0 0 1
177 290.5 0.75 0 0 1
178 290.5 0.75 0 0 1
179 290.5 0.75 0 0 1
180 290.5 0.75 0 0 1
181 290.5 0.75 0 0 1
177 292 0.75 0 0 1
178 292 0.75 0 0 1
179 292 0.75 0 0 1
180 292 0.75 0 0 1
181 292 0.75 0 0 1
177 293.5 0.75 0 0 1
178 293.5 0.75 0 0 1
179 293.5 0.75 0 0 1
180 293.5 0.75 0 0 1
181 293.5 0.75 0 0 1
185 287.5 0.75 0 0 1
186 287.5 0.75 0 0 1
187 287.5 0.75 0 0 1
188 287.5 0.75 0 0 1
189 287.5 0.75 0 0 1
185 289 0.75 0 0 1
186 289 0.75 0 0 1
187 289 0.75 0 0 1
188 289 0.75 0 0 1
189 289 0.75 0 0 1
185 290.5 0.75 0 0 1
186 290.5 0.75 0 0 1
187 290.5 0.75 0 0 1
188 290.5 0.75 0 0 1
189 290.5 0.75 0 0 1
185 292 0.75 0 0 1
186 292 0.75 0 0 1
187 292 0.75 0 0 1
188 292 0.75 0 0 1
189 292 0.75 0 0 1
185 293.5 0.75 0 0 1
186 293.5 0.75 0 0 1
187 293.5 0.75 0 0 1
188 293.5 0.75 0 0 1
189 293.5 0.75 0 0 1
193 287.5 0.75 0 0 1
194 287.5 0.75 0 0 1
195 287.5 0.75 0 0 1
196 287.5 0.75 0 0 1
197 287.5 0.75 0 0 1
193 289 0.75 0 0 1
194 289 0.75 0 0 1
195 289 0.75 0 0 1
196 289 0.75 0 0 1
197 289 0.75 0 0 1
193 290.5 0.75 0 0 1
194 290.5 0.75 0 0 1
195 290.5 0.75 0 0 1
196 290.5 0.75 0 0 1
197 290.5 0.75 0 0 1
193 292 0.75 0 0 1
194 292 0.75 0 0 1
195 292 0.75 0 0 1
196 292 0.75 0 0 1
197 292 0.75 0 0 1
193 293.5 0.75 0 0 1
194 293.5 0.75 0 0 1
195 293.5 0.75 0 0 1
196 293.5 0.75 0 0 1
197 293.5 0.75 0 0 1
201 287.5 0.75 0 0 1
202 287.5 0.75 0 0 1
203 287.5 0.75 0 0 1
204 287.5 0.75 0 0 1
205 287.5 0.75 0 0 1
201 289 0.75 0 0 1
202 289 0.75 0 0 1
203 289 0.75 0 0 1
204 289 0.75 0 0 1
205 289 0.75 0 0 1
201 290.5 0.75 0 0 1
202 290.5 0.75 0 0 1
203 290.5 0.75 0 0 1
204 290.5 0.75 0 0 1
205 290.5 0.75 0 0 1
201 292 0.75 0 0 1
202 292 0.75 0 0 1
203 292 0.75 0 0 1
204 292 0.75 0 0 1
205 292 0.75 0 0 1
201 293.5 0.75 0 0 1
202 293.5 0.75 0 0 1
203 293.5 0.75 0 0 1
204 293.5 0.75 0 0 1
205 293.5 0.75 0 0 1
209 287.5 0.75 0 0 1
210 287.5 0.75 0 0 1
211 287.5 0.75 0 0 1
212 287.5 0.75 0 0 1
213 287.5 0.75 0 0 1
209 289 0.75 0 0 1
210 289 0.75 0 0 1
211 289 0.75 0 0 1
212 289 0.75 0 0 1
213 289 0.75 0 0 1
209 290.5 0.75 0 0 1
210 290.5 0.75 0 0 1
211 290.5 0.75 0 0 1
212 290.5 0.75 0 0 1
213 290.5 0.75 0 0 1
209 292 0.75 0 0 1
210 292 0.75 0 0 1
211 292 0.75 0 0 1
212 292 0.75 0 0 1
213 292 0.75 0 0 1
209 293.5 0.75 0 0 1
210 293.5 0.75 0 0 1
211 293.5 0.75 0 0 1
212 293.5 0.75 0 0 1
213 293.5 0.75 0 0 1
217 287.5 0.75 0 0 1
218 287.5 0.75 0 0 1
219 287.5 0.75 0 0 1
220 287.5 0.75 0 0 1
221 287.5 0.75 0 0 1
217 289 0.75 0 0 1
218 289 0.75 0 0 1
219 289 0.75 0 0 1
220 289 0.75 0 0 1
221 289 0.75 0 0 1
217 290.5 0.75 0 0 1
218 290.5 0.75 0 0 1
219 290.5 0.75 0 0 1
220 290.5 0.75 0 0 1
221 290.5 0.75 0 0 1
217 292 0.75 0 0 1
218 292 0.75 0 0 1
219 292 0.75 0 0 1
220 292 0.75 0 0 1
221 292 0.75 0 0 1
217 293.5 0.75 0 0 1
218 293.5 0.75 0 0 1
219 293.5 0.75 0 0 1
220 293.5 0.75 0 0 1
221 293.5 0.75 0 0 1
225 287.5 0.75 0 0 1
226 287.5 0.75 0 0 1
227 287.5 0.75 0 0 1
228 287.5 0.75 0 0 1
229 287.5 0.75 0 0 1
225 289 0.75 0 0 1
226 289 0.75 0 0 1
227 289 0.75 0 0 1
228 289 0.75 0 0 1
229 289 0.75 0 0 1
225 290.5 0.75 0 0 1
226 290.5 0.75 0 0 1
227 290.5 0.75 0 0 1
228 290.5 0.75 0 0 1
229 290.5 0.75 0 0 1
225 292 0.75 0 0 1
226 292 0.75 0 0 1
227 292 0.75 0 0 1
228 292 0.75 0 0 1
229 292 0.75 0 0 1
225 293.5 0.75 0 0 1
226 293.5 0.75 0 0 1
227 293.5 0.75 0 0 1
228 293.5 0.75 0 0 1
229 293.5 0.75 0 0 1
233 287.5 0.75 0 0 1
234 287.5 0.75 0 0 1
235 287.5 0.75 0 0 1
236 287.5 0.75 0 0 1
237 287.5 0.75 0 0 1
233 289 0.75 0 0 1
234 289 0.75 0 0 1
235 289 0.75 0 0 1
236 289 0.75 0 0 1
237 289 0.75 0 0 1
233 290.5 0.75 0 0 1
234 290.5 0.75 0 0 1
235 290.5 0.75 0 0 1
236 290.5 0.75 0 0 1
237 290.5 0.75 0 0 1
233 292 0.75 0 0 1
234 292 0.75 0 0 1
235 292 0.75 0 0 1
236 292 0.75 0 0 1
237 292 0.75 0 0 1
233 293.5 0.75 0 0 1
234 293.5 0.75 0 0 1
235 293.5 0.75 0 0 1
236 293.5 0.75 0 0 1
237 293.5 0.75 0 0 1
241 287.5 0.75 0 0 1
242 287.5 0.75 0 0 1
243 287.5 0.75 0 0 1
244 287.5 0.75 0 0 1
245 287.5 0.75 0 0 1
241 289 0.75 0 0 1
242 289 0.75 0 0 1
243 289 0.75 0 0 1
244 289 0.75 0 0 1
245 289 0.75 0 0 1
241 290.5 0.75 0 0 1
242 290.5 0.75 0 0 1
243 290.5 0.75 0 0 1
244 290.5 0.75 0 0 1
245 290.5 0.75 0 0 1
241 292 0.75 0 0 1
242 292 0.75 0 0 1
243 292 0.75 0 0 1
244 292 0.75 0 0 1
245 292 0.75 0 0 1
241 293.5 0.75 0 0 1
242 293.5 0.75 0 0 1
243 293.5 0.75 0 0 1
244 293.5 0.75 0 0 1
245 293.5 0.75 0 0 1
249 287.5 0.75 0 0 1
250 287.5 0.75 0 0 1
251 287.5 0.75 0 0 1
252 287.5 0.75 0 0 1
253 287.5 0.75 0 0 1
249 289 0.75 0 0 1
250 289 0.75 0 0 1
251 289 0.75 0 0 1
252 289 0.75 0 0 1
253 289 0.75 0 0 1
249 290.5 0.75 0 0 1
250 290.5 0.75 0 0 1
251 290.5 0.75 0 0 1
252 290.5 0.75 0 0 1
253 290.5 0.75 0 0 1
249 292 0.75 0 0 1
250 292 0.75 0 0 1
251 292 0.75 0 0 1
252 292 0.75 0 0 1
253 292 0.75 0 0 1
249 293.5 0.75 0 0 1
250 293.5 0.75 0 0 1
251 293.5 0.75 0 0 1
252 293.5 0.75 0 0 1
253 293.5 0.75 0 0 1
1 298.5 0.75 0 0 1
2 298.5 0.75 0 0 1
3 298.5 0.75 0 0 1
4 298.5 0.75 0 0 1
5 298.5 0.75 0 0 1
1 300 0.75 0 0 1
2 300 0.75 0 0 1
3 300 0.75 0 0 1
4 300 0.75 0 0 1
5 300 0.75 0 0 1
1 301.5 0.75 0 0 1
2 301.5 0.75 0 0 1
3 301.5 0.75 0 0 1
4 301.5 0.75 0 0 1
5 301.5 0.75 0 0 1
1 303 0.75 0 0 1
2 303 0.75 0 0 1
3 303 0.75 0 0 1
4 303 0.75 0 0 1
5 303 0.75 0 0 1
1 304.5 0.75 0 0 1
2 304.5 0.75 0 0 1
3 304.5 0.75 0 0 1
4 304.5 0.75 0 0 1
5 304.5 0.75 0 0 1
9 298.5 0.75 0 0 1
10 298.5 0.75 0 0 1
11 298.5 0.75 0 0 1
12 298.5 0.75 0 0 1
13 298.5 0.75 0 0 1
9 300 0.75 0 0 1
10 300 0.75 0 0 1
11 300 0.75 0 0 1
12 300 0.75 0 0 1
13 300 0.75 0 0 1
9 301.5 0.75 0 0 1
10 301.5 0.75 0 0 1
11 301.5 0.75 0 0 1
12 301.5 0.75 0 0 1
13 301.5 0.75 0 0 1
9 303 0.75 0 0 1
10 303 0.75 0 0 1
11 303 0.75 0 0 1
12 303 0.75 0 0 1
13 303 0.75 0 0 1
9 304.5 0.75 0 0 1
10 304.5 0.75 0 0 1
11 304.5 0.75 0 0 1
12 304.5 0.75 0 0 1
13 304.5 0.75 0 0 1
17 298.5 0.75 0 0 1
18 298.5 0.75 0 0 1
19 298.5 0.75 0 0 1
20 298.5 0.75 0 0 1
21 298.5 0.75 0 0 1
17 300 0.75 0 0 1
18 300 0.75 0 0 1
19 300 0.75 0 0 1
20 300 0.75 0 0 1
21 300 0.75 0 0 1
17 301.5 0.75 0 0 1
18 301.5 0.75 0 0 1
19 301.5 0.75 0 0 1
20 301.5 0.75 0 0 1
21 301.5 0.75 0 0 1
17 303 0.75 0 0 1
18 303 0.75 0 0 1
19 303 0.75 0 0 1
20 303 0.75 0 0 1
21 303 0.75 0 0 1
17 304.5 0.75 0 0 1
18 304.5 0.75 0 0 1
19 304.5 0.75 0 0 1
20 304.5 0.75 0 0 1
21 304.5 0.75 0 0 1
25 298.5 0.75 0 0 1
26 298.5 0.75 0 0 1
27 298.5 0.75 0 0 1
28 298.5 0.75 0 0 1
29 298.5 0.75 0 0 1
25 300 0.75 0 0 1
26 300 0.75 0 0 1
27 300 0.75 0 0 1
28 300 0.75 0 0 1
29 300 0.75 0 0 1
25 301.5 0.75 0 0 1
26 301.5 0.75 0 0 1
27 301.5 0.75 0 0 1
28 301.5 0.75 0 0 1
29 301.5 0.75 0 0 1
25 303 0.75 0 0 1
26 303 0.75 0 0 1
27 303 0.75 0 0 1
28 303 0.75 0 0 1
29 303 0.75 0 0 1
25 304.5 0.75 0 0 1
26 304.5 0.75 0 0 1
27 304.5 0.75 0 0 1
28 304.5 0.75 0 0 1
29 304.5 0.75 0 0 1
33 298.5 0.75 0 0 1
34 298.5 0.75 0 0 1
35 298.5 0.75 0 0 1
36 298.5 0.75 0 0 1
37 298.5 0.75 0 0 1
33 300 0.75 0 0 1
34 300 0.75 0 0 1
35 300 0.75 0 0 1
36 300 0.75 0 0 1
37 300 0.75 0 0 1
33 301.5 0.75 0 0 1
34 301.5 0.75 0 0 1
35 301.5 0.75 0 0 1
36 301.5 0.75 0 0 1
37 301.5 0.75 0 0 1
33 303 0.75 0 0 1
34 303 0.75 0 0 1
35 303 0.75 0 0 1
36 303 0.75 0 0 1
37 303 0.75 0 0 1
33 304.5 0.75 0 0 1
34 304.5 0.75 0 0 1
35 304.5 0.75 0 0 1
36 304.5 0.75 0 0 1
37 304.5 0.75 0 0 1
41 298.5 0.75 0 0 1
42 298.5 0.75 0 0 1
43 298.5 0.75 0 0 1
44 298.5 0.75 0 0 1
45 298.5 0.75 0 0 1
41 300 0.75 0 0 1
42 300 0.75 0 0 1
43 300 0.75 0 0 1
44 300 0.75 0 0 1
45 300 0.75 0 0 1
41 301.5 0.75 0 0 1
42 301.5 0.75 0 0 1
43 301.5 0.75 0 0 1
44 301.5 0.75 0 0 1
45 301.5 0.75 0 0 1
41 303 0.75 0 0 1
42 303 0.75 0 0 1
43 303 0.75 0 0 1
44 303 0.75 0 0 1
45 303 0.75 0 0 1
41 304.5 0.75 0 0 1
42 304.5 0.75 0 0 1
43 304.5 0.75 0 0 1
44 304.5 0.75 0 0 1
45 304.5 0.75 0 0 1
49 298.5 0.75 0 0 1
50 298.5 0.75 0 0 1
51 298.5 0.75 0 0 1
52 298.5 0.75 0 0 1
53 298.5 0.75 0 0 1
49 300 0.75 0 0 1
50 300 0.75 0 0 1
51 300 0.75 0 0 1
52 300 0.75 0 0 1
53 300 0.75 0 0 1
49 301.5 0.75 0 0 1
50 301.5 0.75 0 0 1
51 301.5 0.75 0 0 1
52 301.5 0.75 0 0 1
53 301.5 0.75 0 0 1
49 303 0.75 0 0 1
50 303 0.75 0 0 1
51 303 0.75 0 0 1
52 303 0.75 0 0 1
53 303 0.75 0 0 1
49 304.5 0.75 0 0 1
50 304.5 0.75 0 0 1
51 304.5 0.75 0 0 1
52 304.5 0.75 0 0 1
53 304.5 0.75 0 0 1
57 298.5 0.75 0 0 1
58 298.5 0.75 0 0 1
59 298.5 0.75 0 0 1
60 298.5 0.75 0 0 1
61 298.5 0.75 0 0 1
57 300 0.75 0 0 1
58 300 0.75 0 0 1
59 300 0.75 0 0 1
60 300 0.75 0 0 1
61 300 0.75 0 0 1
57 301.5 0.75 0 0 1
58 301.5 0.75 0 0 1
59 301.5 0.75 0 0 1
60 301.5 0.75 0 0 1
61 301.5 0.75 0 0 1
57 303 0.75 0 0 1
58 303 0.75 0 0 1
59 303 0.75 0 0 1
60 303 0.75 0 0 1
61 303 0.75 0 0 1
57 304.5 0.75 0 0 1
58 304.5 0.75 0 0 1
59 304.5 0.75 0 0 1
60 304.5 0.75 0 0 1
61 304.5 0.75 0 0 1
65 298.5 0.75 0 0 1
66 298.5 0.75 0 0 1
67 298.5 0.75 0 0 1
68 298.5 0.75 0 0 1
69 298.5 0.75 0 0 1
65 300 0.75 0 0 1
66 300 0.75 0 0 1
67 300 0.75 0 0 1
68 300 0.75 0 0 1
69 300 0.75 0 0 1
65 301.5 0.75 0 0 1
66 301.5 0.75 0 0 1
67 301.5 0.75 0 0 1
68 301.5 0.75 0 0 1
69 301.5 0.75 0 0 1
65 303 0.75 0 0 1
66 303 0.75 0 0 1
67 303 0.75 0 0 1
68 303 0.75 0 0 1
69 303 0.75 0 0 1
65 304.5 0.75 0 0 1
66 304.5 0.75 0 0 1
67 304.5 0.75 0 0 1
68 304.5 0.75 0 0 1
69 304.5 0.75 0 0 1
73 298.5 0.75 0 0 1
74 298.5 0.75 0 0 1
75 298.5 0.75 0 0 1
76 298.5 0.75 0 0 1
77 298.5 0.75 0 0 1
73 300 0.75 0 0 1
74 300 0.75 0 0 1
75 300 0.75 0 0 1
76 300 0.75 0 0 1
77 300 0.75 0 0 1
73 301.5 0.75 0 0 1
74 301.5 0.75 0 0 1
75 301.5 0.75 0 0 1
76 301.5 0.75 0 0 1
77 301.5 0.75 0 0 1
73 303 0.75 0 0 1
74 303 0.75 0 0 1
75 303 0.75 0 0 1
76 303 0.75 0 0 1
77 303 0.75 0 0 1
73 304.5 0.75 0 0 1
74 304.5 0.75 0 0 1
75 304.5 0.75 0 0 1
76 304.5 0.75 0 0 1
77 304.5 0.75 0 0 1
81 298.5 0.75 0 0 1
82 298.5 0.75 0 0 1
83 298.5 0.75 0 0 1
84 298.5 0.75 0 0 1
85 298.5 0.75 0 0 1
81 300 0.75 0 0 1
82 300 0.75 0 0 1
83 300 0.75 0 0 1
84 300 0.75 0 0 1
85 300 0.75 0 0 1
81 301.5 0.75 0 0 1
82 301.5 0.75 0 0 1
83 301.5 0.75 0 0 1
84 301.5 0.75 0 0 1
85 301.5 0.75 0 0 1
81 303 0.75 0 0 1
82 303 0.75 0 0 1
83 303 0.75 0 0 1
84 303 0.75 0 0 1
85 303 0.75 0 0 1
81 304.5 0.75 0 0 1
82 304.5 0.75 0 0 1
83 304.5 0.75 0 0 1
84 304.5 0.75 0 0 1
85 304.5 0.75 0 0 1
89 298.5 0.75 0 0 1
90 298.5 0.75 0 0 1
91 298.5 0.75 0 0 1
92 298.5 0.75 0 0 1
93 298.5 0.75 0 0 1
89 300 0.75 0 0 1
90 300 0.75 0 0 1
91 300 0.75 0 0 1
92 300 0.75 0 0 1
93 300 0.75 0 0 1
89 301.5 0.75 0 0 1
90 301.5 0.75 0 0 1
91 301.5 0.75 0 0 1
92 301.5 0.75 0 0 1
93 301.5 0.75 0 0 1
89 303 0.75 0 0 1
90 303 0.75 0 0 1
91 303 0.75 0 0 1
92 303 0.75 0 0 1
93 303 0.75 0 0 1
89 304.5 0.75 0 0 1
90 304.5 0.75 0 0 1
91 304.5 0.75 0 0 1
92 304.5 0.75 0 0 1
93 304.5 0.75 0 0 1
97 298.5 0.75 0 0 1
98 298.5 0.75 0 0 1
99 298.5 0.75 0 0 1
100 298.5 0.75 0 0 1
101 298.5 0.75 0 0 1
97 300 0.75 0 0 1
98 300 0.75 0 0 1
99 300 0.75 0 0 1
100 300 0.75 0 0 1
101 300 0.75 0 0 1
97 301.5 0.75 0 0 1
98 301.5 0.75 0 0 1
99 301.5 0.75 0 0 1
100 301.5 0.75 0 0 1
101 301.5 0.75 0 0 1
97 303 0.75 0 0 1
98 303 0.75 0 0 1
99 303 0.75 0 0 1
100 303 0.75 0 0 1
101 303 0.75 0 0 1
97 304.5 0.75 0 0 1
98 304.5 0.75 0 0 1
99 304.5 0.75 0 0 1
100 304.5 0.75 0 0 1
101 304.5 0.75 0 0 1
105 298.5 0.75 0 0 1
106 298.5 0.75 0 0 1
107 298.5 0.75 0 0 1
108 298.5 0.75 0 0 1
109 298.5 0.75 0 0 1
105 300 0.75 0 0 1
106 300 0.75 0 0 1
107 300 0.75 0 0 1
108 300 0.75 0 0 1
109 300 0.75 0 0 1
105 301.5 0.75 0 0 1
106 301.5 0.75 0 0 1
107 301.5 0.75 0 0 1
108 301.5 0.75 0 0 1
109 301.5 0.75 0 0 1
105 303 0.75 0 0 1
106 303 0.75 0 0 1
107 303 0.75 0 0 1
108 303 0.75 0 0 1
109 303 0.75 0 0 1
105 304.5 0.75 0 0 1
106 304.5 0.75 0 0 1
107 304.5 0.75 0 0 1
108 304.5 0.75 0 0 1
109 304.5 0.75 0 0 1
113 298.5 0.75 0 0 1
114 298.5 0.75 0 0 1
115 298.5 0.75 0 0 1
116 298.5 0.75 0 0 1
117 298.5 0.75 0 0 1
113 300 0.75 0 0 1
114 300 0.75 0 0 1
115 300 0.75 0 0 1
116 300 0.75 0 0 1
117 300 0.75 0 0 1
113 301.5 0.75 0 0 1
114 301.5 0.75 0 0 1
115 301.5 0.75 0 0 1
116 301.5 0.75 0 0 1
117 301.5 0.75 0 0 1
113 303 0.75 0 0 1
114 303 0.75 0 0 1
115 303 0.75 0 0 1
116 303 0.75 0 0 1
117 303 0.75 0 0 1
113 304.5 0.75 0 0 1
114 304.5 0.75 0 0 1
115 304.5 0.75 0 0 1
116 304.5 0.75 0 0 1
117 304.5 0.75 0 0 1
121 298.5 0.75 0 0 1
122 298.5 0.75 0 0 1
123 298.5 0.75 0 0 1
124 298.5 0.75 0 0 1
125 298.5 0.75 0 0 1
121 300 0.75 0 0 1
122 300 0.75 0 0 1
123 300 0.75 0 0 1
124 300 0.75 0 0 1
125 300 0.75 0 0 1
121 301.5 0.75 0 0 1
122 301.5 0.75 0 0 1
123 301.5 0.75 0 0 1
124 301.5 0.75 0 0 1
125 301.5 0.75 0 0 1
121 303 0.75 0 0 1
122 303 0.75 0 0 1
123 303 0.75 0 0 1
124 303 0.75 0 0 1
125 303 0.75 0 0 1
121 304.5 0.75 0 0 1
122 304.5 0.75 0 0 1
123 304.5 0.75 0 0 1
124 304.5 0.75 0 0 1
125 304.5 0.75 0 0 1
129 298.5 0.75 0 0 1
130 298.5 0.75 0 0 1
131 298.5 0.75 0 0 1
132 298.5 0.75 0 0 1
133 298.5 0.75 0 0 1
129 300 0.75 0 0 1
130 300 0.75 0 0 1
131 300 0.75 0 0 1
132 300 0.75 0 0 1
133 300 0.75 0 0 1
129 301.5 0.75 0 0 1
130 301.5 0.75 0 0 1
131 301.5 0.75 0 0 1
132 301.5 0.75 0 0 1
133 301.5 0.75 0 0 1
129 303 0.75 0 0 1
130 303 0.75 0 0 1
131 303 0.75 0 0 1
132 303 0.75 0 0 1
133 303 0.75 0 0 1
129 304.5 0.75 0 0 1
130 304.5 0.75 0 0 1
131 304.5 0.75 0 0 1
132 304.5 0.75 0 0 1
133 304.5 0.75 0 0 1
137 298.5 0.75 0 0 1
138 298.5 0.75 0 0 1
139 298.5 0.75 0 0 1
140 298.5 0.75 0 0 1
141 298.5 0.75 0 0 1
137 300 0.75 0 0 1
138 300 0.75 0 0 1
139 300 0.75 0 0 1
140 300 0.75 0 0 1
141 300 0.75 0 0 1
137 301.5 0.75 0 0 1
138 301.5 0.75 0 0 1
139 301.5 0.75 0 0 1
140 301.5 0.75 0 0 1
141 301.5 0.75 0 0 1
137 303 0.75 0 0 1
138 303 0.75 0 0 1
139 303 0.75 0 0 1
140 303 0.75 0 0 1
141 303 0.75 0 0 1
137 304.5 0.75 0 0 1
138 304.5 0.75 0 0 1
139 304.5 0.75 0 0 1
140 304.5 0.75 0 0 1
141 304.5 0.75 0 0 1
145 298.5 0.75 0 0 1
146 298.5 0.75 0 0 1
147 298.5 0.75 0 0 1
148 298.5 0.75 0 0 1
149 298.5 0.75 0 0 1
145 300 0.75 0 0 1
146 300 0.75 0 0 1
147 300 0.75 0 0 1
148 300 0.75 0 0 1
149 300 0.75 0 0 1
145 301.5 0.75 0 0 1
146 301.5 0.75 0 0 1
147 301.5 0.75 0 0 1
148 301.5 0.75 0 0 1
149 301.5 0.75 0 0 1
145 303 0.75 0 0 1
146 303 0.75 0 0 1
147 303 0.75 0 0 1
148 303 0.75 0 0 1
149 303 0.75 0 0 1
145 304.5 0.75 0 0 1
146 304.5 0.75 0 0 1
147 304.5 0.75 0 0 1
148 304.5 0.75 0 0 1
149 304.5 0.75 0 0 1
153 298.5 0.75 0 0 1
154 298.5 0.75 0 0 1
155 298.5 0.75 0 0 1
156 298.5 0.75 0 0 1
157 298.5 0.75 0 0 1
153 300 0.75 0 0 1
154 300 0.75 0 0 1
155 300 0.75 0 0 1
156 300 0.75 0 0 1
157 300 0.75 0 0 1
153 301.5 0.75 0 0 1
154 301.5 0.75 0 0 1
155 301.5 0.75 0 0 1
156 301.5 0.75 0 0 1
157 301.5 0.75 0 0 1
153 303 0.75 0 0 1
154 303 0.75 0 0 1
155 303 0.75 0 0 1
156 303 0.75 0 0 1
157 303 0.75 0 0 1
153 304.5 0.75 0 0 1
154 304.5 0.75 0 0 1
155 304.5 0.75 0 0 1
156 304.5 0.75 0 0 1
157 304.5 0.75 0 0 1
161 298.5 0.75 0 0 1
162 298.5 0.75 0 0 1
163 298.5 0.75 0 0 1
164 298.5 0.75 0 0 1
165 298.5 0.75 0 0 1
161 300 0.75 0 0 1
162 300 0.75 0 0 1
163 300 0.75 0 0 1
164 300 0.75 0 0 1
165 300 0.75 0 0 1
161 301.5 0.75 0 0 1
162 301.5 0.75 0 0 1
163 301.5 0.75 0 0 1
164 301.5 0.75 0 0 1
165 301.5 0.75 0 0 1
161 303 0.75 0 0 1
162 303 0.75 0 0 1
163 303 0.75 0 0 1
164 303 0.75 0 0 1
165 303 0.75 0 0 1
161 304.5 0.75 0 0 1
162 304.5 0.75 0 0 1
163 304.5 0.75 0 0 1
164 304.5 0.75 0 0 1
165 304.5 0.75 0 0 1
169 298.5 0.75 0 0 1
170 298.5 0.75 0 0 1
171 298.5 0.75 0 0 1
172 298.5 0.75 0 0 1
173 298.5 0.75 0 0 1
169 300 0.75 0 0 1
170 300 0.75 0 0 1
171 300 0.75 0 0 1
172 300 0.75 0 0 1
173 300 0.75 0 0 1
169 301.5 0.75 0 0 1
170 301.5 0.75 0 0 1
171 301.5 0.75 0 0 1
172 301.5 0.75 0 0 1
173 301.5 0.75 0 0 1
169 303 0.75 0 0 1
170 303 0.75 0 0 1
171 303 0.75 0 0 1
172 303 0.75 0 0 1
173 303 0.75 0 0 1
169 304.5 0.75 0 0 1
170 304.5 0.75 0 0 1
171 304.5 0.75 0 0 1
172 304.5 0.75 0 0 1
173 304.5 0.75 0 0 1
177 298.5 0.75 0 0 1
178 298.5 0.75 0 0 1
179 298.5 0.75 0 0 1
180 298.5 0.75 0 0 1
181 298.5 0.75 0 0 1
177 300 0.75 0 0 1
178 300 0.75 0 0 1
179 300 0.75 0 0 1
180 300 0.75 0 0 1
181 300 0.75 0 0 1
177 301.5 0.75 0 0 1
178 301.5 0.75 0 0 1
179 301.5 0.75 0 0 1
180 301.5 0.75 0 0 1
181 301.5 0.75 0 0 1
177 303 0.75 0 0 1
178 303 0.75 0 0 1
179 303 0.75 0 0 1
180 303 0.75 0 0 1
181 303 0.75 0 0 1
177 304.5 0.75 0 0 1
178 304.5 0.75 0 0 1
179 304.5 0.75 0 0 1
180 304.5 0.75 0 0 1
181 304.5 0.75 0 0 1
185 298.5 0.75 0 0 1
186 298.5 0.75 0 0 1
187 298.5 0.75 0 0 1
188 298.5 0.75 0 0 1
189 298.5 0.75 0 0 1
185 300 0.75 0 0 1
186 300 0.75 0 0 1
187 300 0.75 0 0 1
188 300 0.75 0 0 1
189 300 0.75 0 0 1
185 301.5 0.75 0 0 1
186 301.5 0.75 0 0 1
187 301.5 0.75 0 0 1
188 301.5 0.75 0 0 1
189 301.5 0.75 0 0 1
185 303 0.75 0 0 1
186 303 0.75 0 0 1
187 303 0.75 0 0 1
188 303 0.75 0 0 1
189 303 0.75 0 0 1
185 304.5 0.75 0 0 1
186 304.5 0.75 0 0 1
187 304.5 0.75 0 0 1
188 304.5 0.75 0 0 1
189 304.5 0.75 0 0 1
193 298.5 0.75 0 0 1
194 298.5 0.75 0 0 1
195 298.5 0.75 0 0 1
196 298.5 0.75 0 0 1
197 298.5 0.75 0 0 1
193 300 0.75 0 0 1
194 300 0.75 0 0 1
195 300 0.75 0 0 1
196 300 0.75 0 0 1
197 300 0.75 0 0 1
193 301.5 0.75 0 0 1
194 301.5 0.75 0 0 1
195 301.5 0.75 0 0 1
196 301.5 0.75 0 0 1
197 301.5 0.75 0 0 1
193 303 0.75 0 0 1
194 303 0.75 0 0 1
195 303 0.75 0 0 1
196 303 0.75 0 0 1
197 303 0.75 0 0 1
193 304.5 0.75 0 0 1
194 304.5 0.75 0 0 1
195 304.5 0.75 0 0 1
196 304.5 0.75 0 0 1
197 304.5 0.75 0 0 1
201 298.5 0.75 0 0 1
202 298.5 0.75 0 0 1
203 298.5 0.75 0 0 1
204 298.5 0.75 0 0 1
205 298.5 0.75 0 0 1
201 300 0.75 0 0 1
202 300 0.75 0 0 1
203 300 0.75 0 0 1
204 300 0.75 0 0 1
205 300 0.75 0 0 1
201 301.5 0.75 0 0 1
202 301.5 0.75 0 0 1
203 301.5 0.75 0 0 1
204 301.5 0.75 0 0 1
205 301.5 0.75 0 0 1
201 303 0.75 0 0 1
202 303 0.75 0 0 1
203 303 0.75 0 0 1
204 303 0.75 0 0 1
205 303 0.75 0 0 1
201 304.5 0.75 0 0 1
202 304.5 0.75 0 0 1
203 304.5 0.75 0 0 1
204 304.5 0.75 0 0 1
205 304.5 0.75 0 0 1
209 298.5 0.75 0 0 1
210 298.5 0.75 0 0 1
211 298.5 0.75 0 0 1
212 298.5 0.75 0 0 1
213 298.5 0.75 0 0 1
209 300 0.75 0 0 1
210 300 0.75 0 0 1
211 300 0.75 0 0 1
212 300 0.75 0 0 1
213 300 0.75 0 0 1
209 301.5 0.75 0 0 1
210 301.5 0.75 0 0 1
211 301.5 0.75 0 0 1
212 301.5 0.75 0 0 1
213 301.5 0.75 0 0 1
209 303 0.75 0 0 1
210 303 0.75 0 0 1
211 303 0.75 0 0 1
212 303 0.75 0 0 1
213 303 0.75 0 0 1
209 304.5 0.75 0 0 1
210 304.5 0.75 0 0 1
211 304.5 0.75 0 0 1
212 304.5 0.75 0 0 1
213 304.5 0.75 0 0 1
217 298.5 0.75 0 0 1
218 298.5 0.75 0 0 1
219 298.5 0.75 0 0 1
220 298.5 0.75 0 0 1
221 298.5 0.75 0 0 1
217 300 0.75 0 0 1
218 300 0.75 0 0 1
219 300 0.75 0 0 1
220 300 0.75 0 0 1
221 300 0.75 0 0 1
217 301.5 0.75 0 0 1
218 301.5 0.75 0 0 1
219 301.5 0.75 0 0 1
220 301.5 0.75 0 0 1
221 301.5 0.75 0 0 1
217 303 0.75 0 0 1
218 303 0.75 0 0 1
219 303 0.75 0 0 1
220 303 0.75 0 0 1
221 303 0.75 0 0 1
217 304.5 0.75 0 0 1
218 304.5 0.75 0 0 1
219 304.5 0.75 0 0 1
220 304.5 0.75 0 0 1
221 304.5 0.75 0 0 1
225 298.5 0.75 0 0 1
226 298.5 0.75 0 0 1
227 298.5 0.75 0 0 1
228 298.5 0.75 0 0 1
229 298.5 0.75 0 0 1
225 300 0.75 0 0 1
226 300 0.75 0 0 1
227 300 0.75 0 0 1
228 300 0.75 0 0 1
229 300 0.75 0 0 1
225 301.5 0.75 0 0 1
226 301.5 0.75 0 0 1
227 301.5 0.75 0 0 1
228 301.5 0.75 0 0 1
229 301.5 0.75 0 0 1
225 303 0.75 0 0 1
226 303 0.75 0 0 1
227 303 0.75 0 0 1
228 303 0.75 0 0 1
229 303 0.75 0 0 1
225 304.5 0.75 0 0 1
226 304.5 0.75 0 0 1
227 304.5 0.75 0 0 1
228 304.5 0.75 0 0 1
229 304.5 0.75 0 0 1
233 298.5 0.75 0 0 1
234 298.5 0.75 0 0 1
235 298.5 0.75 0 0 1
236 298.5 0.75 0 0 1
237 298.5 0.75 0 0 1
233 300 0.75 0 0 1
234 300 0.75 0 0 1
235 300 0.75 0 0 1
236 300 0.75 0 0 1
237 300 0.75 0 0 1
233 301.5 0.75 0 0 1
234 301.5 0.75 0 0 1
235 301.5 0.75 0 0 1
236 301.5 0.75 0 0 1
237 301.5 0.75 0 0 1
233 303 0.75 0 0 1
234 303 0.75 0 0 1
235 303 0.75 0 0 1
236 303 0.75 0 0 1
237 303 0.75 0 0 1
233 304.5 0.75 0 0 1
234 304.5 0.75 0 0 1
235 304.5 0.75 0 0 1
236 304.5 0.75 0 0 1
237 304.5 0.75 0 0 1
241 298.5 0.75 0 0 1
242 298.5 0.75 0 0 1
243 298.5 0.75 0 0 1
244 298.5 0.75 0 0 1
245 298.5 0.75 0 0 1
241 300 0.75 0 0 1
242 300 0.75 0 0 1
243 300 0.75 0 0 1
244 300 0.75 0 0 1
245 300 0.75 0 0 1
241 301.5 0.75 0 0 1
242 301.5 0.75 0 0 1
243 301.5 0.75 0 0 1
244 301.5 0.75 0 0 1
245 301.5 0.75 0 0 1
241 303 0.75 0 0 1
242 303 0.75 0 0 1
243 303 0.75 0 0 1
244 303 0.75 0 0 1
245 303 0.75 0 0 1
241 304.5 0.75 0 0 1
242 304.5 0.75 0 0 1
243 304.5 0.75 0 0 1
244 304.5 0.75 0 0 1
245 304.5 0.75 0 0 1
249 298.5 0.75 0 0 1
250 298.5 0.75 0 0 1
251 298.5 0.75 0 0 1
252 298.5 0.75 0 0 1
253 298.5 0.75 0 0 1
249 300 0.75 0 0 1
250 300 0.75 0 0 1
251 300 0.75 0 0 1
252 300 0.75 0 0 1
253 300 0.75 0 0 1
249 301.5 0.75 0 0 1
250 301.5 0.75 0 0 1
251 301.5 0.75 0 0 1
252 301.5 0.75 0 0 1
253 301.5 0.75 0 0 1
249 303 0.75 0 0 1
250 303 0.75 0 0 1
251 303 0.75 0 0 1
252 303 0.75 0 0 1
253 303 0.75 0 0 1
249 304.5 0.75 0 0 1
250 304.5 0.75 0 0 1
251 304.5 0.75 0 0 1
252 304.5 0.75 0 0 1
253 304.5 0.75 0 0 1
1 309.5 0.75 0 0 1
2 309.5 0.75 0 0 1
3 309.5 0.75 0 0 1
4 309.5 0.75 0 0 1
5 309.5 0.75 0 0 1
1 311 0.75 0 0 1
2 311 0.75 0 0 1
3 311 0.75 0 0 1
4 311 0.75 0 0 1
5 311 0.75 0 0 1
1 312.5 0.75 0 0 1
2 312.5 0.75 0 0 1
3 312.5 0.75 0 0 1
4 312.5 0.75 0 0 1
5 312.5 0.75 0 0 1
1 314 0.75 0 0 1
2 314 0.75 0 0 1
3 314 0.75 0 0 1
4 314 0.75 0 0 1
5 314 0.75 0 0 1
1 315.5 0.75 0 0 1
2 315.5 0.75 0 0 1
3 315.5 0.75 0 0 1
4 315.5 0.75 0 0 1
5 315.5 0.75 0 0 1
9 309.5 0.75 0 0 1
10 309.5 0.75 0 0 1
11 309.5 0.75 0 0 1
12 309.5 0.75 0 0 1
13 309.5 0.75 0 0 1
9 311 0.75 0 0 1
10 311 0.75 0 0 1
11 311 0.75 0 0 1
12 311 0.75 0 0 1
13 311 0.75 0 0 1
9 312.5 0.75 0 0 1
10 312.5 0.75 0 0 1
11 312.5 0.75 0 0 1
12 312.5 0.75 0 0 1
13 312.5 0.75 0 0 1
9 314 0.75 0 0 1
10 314 0.75 0 0 1
11 314 0.75 0 0 1
12 314 0.75 0 0 1
13 314 0.75 0 0 1
9 315.5 0.75 0 0 1
10 315.5 0.75 0 0 1
11 315.5 0.75 0 0 1
12 315.5 0.75 0 0 1
13 315.5 0.75 0 0 1
17 309.5 0.75 0 0 1
18 309.5 0.75 0 0 1
19 309.5 0.75 0 0 1
20 309.5 0.75 0 0 1
21 309.5 0.75 0 0 1
17 311 0.75 0 0 1
18 311 0.75 0 0 1
19 311 0.75 0 0 1
20 311 0.75 0 0 1
21 311 0.75 0 0 1
17 312.5 0.75 0 0 1
18 312.5 0.75 0 0 1
19 312.5 0.75 0 0 1
20 312.5 0.75 0 0 1
21 312.5 0.75 0 0 1
17 314 0.75 0 0 1
18 314 0.75 0 0 1
19 314 0.75 0 0 1
20 314 0.75 0 0 1
21 314 0.75 0 0 1
17 315.5 0.75 0 0 1
18 315.5 0.75 0 0 1
19 315.5 0.75 0 0 1
20 315.5 0.75 0 0 1
21 315.5 0.75 0 0 1
25 309.5 0.75 0 0 1
26 309.5 0.75 0 0 1
27 309.5 0.75 0 0 1
28 309.5 0.75 0 0 1
29 309.5 0.75 0 0 1
25 311 0.75 0 0 1
26 311 0.75 0 0 1
27 311 0.75 0 0 1
28 311 0.75 0 0 1
29 311 0.75 0 0 1
25 312.5 0.75 0 0 1
26 312.5 0.75 0 0 1
27 312.5 0.75 0 0 1
28 312.5 0.75 0 0 1
29 312.5 0.75 0 0 1
25 314 0.75 0 0 1
26 314 0.75 0 0 1
27 314 0.75 0 0 1
28 314 0.75 0 0 1
29 314 0.75 0 0 1
25 315.5 0.75 0 0 1
26 315.5 0.75 0 0 1
27 315.5 0.75 0 0 1
28 315.5 0.75 0 0 1
29 315.5 0.75 0 0 1
33 309.5 0.75 0 0 1
34 309.5 0.75 0 0 1
35 309.5 0.75 0 0 1
36 309.5 0.75 0 0 1
37 309.5 0.75 0 0 1
33 311 0.75 0 0 1
34 311 0.75 0 0 1
35 311 0.75 0 0 1
36 311 0.75 0 0 1
37 311 0.75 0 0 1
33 312.5 0.75 0 0 1
34 312.5 0.75 0 0 1
35 312.5 0.75 0 0 1
36 312.5 0.75 0 0 1
37 312.5 0.75 0 0 1
33 314 0.75 0 0 1
34 314 0.75 0 0 1
35 314 0.75 0 0 1
36 314 0.75 0 0 1
37 314 0.75 0 0 1
33 315.5 0.75 0 0 1
34 315.5 0.75 0 0 1
35 315.5 0.75 0 0 1
36 315.5 0.75 0 0 1
37 315.5 0.75 0 0 1
41 309.5 0.75 0 0 1
42 309.5 0.75 0 0 1
43 309.5 0.75 0 0 1
44 309.5 0.75 0 0 1
45 309.5 0.75 0 0 1
41 311 0.75 0 0 1
42 311 0.75 0 0 1
43 311 0.75 0 0 1
44 311 0.75 0 0 1
45 311 0.75 0 0 1
41 312.5 0.75 0 0 1
42 312.5 0.75 0 0 1
43 312.5 0.75 0 0 1
44 312.5 0.75 0 0 1
45 312.5 0.75 0 0 1
41 314 0.75 0 0 1
42 314 0.75 0 0 1
43 314 0.75 0 0 1
44 314 0.75 0 0 1
45 314 0.75 0 0 1
41 315.5 0.75 0 0 1
42 315.5 0.75 0 0 1
43 315.5 0.75 0 0 1
44 315.5 0.75 0 0 1
45 315.5 0.75 0 0 1
49 309.5 0.75 0 0 1
50 309.5 0.75 0 0 1
51 309.5 0.75 0 0 1
52 309.5 0.75 0 0 1
53 309.5 0.75 0 0 1
49 311 0.75 0 0 1
50 311 0.75 0 0 1
51 311 0.75 0 0 1
52 311 0.75 0 0 1
53 311 0.75 0 0 1
49 312.5 0.75 0 0 1
50 312.5 0.75 0 0 1
51 312.5 0.75 0 0 1
52 312.5 0.75 0 0 1
53 312.5 0.75 0 0 1
49 314 0.75 0 0 1
50 314 0.75 0 0 1
51 314 0.75 0 0 1
52 314 0.75 0 0 1
53 314 0.75 0 0 1
49 315.5 0.75 0 0 1
50 315.5 0.75 0 0 1
51 315.5 0.75 0 0 1
52 315.5 0.75 0 0 1
53 315.5 0.75 0 0 1
57 309.5 0.75 0 0 1
58 309.5 0.75 0 0 1
59 309.5 0.75 0 0 1
60 309.5 0.75 0 0 1
61 309.5 0.75 0 0 1
57 311 0.75 0 0 1
58 311 0.75 0 0 1
59 311 0.75 0 0 1
60 311 0.75 0 0 1
61 311 0.75 0 0 1
57 312.5 0.75 0 0 1
58 312.5 0.75 0 0 1
59 312.5 0.75 0 0 1
60 312.5 0.75 0 0 1
61 312.5 0.75 0 0 1
57 314 0.75 0 0 1
58 314 0.75 0 0 1
59 314 0.75 0 0 1
60 314 0.75 0 0 1
61 314 0.75 0 0 1
57 315.5 0.75 0 0 1
58 315.5 0.75 0 0 1
59 315.5 0.75 0 0 1
60 315.5 0.75 0 0 1
61 315.5 0.75 0 0 1
65 309.5 0.75 0 0 1
66 309.5 0.75 0 0 1
67 309.5 0.75 0 0 1
68 309.5 0.75 0 0 1
69 309.5 0.75 0 0 1
65 311 0.75 0 0 1
66 311 0.75 0 0 1
67 311 0.75 0 0 1
68 311 0.75 0 0 1
69 311 0.75 0 0 1
65 312.5 0.75 0 0 1
66 312.5 0.75 0 0 1
67 312.5 0.75 0 0 1
68 312.5 0.75 0 0 1
69 312.5 0.75 0 0 1
65 314 0.75 0 0 1
66 314 0.75 0 0 1
67 314 0.75 0 0 1
68 314 0.75 0 0 1
69 314 0.75 0 0 1
65 315.5 0.75 0 0 1
66 315.5 0.75 0 0 1
67 315.5 0.75 0 0 1
68 315.5 0.75 0 0 1
69 315.5 0.75 0 0 1
73 309.5 0.75 0 0 1
74 309.5 0.75 0 0 1
75 309.5 0.75 0 0 1
76 309.5 0.75 0 0 1
77 309.5 0.75 0 0 1
73 311 0.75 0 0 1
74 311 0.75 0 0 1
75 311 0.75 0 0 1
76 311 0.75 0 0 1
77 311 0.75 0 0 1
73 312.5 0.75 0 0 1
74 312.5 0.75 0 0 1
75 312.5 0.75 0 0 1
76 312.5 0.75 0 0 1
77 312.5 0.75 0 0 1
73 314 0.75 0 0 1
74 314 0.75 0 0 1
75 314 0.75 0 0 1
76 314 0.75 0 0 1
77 314 0.75 0 0 1
73 315.5 0.75 0 0 1
74 315.5 0.75 0 0 1
75 315.5 0.75 0 0 1
76 315.5 0.75 0 0 1
77 315.5 0.75 0 0 1
81 309.5 0.75 0 0 1
82 309.5 0.75 0 0 1
83 309.5 0.75 0 0 1
84 309.5 0.75 0 0 1
85 309.5 0.75 0 0 1
81 311 0.75 0 0 1
82 311 0.75 0 0 1
83 311 0.75 0 0 1
84 311 0.75 0 0 1
85 311 0.75 0 0 1
81 312.5 0.75 0 0 1
82 312.5 0.75 0 0 1
83 312.5 0.75 0 0 1
84 312.5 0.75 0 0 1
85 312.5 0.75 0 0 1
81 314 0.75 0 0 1
82 314 0.75 0 0 1
83 314 0.75 0 0 1
84 314 0.75 0 0 1
85 314 0.75 0 0 1
81 315.5 0.75 0 0 1
82 315.5 0.75 0 0 1
83 315.5 0.75 0 0 1
84 315.5 0.75 0 0 1
85 315.5 0.75 0 0 1
89 309.5 0.75 0 0 1
90 309.5 0.75 0 0 1
91 309.5 0.75 0 0 1
92 309.5 0.75 0 0 1
93 309.5 0.75 0 0 1
89 311 0.75 0 0 1
90 311 0.75 0 0 1
91 311 0.75 0 0 1
92 311 0.75 0 0 1
93 311 0.75 0 0 1
89 312.5 0.75 0 0 1
90 312.5 0.75 0 0 1
91 312.5 0.75 0 0 1
92 312.5 0.75 0 0 1
93 312.5 0.75 0 0 1
89 314 0.75 0 0 1
90 314 0.75 0 0 1
91 314 0.75 0 0 1
92 314 0.75 0 0 1
93 314 0.75 0 0 1
89 315.5 0.75 0 0 1
90 315.5 0.75 0 0 1
91 315.5 0.75 0 0 1
92 315.5 0.75 0 0 1
93 315.5 0.75 0 0 1
97 309.5 0.75 0 0 1
98 309.5 0.75 0 0 1
99 309.5 0.75 0 0 1
100 309.5 0.75 0 0 1
101 309.5 0.75 0 0 1
97 311 0.75 0 0 1
98 311 0.75 0 0 1
99 311 0.75 0 0 1
100 311 0.75 0 0 1
101 311 0.75 0 0 1
97 312.5 0.75 0 0 1
98 312.5 0.75 0 0 1
99 312.5 0.75 0 0 1
100 312.5 0.75 0 0 1
101 312.5 0.75 0 0 1
97 314 0.75 0 0 1
98 314 0.75 0 0 1
99 314 0.75 0 0 1
100 314 0.75 0 0 1
101 314 0.75 0 0 1
97 315.5 0.75 0 0 1
98 315.5 0.75 0 0 1
99 315.5 0.75 0 0 1
100 315.5 0.75 0 0 1
101 315.5 0.75 0 0 1
105 309.5 0.75 0 0 1
106 309.5 0.75 0 0 1
107 309.5 0.75 0 0 1
108 309.5 0.75 0 0 1
109 309.5 0.75 0 0 1
105 311 0.75 0 0 1
106 311 0.75 0 0 1
107 311 0.75 0 0 1
108 311 0.75 0 0 1
109 311 0.75 0 0 1
105 312.5 0.75 0 0 1
106 312.5 0.75 0 0 1
107 312.5 0.75 0 0 1
108 312.5 0.75 0 0 1
109 312.5 0.75 0 0 1
105 314 0.75 0 0 1
106 314 0.75 0 0 1
107 314 0.75 0 0 1
108 314 0.75 0 0 1
109 314 0.75 0 0 1
105 315.5 0.75 0 0 1
106 315.5 0.75 0 0 1
107 315.5 0.75 0 0 1
108 315.5 0.75 0 0 1
109 315.5 0.75 0 0 1
113 309.5 0.75 0 0 1
114 309.5 0.75 0 0 1
115 309.5 0.75 0 0 1
116 309.5 0.75 0 0 1
117 309.5 0.75 0 0 1
113 311 0.75 0 0 1
114 311 0.75 0 0 1
115 311 0.75 0 0 1
116 311 0.75 0 0 1
117 311 0.75 0 0 1
113 312.5 0.75 0 0 1
114 312.5 0.75 0 0 1
115 312.5 0.75 0 0 1
116 312.5 0.75 0 0 1
117 312.5 0.75 0 0 1
113 314 0.75 0 0 1
114 314 0.75 0 0 1
115 314 0.75 0 0 1
116 314 0.75 0 0 1
117 314 0.75 0 0 1
113 315.5 0.75 0 0 1
114 315.5 0.75 0 0 1
115 315.5 0.75 0 0 1
116 315.5 0.75 0 0 1
117 315.5 0.75 0 0 1
121 309.5 0.75 0 0 1
122 309.5 0.75 0 0 1
123 309.5 0.75 0 0 1
124 309.5 0.75 0 0 1
125 309.5 0.75 0 0 1
121 311 0.75 0 0 1
122 311 0.75 0 0 1
123 311 0.75 0 0 1
124 311 0.75 0 0 1
125 311 0.75 0 0 1
121 312.5 0.75 0 0 1
122 312.5 0.75 0 0 1
123 312.5 0.75 0 0 1
124 312.5 0.75 0 0 1
125 312.5 0.75 0 0 1
121 314 0.75 0 0 1
122 314 0.75 0 0 1
123 314 0.75 0 0 1
124 314 0.75 0 0 1
125 314 0.75 0 0 1
121 315.5 0.75 0 0 1
122 315.5 0.75 0 0 1
123 315.5 0.75 0 0 1
124 315.5 0.75 0 0 1
125 315.5 0.75 0 0 1
129 309.5 0.75 0 0 1
130 309.5 0.75 0 0 1
131 309.5 0.75 0 0 1
132 309.5 0.75 0 0 1
133 309.5 0.75 0 0 1
129 311 0.75 0 0 1
130 311 0.75 0 0 1
131 311 0.75 0 0 1
132 311 0.75 0 0 1
133 311 0.75 0 0 1
129 312.5 0.75 0 0 1
130 312.5 0.75 0 0 1
131 312.5 0.75 0 0 1
132 312.5 0.75 0 0 1
133 312.5 0.75 0 0 1
129 314 0.75 0 0 1
130 314 0.75 0 0 1
131 314 0.75 0 0 1
132 314 0.75 0 0 1
133 314 0.75 0 0 1
129 315.5 0.75 0 0 1
130 315.5 0.75 0 0 1
131 315.5 0.75 0 0 1
132 315.5 0.75 0 0 1
133 315.5 0.75 0 0 1
137 309.5 0.75 0 0 1
138 309.5 0.75 0 0 1
139 309.5 0.75 0 0 1
140 309.5 0.75 0 0 1
141 309.5 0.75 0 0 1
137 311 0.75 0 0 1
138 311 0.75 0 0 1
139 311 0.75 0 0 1
140 311 0.75 0 0 1
141 311 0.75 0 0 1
137 312.5 0.75 0 0 1
138 312.5 0.75 0 0 1
139 312.5 0.75 0 0 1
140 312.5 0.75 0 0 1
141 312.5 0.75 0 0 1
137 314 0.75 0 0 1
138 314 0.75 0 0 1
139 314 0.75 0 0 1
140 314 0.75 0 0 1
141 314 0.75 0 0 1
137 315.5 0.75 0 0 1
138 315.5 0.75 0 0 1
139 315.5 0.75 0 0 1
140 315.5 0.75 0 0 1
141 315.5 0.75 0 0 1
145 309.5 0.75 0 0 1
146 309.5 0.75 0 0 1
147 309.5 0.75 0 0 1
148 309.5 0.75 0 0 1
149 309.5 0.75 0 0 1
145 311 0.75 0 0 1
146 311 0.75 0 0 1
147 311 0.75 0 0 1
148 311 0.75 0 0 1
149 311 0.75 0 0 1
145 312.5 0.75 0 0 1
146 312.5 0.75 0 0 1
147 312.5 0.75 0 0 1
148 312.5 0.75 0 0 1
149 312.5 0.75 0 0 1
145 314 0.75 0 0 1
146 314 0.75 0 0 1
147 314 0.75 0 0 1
148 314 0.75 0 0 1
149 314 0.75 0 0 1
145 315.5 0.75 0 0 1
146 315.5 0.75 0 0 1
147 315.5 0.75 0 0 1
148 315.5 0.75 0 0 1
149 315.5 0.75 0 0 1
153 309.5 0.75 0 0 1
154 309.5 0.75 0 0 1
155 309.5 0.75 0 0 1
156 309.5 0.75 0 0 1
157 309.5 0.75 0 0 1
153 311 0.75 0 0 1
154 311 0.75 0 0 1
155 311 0.75 0 0 1
156 311 0.75 0 0 1
157 311 0.75 0 0 1
153 312.5 0.75 0 0 1
154 312.5 0.75 0 0 1
155 312.5 0.75 0 0 1
156 312.5 0.75 0 0 1
157 312.5 0.75 0 0 1
153 314 0.75 0 0 1
154 314 0.75 0 0 1
155 314 0.75 0 0 1
156 314 0.75 0 0 1
157 314 0.75 0 0 1
153 315.5 0.75 0 0 1
154 315.5 0.75 0 0 1
155 315.5 0.75 0 0 1
156 315.5 0.75 0 0 1
157 315.5 0.75 0 0 1
161 309.5 0.75 0 0 1
162 309.5 0.75 0 0 1
163 309.5 0.75 0 0 1
164 309.5 0.75 0 0 1
165 309.5 0.75 0 0 1
161 311 0.75 0 0 1
162 311 0.75 0 0 1
163 311 0.75 0 0 1
164 311 0.75 0 0 1
165 311 0.75 0 0 1
161 312.5 0.75 0 0 1
162 312.5 0.75 0 0 1
163 312.5 0.75 0 0 1
164 312.5 0.75 0 0 1
165 312.5 0.75 0 0 1
161 314 0.75 0 0 1
162 314 0.75 0 0 1
163 314 0.75 0 0 1
164 314 0.75 0 0 1
165 314 0.75 0 0 1
161 315.5 0.75 0 0 1
162 315.5 0.75 0 0 1
163 315.5 0.75 0 0 1
164 315.5 0.75 0 0 1
165 315.5 0.75 0 0 1
169 309.5 0.75 0 0 1
170 309.5 0.75 0 0 1
171 309.5 0.75 0 0 1
172 309.5 0.75 0 0 1
173 309.5 0.75 0 0 1
169 311 0.75 0 0 1
170 311 0.75 0 0 1
171 311 0.75 0 0 1
172 311 0.75 0 0 1
173 311 0.75 0 0 1
169 312.5 0.75 0 0 1
170 312.5 0.75 0 0 1
171 312.5 0.75 0 0 1
172 312.5 0.75 0 0 1
173 312.5 0.75 0 0 1
169 314 0.75 0 0 1
170 314 0.75 0 0 1
171 314 0.75 0 0 1
172 314 0.75 0 0 1
173 314 0.75 0 0 1
169 315.5 0.75 0 0 1
170 315.5 0.75 0 0 1
171 315.5 0.75 0 0 1
172 315.5 0.75 0 0 1
173 315.5 0.75 0 0 1
177 309.5 0.75 0 0 1
178 309.5 0.75 0 0 1
179 309.5 0.75 0 0 1
180 309.5 0.75 0 0 1
181 309.5 0.75 0 0 1
177 311 0.75 0 0 1
178 311 0.75 0 0 1
179 311 0.75 0 0 1
180 311 0.75 0 0 1
181 311 0.75 0 0 1
177 312.5 0.75 0 0 1
178 312.5 0.75 0 0 1
179 312.5 0.75 0 0 1
180 312.5 0.75 0 0 1
181 312.5 0.75 0 0 1
177 314 0.75 0 0 1
178 314 0.75 0 0 1
179 314 0.75 0 0 1
180 314 0.75 0 0 1
181 314 0.75 0 0 1
177 315.5 0.75 0 0 1
178 315.5 0.75 0 0 1
179 315.5 0.75 0 0 1
180 315.5 0.75 0 0 1
181 315.5 0.75 0 0 1
185 309.5 0.75 0 0 1
186 309.5 0.75 0 0 1
187 309.5 0.75 0 0 1
188 309.5 0.75 0 0 1
189 309.5 0.75 0 0 1
185 311 0.75 0 0 1
186 311 0.75 0 0 1
187 311 0.75 0 0 1
188 311 0.75 0 0 1
189 311 0.75 0 0 1
185 312.5 0.75 0 0 1
186 312.5 0.75 0 0 1
187 312.5 0.75 0 0 1
188 312.5 0.75 0 0 1
189 312.5 0.75 0 0 1
185 314 0.75 0 0 1
186 314 0.75 0 0 1
187 314 0.75 0 0 1
188 314 0.75 0 0 1
189 314 0.75 0 0 1
185 315.5 0.75 0 0 1
186 315.5 0.75 0 0 1
187 315.5 0.75 0 0 1
188 315.5 0.75 0 0 1
189 315.5 0.75 0 0 1
193 309.5 0.75 0 0 1
194 309.5 0.75 0 0 1
195 309.5 0.75 0 0 1
196 309.5 0.75 0 0 1
197 309.5 0.75 0 0 1
193 311 0.75 0 0 1
194 311 0.75 0 0 1
195 311 0.75 0 0 1
196 311 0.75 0 0 1
197 311 0.75 0 0 1
193 312.5 0.75 0 0 1
194 312.5 0.75 0 0 1
195 312.5 0.75 0 0 1
196 312.5 0.75 0 0 1
197 312.5 0.75 0 0 1
193 314 0.75 0 0 1
194 314 0.75 0 0 1
195 314 0.75 0 0 1
196 314 0.75 0 0 1
197 314 0.75 0 0 1
193 315.5 0.75 0 0 1
194 315.5 0.75 0 0 1
195 315.5 0.75 0 0 1
196 315.5 0.75 0 0 1
197 315.5 0.75 0 0 1
201 309.5 0.75 0 0 1
202 309.5 0.75 0 0 1
203 309.5 0.75 0 0 1
204 309.5 0.75 0 0 1
205 309.5 0.75 0 0 1
201 311 0.75 0 0 1
202 311 0.75 0 0 1
203 311 0.75 0 0 1
204 311 0.75 0 0 1
205 311 0.75 0 0 1
201 312.5 0.75 0 0 1
202 312.5 0.75 0 0 1
203 312.5 0.75 0 0 1
204 312.5 0.75 0 0 1
205 312.5 0.75 0 0 1
201 314 0.75 0 0 1
202 314 0.75 0 0 1
203 314 0.75 0 0 1
204 314 0.75 0 0 1
205 314 0.75 0 0 1
201 315.5 0.75 0 0 1
202 315.5 0.75 0 0 1
203 315.5 0.75 0 0 1
204 315.5 0.75 0 0 1
205 315.5 0.75 0 0 1
209 309.5 0.75 0 0 1
210 309.5 0.75 0 0 1
211 309.5 0.75 0 0 1
212 309.5 0.75 0 0 1
213 309.5 0.75 0 0 1
209 311 0.75 0 0 1
210 311 0.75 0 0 1
211 311 0.75 0 0 1
212 311 0.75 0 0 1
213 311 0.75 0 0 1
209 312.5 0.75 0 0 1
210 312.5 0.75 0 0 1
211 312.5 0.75 0 0 1
212 312.5 0.75 0 0 1
213 312.5 0.75 0 0 1
209 314 0.75 0 0 1
210 314 0.75 0 0 1
211 314 0.75 0 0 1
212 314 0.75 0 0 1
213 314 0.75 0 0 1
209 315.5 0.75 0 0 1
210 315.5 0.75 0 0 1
211 315.5 0.75 0 0 1
212 315.5 0.75 0 0 1
213 315.5 0.75 0 0 1
217 309.5 0.75 0 0 1
218 309.5 0.75 0 0 1
219 309.5 0.75 0 0 1
220 309.5 0.75 0 0 1
221 309.5 0.75 0 0 1
217 311 0.75 0 0 1
218 311 0.75 0 0 1
219 311 0.75 0 0 1
220 311 0.75 0 0 1
221 311 0.75 0 0 1
217 312.5 0.75 0 0 1
218 312.5 0.75 0 0 1
219 312.5 0.75 0 0 1
220 312.5 0.75 0 0 1
221 312.5 0.75 0 0 1
217 314 0.75 0 0 1
218 314 0.75 0 0 1
219 314 0.75 0 0 1
220 314 0.75 0 0 1
221 314 0.75 0 0 1
217 315.5 0.75 0 0 1
218 315.5 0.75 0 0 1
219 315.5 0.75 0 0 1
220 315.5 0.75 0 0 1
221 315.5 0.75 0 0 1
225 309.5 0.75 0 0 1
226 309.5 0.75 0 0 1
227 309.5 0.75 0 0 1
228 309.5 0.75 0 0 1
229 309.5 0.75 0 0 1
225 311 0.75 0 0 1
226 311 0.75 0 0 1
227 311 0.75 0 0 1
228 311 0.75 0 0 1
229 311 0.75 0 0 1
225 312.5 0.75 0 0 1
226 312.5 0.75 0 0 1
227 312.5 0.75 0 0 1
228 312.5 0.75 0 0 1
229 312.5 0.75 0 0 1
225 314 0.75 0 0 1
226 314 0.75 0 0 1
227 314 0.75 0 0 1
228 314 0.75 0 0 1
229 314 0.75 0 0 1
225 315.5 0.75 0 0 1
226 315.5 0.75 0 0 1
227 315.5 0.75 0 0 1
228 315.5 0.75 0 0 1
229 315.5 0.75 0 0 1
233 309.5 0.75 0 0 1
234 309.5 0.75 0 0 1
235 309.5 0.75 0 0 1
236 309.5 0.75 0 0 1
237 309.5 0.75 0 0 1
233 311 0.75 0 0 1
234 311 0.75 0 0 1
235 311 0.75 0 0 1
236 311 0.75 0 0 1
237 311 0.75 0 0 1
233 312.5 0.75 0 0 1
234 312.5 0.75 0 0 1
235 312.5 0.75 0 0 1
236 312.5 0.75 0 0 1
237 312.5 0.75 0 0 1
233 314 0.75 0 0 1
234 314 0.75 0 0 1
235 314 0.75 0 0 1
236 314 0.75 0 0 1
237 314 0.75 0 0 1
233 315.5 0.75 0 0 1
234 315.5 0.75 0 0 1
235 315.5 0.75 0 0 1
236 315.5 0.75 0 0 1
237 315.5 0.75 0 0 1
241 309.5 0.75 0 0 1
242 309.5 0.75 0 0 1
243 309.5 0.75 0 0 1
244 309.5 0.75 0 0 1
245 309.5 0.75 0 0 1
241 311 0.75 0 0 1
242 311 0.75 0 0 1
243 311 0.75 0 0 1
244 311 0.75 0 0 1
245 311 0.75 0 0 1
241 312.5 0.75 0 0 1
242 312.5 0.75 0 0 1
243 312.5 0.75 0 0 1
244 312.5 0.75 0 0 1
245 312.5 0.75 0 0 1
241 314 0.75 0 0 1
242 314 0.75 0 0 1
243 314 0.75 0 0 1
244 314 0.75 0 0 1
245 314 0.75 0 0 1
241 315.5 0.75 0 0 1
242 315.5 0.75 0 0 1
243 315.5 0.75 0 0 1
244 315.5 0.75 0 0 1
245 315.5 0.75 0 0 1
249 309.5 0.75 0 0 1
250 309.5 0.75 0 0 1
251 309.5 0.75 0 0 1
252 309.5 0.75 0 0 1
253 309.5 0.75 0 0 1
249 311 0.75 0 0 1
250 311 0.75 0 0 1
251 311 0.75 0 0 1
252 311 0.75 0 0 1
253 311 0.75 0 0 1
249 312.5 0.75 0 0 1
250 312.5 0.75 0 0 1
251 312.5 0.75 0 0 1
252 312.5 0.75 0 0 1
253 312.5 0.75 0 0 1
249 314 0.75 0 0 1
250 314 0.75 0 0 1
251 314 0.75 0 0 1
252 314 0.75 0 0 1
253 314 0.75 0 0 1
249 315.5 0.75 0 0 1
250 315.5 0.75 0 0 1
251 315.5 0.75 0 0 1
252 315.5 0.75 0 0 1
253 315.5 0.75 0 0 1
1 320.5 0.75 0 0 1
2 320.5 0.75 0 0 1
3 320.5 0.75 0 0 1
4 320.5 0.75 0 0 1
5 320.5 0.75 0 0 1
1 322 0.75 0 0 1
2 322 0.75 0 0 1
3 322 0.75 0 0 1
4 322 0.75 0 0 1
5 322 0.75 0 0 1
1 323.5 0.75 0 0 1
2 323.5 0.75 0 0 1
3 323.5 0.75 0 0 1
4 323.5 0.75 0 0 1
5 323.5 0.75 0 0 1
1 325 0.75 0 0 1
2 325 0.75 0 0 1
3 325 0.75 0 0 1
4 325 0.75 0 0 1
5 325 0.75 0 0 1
1 326.5 0.75 0 0 1
2 326.5 0.75 0 0 1
3 326.5 0.75 0 0 1
4 326.5 0.75 0 0 1
5 326.5 0.75 0 0 1
9 320.5 0.75 0 0 1
10 320.5 0.75 0 0 1
11 320.5 0.75 0 0 1
12 320.5 0.75 0 0 1
13 320.5 0.75 0 0 1
9 322 0.75 0 0 1
10 322 0.75 0 0 1
11 322 0.75 0 0 1
12 322 0.75 0 0 1
13 322 0.75 0 0 1
9 323.5 0.75 0 0 1
10 323.5 0.75 0 0 1
11 323.5 0.75 0 0 1
12 323.5 0.75 0 0 1
13 323.5 0.75 0 0 1
9 325 0.75 0 0 1
10 325 0.75 0 0 1
11 325 0.75 0 0 1
12 325 0.75 0 0 1
13 325 0.75 0 0 1
9 326.5 0.75 0 0 1
10 326.5 0.75 0 0 1
11 326.5 0.75 0 0 1
12 326.5 0.75 0 0 1
13 326.5 0.75 0 0 1
17 320.5 0.75 0 0 1
18 320.5 0.75 0 0 1
19 320.5 0.75 0 0 1
20 320.5 0.75 0 0 1
21 320.5 0.75 0 0 1
17 322 0.75 0 0 1
18 322 0.75 0 0 1
19 322 0.75 0 0 1
20 322 0.75 0 0 1
21 322 0.75 0 0 1
17 323.5 0.75 0 0 1
18 323.5 0.75 0 0 1
19 323.5 0.75 0 0 1
20 323.5 0.75 0 0 1
21 323.5 0.75 0 0 1
17 325 0.75 0 0 1
18 325 0.75 0 0 1
19 325 0.75 0 0 1
20 325 0.75 0 0 1
21 325 0.75 0 0 1
17 326.5 0.75 0 0 1
18 326.5 0.75 0 0 1
19 326.5 0.75 0 0 1
20 326.5 0.75 0 0 1
21 326.5 0.75 0 0 1
25 320.5 0.75 0 0 1
26 320.5 0.75 0 0 1
27 320.5 0.75 0 0 1
28 320.5 0.75 0 0 1
29 320.5 0.75 0 0 1
25 322 0.75 0 0 1
26 322 0.75 0 0 1
27 322 0.75 0 0 1
28 322 0.75 0 0 1
29 322 0.75 0 0 1
25 323.5 0.75 0 0 1
26 323.5 0.75 0 0 1
27 323.5 0.75 0 0 1
28 323.5 0.75 0 0 1
29 323.5 0.75 0 0 1
25 325 0.75 0 0 1
26 325 0.75 0 0 1
27 325 0.75 0 0 1
28 325 0.75 0 0 1
29 325 0.75 0 0 1
25 326.5 0.75 0 0 1
26 326.5 0.75 0 0 1
27 326.5 0.75 0 0 1
28 326.5 0.75 0 0 1
29 326.5 0.75 0 0 1
33 320.5 0.75 0 0 1
34 320.5 0.75 0 0 1
35 320.5 0.75 0 0 1
36 320.5 0.75 0 0 1
37 320.5 0.75 0 0 1
33 322 0.75 0 0 1
34 322 0.75 0 0 1
35 322 0.75 0 0 1
36 322 0.75 0 0 1
37 322 0.75 0 0 1
33 323.5 0.75 0 0 1
34 323.5 0.75 0 0 1
35 323.5 0.75 0 0 1
36 323.5 0.75 0 0 1
37 323.5 0.75 0 0 1
33 325 0.75 0 0 1
34 325 0.75 0 0 1
35 325 0.75 0 0 1
36 325 0.75 0 0 1
37 325 0.75 0 0 1
33 326.5 0.75 0 0 1
34 326.5 0.75 0 0 1
35 326.5 0.75 0 0 1
36 326.5 0.75 0 0 1
37 326.5 0.75 0 0 1
41 320.5 0.75 0 0 1
42 320.5 0.75 0 0 1
43 320.5 0.75 0 0 1
44 320.5 0.75 0 0 1
45 320.5 0.75 0 0 1
41 322 0.75 0 0 1
42 322 0.75 0 0 1
43 322 0.75 0 0 1
44 322 0.75 0 0 1
45 322 0.75 0 0 1
41 323.5 0.75 0 0 1
42 323.5 0.75 0 0 1
43 323.5 0.75 0 0 1
44 323.5 0.75 0 0 1
45 323.5 0.75 0 0 1
41 325 0.75 0 0 1
42 325 0.75 0 0 1
43 325 0.75 0 0 1
44 325 0.75 0 0 1
45 325 0.75 0 0 1
41 326.5 0.75 0 0 1
42 326.5 0.75 0 0 1
43 326.5 0.75 0 0 1
44 326.5 0.75 0 0 1
45 326.5 0.75 0 0 1
49 320.5 0.75 0 0 1
50 320.5 0.75 0 0 1
51 320.5 0.75 0 0 1
52 320.5 0.75 0 0 1
53 320.5 0.75 0 0 1
49 322 0.75 0 0 1
50 322 0.75 0 0 1
51 322 0.75 0 0 1
52 322 0.75 0 0 1
53 322 0.75 0 0 1
49 323.5 0.75 0 0 1
50 323.5 0.75 0 0 1
51 323.5 0.75 0 0 1
52 323.5 0.75 0 0 1
53 323.5 0.75 0 0 1
49 325 0.75 0 0 1
50 325 0.75 0 0 1
51 325 0.75 0 0 1
52 325 0.75 0 0 1
53 325 0.75 0 0 1
49 326.5 0.75 0 0 1
50 326.5 0.75 0 0 1
51 326.5 0.75 0 0 1
52 326.5 0.75 0 0 1
53 326.5 0.75 0 0 1
57 320.5 0.75 0 0 1
58 320.5 0.75 0 0 1
59 320.5 0.75 0 0 1
60 320.5 0.75 0 0 1
61 320.5 0.75 0 0 1
57 322 0.75 0 0 1
58 322 0.75 0 0 1
59 322 0.75 0 0 1
60 322 0.75 0 0 1
61 322 0.75 0 0 1
57 323.5 0.75 0 0 1
58 323.5 0.75 0 0 1
59 323.5 0.75 0 0 1
60 323.5 0.75 0 0 1
61 323.5 0.75 0 0 1
57 325 0.75 0 0 1
58 325 0.75 0 0 1
59 325 0.75 0 0 1
60 325 0.75 0 0 1
61 325 0.75 0 0 1
57 326.5 0.75 0 0 1
58 326.5 0.75 0 0 1
59 326.5 0.75 0 0 1
60 326.5 0.75 0 0 1
61 326.5 0.75 0 0 1
65 320.5 0.75 0 0 1
66 320.5 0.75 0 0 1
67 320.5 0.75 0 0 1
68 320.5 0.75 0 0 1
69 320.5 0.75 0 0 1
65 322 0.75 0 0 1
66 322 0.75 0 0 1
67 322 0.75 0 0 1
68 322 0.75 0 0 1
69 322 0.75 0 0 1
65 323.5 0.75 0 0 1
66 323.5 0.75 0 0 1
67 323.5 0.75 0 0 1
68 323.5 0.75 0 0 1
69 323.5 0.75 0 0 1
65 325 0.75 0 0 1
66 325 0.75 0 0 1
67 325 0.75 0 0 1
68 325 0.75 0 0 1
69 325 0.75 0 0 1
65 326.5 0.75 0 0 1
66 326.5 0.75 0 0 1
67 326.5 0.75 0 0 1
68 326.5 0.75 0 0 1
69 326.5 0.75 0 0 1
73 320.5 0.75 0 0 1
74 320.5 0.75 0 0 1
75 320.5 0.75 0 0 1
76 320.5 0.75 0 0 1
77 320.5 0.75 0 0 1
73 322 0.75 0 0 1
74 322 0.75 0 0 1
75 322 0.75 0 0 1
76 322 0.75 0 0 1
77 322 0.75 0 0 1
73 323.5 0.75 0 0 1
74 323.5 0.75 0 0 1
75 323.5 0.75 0 0 1
76 323.5 0.75 0 0 1
77 323.5 0.75 0 0 1
73 325 0.75 0 0 1
74 325 0.75 0 0 1
75 325 0.75 0 0 1
76 325 0.75 0 0 1
77 325 0.75 0 0 1
73 326.5 0.75 0 0 1
74 326.5 0.75 0 0 1
75 326.5 0.75 0 0 1
76 326.5 0.75 0 0 1
77 326.5 0.75 0 0 1
81 320.5 0.75 0 0 1
82 320.5 0.75 0 0 1
83 320.5 0.75 0 0 1
84 320.5 0.75 0 0 1
85 320.5 0.75 0 0 1
81 322 0.75 0 0 1
82 322 0.75 0 0 1
83 322 0.75 0 0 1
84 322 0.75 0 0 1
85 322 0.75 0 0 1
81 323.5 0.75 0 0 1
82 323.5 0.75 0 0 1
83 323.5 0.75 0 0 1
84 323.5 0.75 0 0 1
85 323.5 0.75 0 0 1
81 325 0.75 0 0 1
82 325 0.75 0 0 1
83 325 0.75 0 0 1
84 325 0.75 0 0 1
85 325 0.75 0 0 1
81 326.5 0.75 0 0 1
82 326.5 0.75 0 0 1
83 326.5 0.75 0 0 1
84 326.5 0.75 0 0 1
85 326.5 0.75 0 0 1
89 320.5 0.75 0 0 1
90 320.5 0.75 0 0 1
91 320.5 0.75 0 0 1
92 320.5 0.75 0 0 1
93 320.5 0.75 0 0 1
89 322 0.75 0 0 1
90 322 0.75 0 0 1
91 322 0.75 0 0 1
92 322 0.75 0 0 1
93 322 0.75 0 0 1
89 323.5 0.75 0 0 1
90 323.5 0.75 0 0 1
91 323.5 0.75 0 0 1
92 323.5 0.75 0 0 1
93 323.5 0.75 0 0 1
89 325 0.75 0 0 1
90 325 0.75 0 0 1
91 325 0.75 0 0 1
92 325 0.75 0 0 1
93 325 0.75 0 0 1
89 326.5 0.75 0 0 1
90 326.5 0.75 0 0 1
91 326.5 0.75 0 0 1
92 326.5 0.75 0 0 1
93 326.5 0.75 0 0 1
97 320.5 0.75 0 0 1
98 320.5 0.75 0 0 1
99 320.5 0.75 0 0 1
100 320.5 0.75 0 0 1
101 320.5 0.75 0 0 1
97 322 0.75 0 0 1
98 322 0.75 0 0 1
99 322 0.75 0 0 1
100 322 0.75 0 0 1
101 322 0.75 0 0 1
97 323.5 0.75 0 0 1
98 323.5 0.75 0 0 1
99 323.5 0.75 0 0 1
100 323.5 0.75 0 0 1
101 323.5 0.75 0 0 1
97 325 0.75 0 0 1
98 325 0.75 0 0 1
99 325 0.75 0 0 1
100 325 0.75 0 0 1
101 325 0.75 0 0 1
97 326.5 0.75 0 0 1
98 326.5 0.75 0 0 1
99 326.5 0.75 0 0 1
100 326.5 0.75 0 0 1
101 326.5 0.75 0 0 1
105 320.5 0.75 0 0 1
106 320.5 0.75 0 0 1
107 320.5 0.75 0 0 1
108 320.5 0.75 0 0 1
109 320.5 0.75 0 0 1
105 322 0.75 0 0 1
106 322 0.75 0 0 1
107 322 0.75 0 0 1
108 322 0.75 0 0 1
109 322 0.75 0 0 1
105 323.5 0.75 0 0 1
106 323.5 0.75 0 0 1
107 323.5 0.75 0 0 1
108 323.5 0.75 0 0 1
109 323.5 0.75 0 0 1
105 325 0.75 0 0 1
106 325 0.75 0 0 1
107 325 0.75 0 0 1
108 325 0.75 0 0 1
109 325 0.75 0 0 1
105 326.5 0.75 0 0 1
106 326.5 0.75 0 0 1
107 326.5 0.75 0 0 1
108 326.5 0.75 0 0 1
109 326.5 0.75 0 0 1
113 320.5 0.75 0 0 1
114 320.5 0.75 0 0 1
115 320.5 0.75 0 0 1
116 320.5 0.75 0 0 1
117 320.5 0.75 0 0 1
113 322 0.75 0 0 1
114 322 0.75 0 0 1
115 322 0.75 0 0 1
116 322 0.75 0 0 1
117 322 0.75 0 0 1
113 323.5 0.75 0 0 1
114 323.5 0.75 0 0 1
115 323.5 0.75 0 0 1
116 323.5 0.75 0 0 1
117 323.5 0.75 0 0 1
113 325 0.75 0 0 1
114 325 0.75 0 0 1
115 325 0.75 0 0 1
116 325 0.75 0 0 1
117 325 0.75 0 0 1
113 326.5 0.75 0 0 1
114 326.5 0.75 0 0 1
115 326.5 0.75 0 0 1
116 326.5 0.75 0 0 1
117 326.5 0.75 0 0 1
121 320.5 0.75 0 0 1
122 320.5 0.75 0 0 1
123 320.5 0.75 0 0 1
124 320.5 0.75 0 0 1
125 320.5 0.75 0 0 1
121 322 0.75 0 0 1
122 322 0.75 0 0 1
123 322 0.75 0 0 1
124 322 0.75 0 0 1
125 322 0.75 0 0 1
121 323.5 0.75 0 0 1
122 323.5 0.75 0 0 1
123 323.5 0.75 0 0 1
124 323.5 0.75 0 0 1
125 323.5 0.75 0 0 1
121 325 0.75 0 0 1
122 325 0.75 0 0 1
123 325 0.75 0 0 1
124 325 0.75 0 0 1
125 325 0.75 0 0 1
121 326.5 0.75 0 0 1
122 326.5 0.75 0 0 1
123 326.5 0.75 0 0 1
124 326.5 0.75 0 0 1
125 326.5 0.75 0 0 1
129 320.5 0.75 0 0 1
130 320.5 0.75 0 0 1
131 320.5 0.75 0 0 1
132 320.5 0.75 0 0 1
133 320.5 0.75 0 0 1
129 322 0.75 0 0 1
130 322 0.75 0 0 1
131 322 0.75 0 0 1
132 322 0.75 0 0 1
133 322 0.75 0 0 1
129 323.5 0.75 0 0 1
130 323.5 0.75 0 0 1
131 323.5 0.75 0 0 1
132 323.5 0.75 0 0 1
133 323.5 0.75 0 0 1
129 325 0.75 0 0 1
130 325 0.75 0 0 1
131 325 0.75 0 0 1
132 325 0.75 0 0 1
133 325 0.75 0 0 1
129 326.5 0.75 0 0 1
130 326.5 0.75 0 0 1
131 326.5 0.75 0 0 1
132 326.5 0.75 0 0 1
133 326.5 0.75 0 0 1
137 320.5 0.75 0 0 1
138 320.5 0.75 0 0 1
139 320.5 0.75 0 0 1
140 320.5 0.75 0 0 1
141 320.5 0.75 0 0 1
137 322 0.75 0 0 1
138 322 0.75 0 0 1
139 322 0.75 0 0 1
140 322 0.75 0 0 1
141 322 0.75 0 0 1
137 323.5 0.75 0 0 1
138 323.5 0.75 0 0 1
139 323.5 0.75 0 0 1
140 323.5 0.75 0 0 1
141 323.5 0.75 0 0 1
137 325 0.75 0 0 1
138 325 0.75 0 0 1
139 325 0.75 0 0 1
140 325 0.75 0 0 1
141 325 0.75 0 0 1
137 326.5 0.75 0 0 1
138 326.5 0.75 0 0 1
139 326.5 0.75 0 0 1
140 326.5 0.75 0 0 1
141 326.5 0.75 0 0 1
145 320.5 0.75 0 0 1
146 320.5 0.75 0 0 1
147 320.5 0.75 0 0 1
148 320.5 0.75 0 0 1
149 320.5 0.75 0 0 1
145 322 0.75 0 0 1
146 322 0.75 0 0 1
147 322 0.75 0 0 1
148 322 0.75 0 0 1
149 322 0.75 0 0 1
145 323.5 0.75 0 0 1
146 323.5 0.75 0 0 1
147 323.5 0.75 0 0 1
148 323.5 0.75 0 0 1
149 323.5 0.75 0 0 1
145 325 0.75 0 0 1
146 325 0.75 0 0 1
147 325 0.75 0 0 1
148 325 0.75 0 0 1
149 325 0.75 0 0 1
145 326.5 0.75 0 0 1
146 326.5 0.75 0 0 1
147 326.5 0.75 0 0 1
148 326.5 0.75 0 0 1
149 326.5 0.75 0 0 1
153 320.5 0.75 0 0 1
154 320.5 0.75 0 0 1
155 320.5 0.75 0 0 1
156 320.5 0.75 0 0 1
157 320.5 0.75 0 0 1
153 322 0.75 0 0 1
154 322 0.75 0 0 1
155 322 0.75 0 0 1
156 322 0.75 0 0 1
157 322 0.75 0 0 1
153 323.5 0.75 0 0 1
154 323.5 0.75 0 0 1
155 323.5 0.75 0 0 1
156 323.5 0.75 0 0 1
157 323.5 0.75 0 0 1
153 325 0.75 0 0 1
154 325 0.75 0 0 1
155 325 0.75 0 0 1
156 325 0.75 0 0 1
157 325 0.75 0 0 1
153 326.5 0.75 0 0 1
154 326.5 0.75 0 0 1
155 326.5 0.75 0 0 1
156 326.5 0.75 0 0 1
157 326.5 0.75 0 0 1
161 320.5 0.75 0 0 1
162 320.5 0.75 0 0 1
163 320.5 0.75 0 0 1
164 320.5 0.75 0 0 1
165 320.5 0.75 0 0 1
161 322 0.75 0 0 1
162 322 0.75 0 0 1
163 322 0.75 0 0 1
164 322 0.75 0 0 1
165 322 0.75 0 0 1
161 323.5 0.75 0 0 1
162 323.5 0.75 0 0 1
163 323.5 0.75 0 0 1
164 323.5 0.75 0 0 1
165 323.5 0.75 0 0 1
161 325 0.75 0 0 1
162 325 0.75 0 0 1
163 325 0.75 0 0 1
164 325 0.75 0 0 1
165 325 0.75 0 0 1
161 326.5 0.75 0 0 1
162 326.5 0.75 0 0 1
163 326.5 0.75 0 0 1
164 326.5 0.75 0 0 1
165 326.5 0.75 0 0 1
169 320.5 0.75 0 0 1
170 320.5 0.75 0 0 1
171 320.5 0.75 0 0 1
172 320.5 0.75 0 0 1
173 320.5 0.75 0 0 1
169 322 0.75 0 0 1
170 322 0.75 0 0 1
171 322 0.75 0 0 1
172 322 0.75 0 0 1
173 322 0.75 0 0 1
169 323.5 0.75 0 0 1
170 323.5 0.75 0 0 1
171 323.5 0.75 0 0 1
172 323.5 0.75 0 0 1
173 323.5 0.75 0 0 1
169 325 0.75 0 0 1
170 325 0.75 0 0 1
171 325 0.75 0 0 1
172 325 0.75 0 0 1
173 325 0.75 0 0 1
169 326.5 0.75 0 0 1
170 326.5 0.75 0 0 1
171 326.5 0.75 0 0 1
172 326.5 0.75 0 0 1
173 326.5 0.75 0 0 1
177 320.5 0.75 0 0 1
178 320.5 0.75 0 0 1
179 320.5 0.75 0 0 1
180 320.5 0.75 0 0 1
181 320.5 0.75 0 0 1
177 322 0.75 0 0 1
178 322 0.75 0 0 1
179 322 0.75 0 0 1
180 322 0.75 0 0 1
181 322 0.75 0 0 1
177 323.5 0.75 0 0 1
178 323.5 0.75 0 0 1
179 323.5 0.75 0 0 1
180 323.5 0.75 0 0 1
181 323.5 0.75 0 0 1
177 325 0.75 0 0 1
178 325 0.75 0 0 1
179 325 0.75 0 0 1
180 325 0.75 0 0 1
181 325 0.75 0 0 1
177 326.5 0.75 0 0 1
178 326.5 0.75 0 0 1
179 326.5 0.75 0 0 1
180 326.5 0.75 0 0 1
181 326.5 0.75 0 0 1
185 320.5 0.75 0 0 1
186 320.5 0.75 0 0 1
187 320.5 0.75 0 0 1
188 320.5 0.75 0 0 1
189 320.5 0.75 0 0 1
185 322 0.75 0 0 1
186 322 0.75 0 0 1
187 322 0.75 0 0 1
188 322 0.75 0 0 1
189 322 0.75 0 0 1
185 323.5 0.75 0 0 1
186 323.5 0.75 0 0 1
187 323.5 0.75 0 0 1
188 323.5 0.75 0 0 1
189 323.5 0.75 0 0 1
185 325 0.75 0 0 1
186 325 0.75 0 0 1
187 325 0.75 0 0 1
188 325 0.75 0 0 1
189 325 0.75 0 0 1
185 326.5 0.75 0 0 1
186 326.5 0.75 0 0 1
187 326.5 0.75 0 0 1
188 326.5 0.75 0 0 1
189 326.5 0.75 0 0 1
193 320.5 0.75 0 0 1
194 320.5 0.75 0 0 1
195 320.5 0.75 0 0 1
196 320.5 0.75 0 0 1
197 320.5 0.75 0 0 1
193 322 0.75 0 0 1
194 322 0.75 0 0 1
195 322 0.75 0 0 1
196 322 0.75 0 0 1
197 322 0.75 0 0 1
193 323.5 0.75 0 0 1
194 323.5 0.75 0 0 1
195 323.5 0.75 0 0 1
196 323.5 0.75 0 0 1
197 323.5 0.75 0 0 1
193 325 0.75 0 0 1
194 325 0.75 0 0 1
195 325 0.75 0 0 1
196 325 0.75 0 0 1
197 325 0.75 0 0 1
193 326.5 0.75 0 0 1
194 326.5 0.75 0 0 1
195 326.5 0.75 0 0 1
196 326.5 0.75 0 0 1
197 326.5 0.75 0 0 1
201 320.5 0.75 0 0 1
202 320.5 0.75 0 0 1
203 320.5 0.75 0 0 1
204 320.5 0.75 0 0 1
205 320.5 0.75 0 0 1
201 322 0.75 0 0 1
202 322 0.75 0 0 1
203 322 0.75 0 0 1
204 322 0.75 0 0 1
205 322 0.75 0 0 1
201 323.5 0.75 0 0 1
202 323.5 0.75 0 0 1
203 323.5 0.75 0 0 1
204 323.5 0.75 0 0 1
205 323.5 0.75 0 0 1
201 325 0.75 0 0 1
202 325 0.75 0 0 1
203 325 0.75 0 0 1
204 325 0.75 0 0 1
205 325 0.75 0 0 1
201 326.5 0.75 0 0 1
202 326.5 0.75 0 0 1
203 326.5 0.75 0 0 1
204 326.5 0.75 0 0 1
205 326.5 0.75 0 0 1
209 320.5 0.75 0 0 1
210 320.5 0.75 0 0 1
211 320.5 0.75 0 0 1
212 320.5 0.75 0 0 1
213 320.5 0.75 0 0 1
209 322 0.75 0 0 1
210 322 0.75 0 0 1
211 322 0.75 0 0 1
212 322 0.75 0 0 1
213 322 0.75 0 0 1
209 323.5 0.75 0 0 1
210 323.5 0.75 0 0 1
211 323.5 0.75 0 0 1
212 323.5 0.75 0 0 1
213 323.5 0.75 0 0 1
209 325 0.75 0 0 1
210 325 0.75 0 0 1
211 325 0.75 0 0 1
212 325 0.75 0 0 1
213 325 0.75 0 0 1
209 326.5 0.75 0 0 1
210 326.5 0.75 0 0 1
211 326.5 0.75 0 0 1
212 326.5 0.75 0 0 1
213 326.5 0.75 0 0 1
217 320.5 0.75 0 0 1
218 320.5 0.75 0 0 1
219 320.5 0.75 0 0 1
220 320.5 0.75 0 0 1
221 320.5 0.75 0 0 1
217 322 0.75 0 0 1
218 322 0.75 0 0 1
219 322 0.75 0 0 1
220 322 0.75 0 0 1
221 322 0.75 0 0 1
217 323.5 0.75 0 0 1
218 323.5 0.75 0 0 1
219 323.5 0.75 0 0 1
220 323.5 0.75 0 0 1
221 323.5 0.75 0 0 1
217 325 0.75 0 0 1
218 325 0.75 0 0 1
219 325 0.75 0 0 1
220 325 0.75 0 0 1
221 325 0.75 0 0 1
217 326.5 0.75 0 0 1
218 326.5 0.75 0 0 1
219 326.5 0.75 0 0 1
220 326.5 0.75 0 0 1
221 326.5 0.75 0 0 1
225 320.5 0.75 0 0 1
226 320.5 0.75 0 0 1
227 320.5 0.75 0 0 1
228 320.5 0.75 0 0 1
229 320.5 0.75 0 0 1
225 322 0.75 0 0 1
226 322 0.75 0 0 1
227 322 0.75 0 0 1
228 322 0.75 0 0 1
229 322 0.75 0 0 1
225 323.5 0.75 0 0 1
226 323.5 0.75 0 0 1
227 323.5 0.75 0 0 1
228 323.5 0.75 0 0 1
229 323.5 0.75 0 0 1
225 325 0.75 0 0 1
226 325 0.75 0 0 1
227 325 0.75 0 0 1
228 325 0.75 0 0 1
229 325 0.75 0 0 1
225 326.5 0.75 0 0 1
226 326.5 0.75 0 0 1
227 326.5 0.75 0 0 1
228 326.5 0.75 0 0 1
229 326.5 0.75 0 0 1
233 320.5 0.75 0 0 1
234 320.5 0.75 0 0 1
235 320.5 0.75 0 0 1
236 320.5 0.75 0 0 1
237 320.5 0.75 0 0 1
233 322 0.75 0 0 1
234 322 0.75 0 0 1
235 322 0.75 0 0 1
236 322 0.75 0 0 1
237 322 0.75 0 0 1
233 323.5 0.75 0 0 1
234 323.5 0.75 0 0 1
235 323.5 0.75 0 0 1
236 323.5 0.75 0 0 1
237 323.5 0.75 0 0 1
233 325 0.75 0 0 1
234 325 0.75 0 0 1
235 325 0.75 0 0 1
236 325 0.75 0 0 1
237 325 0.75 0 0 1
233 326.5 0.75 0 0 1
234 326.5 0.75 0 0 1
235 326.5 0.75 0 0 1
236 326.5 0.75 0 0 1
237 326.5 0.75 0 0 1
241 320.5 0.75 0 0 1
242 320.5 0.75 0 0 1
243 320.5 0.75 0 0 1
244 320.5 0.75 0 0 1
245 320.5 0.75 0 0 1
241 322 0.75 0 0 1
242 322 0.75 0 0 1
243 322 0.75 0 0 1
244 322 0.75 0 0 1
245 322 0.75 0 0 1
241 323.5 0.75 0 0 1
242 323.5 0.75 0 0 1
243 323.5 0.75 0 0 1
244 323.5 0.75 0 0 1
245 323.5 0.75 0 0 1
241 325 0.75 0 0 1
242 325 0.75 0 0 1
243 325 0.75 0 0 1
244 325 0.75 0 0 1
245 325 0.75 0 0 1
241 326.5 0.75 0 0 1
242 326.5 0.75 0 0 1
243 326.5 0.75 0 0 1
244 326.5 0.75 0 0 1
245 326.5 0.75 0 0 1
249 320.5 0.75 0 0 1
250 320.5 0.75 0 0 1
251 320.5 0.75 0 0 1
252 320.5 0.75 0 0 1
253 320.5 0.75 0 0 1
249 322 0.75 0 0 1
250 322 0.75 0 0 1
251 322 0.75 0 0 1
252 322 0.75 0 0 1
253 322 0.75 0 0 1
249 323.5 0.75 0 0 1
250 323.5 0.75 0 0 1
251 323.5 0.75 0 0 1
252 323.5 0.75 0 0 1
253 323.5 0.75 0 0 1
249 325 0.75 0 0 1
250 325 0.75 0 0 1
251 325 0.75 0 0 1
252 325 0.75 0 0 1
253 325 0.75 0 0 1
249 326.5 0.75 0 0 1
250 326.5 0.75 0 0 1
251 326.5 0.75 0 0 1
252 326.5 0.75 0 0 1
253 326.5 0.75 0 0 1
1 331.5 0.75 0 0 1
2 331.5 0.75 0 0 1
3 331.5 0.75 0 0 1
4 331.5 0.75 0 0 1
5 331.5 0.75 0 0 1
1 333 0.75 0 0 1
2 333 0.75 0 0 1
3 333 0.75 0 0 1
4 333 0.75 0 0 1
5 333 0.75 0 0 1
1 334.5 0.75 0 0 1
2 334.5 0.75 0 0 1
3 334.5 0.75 0 0 1
4 334.5 0.75 0 0 1
5 334.5 0.75 0 0 1
1 336 0.75 0 0 1
2 336 0.75 0 0 1
3 336 0.75 0 0 1
4 336 0.75 0 0 1
5 336 0.75 0 0 1
1 337.5 0.75 0 0 1
2 337.5 0.75 0 0 1
3 337.5 0.75 0 0 1
4 337.5 0.75 0 0 1
5 337.5 0.75 0 0 1
9 331.5 0.75 0 0 1
10 331.5 0.75 0 0 1
11 331.5 0.75 0 0 1
12 331.5 0.75 0 0 1
13 331.5 0.75 0 0 1
9 333 0.75 0 0 1
10 333 0.75 0 0 1
11 333 0.75 0 0 1
12 333 0.75 0 0 1
13 333 0.75 0 0 1
9 334.5 0.75 0 0 1
10 334.5 0.75 0 0 1
11 334.5 0.75 0 0 1
12 334.5 0.75 0 0 1
13 334.5 0.75 0 0 1
9 336 0.75 0 0 1
10 336 0.75 0 0 1
11 336 0.75 0 0 1
12 336 0.75 0 0 1
13 336 0.75 0 0 1
9 337.5 0.75 0 0 1
10 337.5 0.75 0 0 1
11 337.5 0.75 0 0 1
12 337.5 0.75 0 0 1
13 337.5 0.75 0 0 1
17 331.5 0.75 0 0 1
18 331.5 0.75 0 0 1
19 331.5 0.75 0 0 1
20 331.5 0.75 0 0 1
21 331.5 0.75 0 0 1
17 333 0.75 0 0 1
18 333 0.75 0 0 1
19 333 0.75 0 0 1
20 333 0.75 0 0 1
21 333 0.75 0 0 1
17 334.5 0.75 0 0 1
18 334.5 0.75 0 0 1
19 334.5 0.75 0 0 1
20 334.5 0.75 0 0 1
21 334.5 0.75 0 0 1
17 336 0.75 0 0 1
18 336 0.75 0 0 1
19 336 0.75 0 0 1
20 336 0.75 0 0 1
21 336 0.75 0 0 1
17 337.5 0.75 0 0 1
18 337.5 0.75 0 0 1
19 337.5 0.75 0 0 1
20 337.5 0.75 0 0 1
21 337.5 0.75 0 0 1
25 331.5 0.75 0 0 1
26 331.5 0.75 0 0 1
27 331.5 0.75 0 0 1
28 331.5 0.75 0 0 1
29 331.5 0.75 0 0 1
25 333 0.75 0 0 1
26 333 0.75 0 0 1
27 333 0.75 0 0 1
28 333 0.75 0 0 1
29 333 0.75 0 0 1
25 334.5 0.75 0 0 1
26 334.5 0.75 0 0 1
27 334.5 0.75 0 0 1
28 334.5 0.75 0 0 1
29 334.5 0.75 0 0 1
25 336 0.75 0 0 1
26 336 0.75 0 0 1
27 336 0.75 0 0 1
28 336 0.75 0 0 1
29 336 0.75 0 0 1
25 337.5 0.75 0 0 1
26 337.5 0.75 0 0 1
27 337.5 0.75 0 0 1
28 337.5 0.75 0 0 1
29 337.5 0.75 0 0 1
33 331.5 0.75 0 0 1
34 331.5 0.75 0 0 1
35 331.5 0.75 0 0 1
36 331.5 0.75 0 0 1
37 331.5 0.75 0 0 1
33 333 0.75 0 0 1
34 333 0.75 0 0 1
35 333 0.75 0 0 1
36 333 0.75 0 0 1
37 333 0.75 0 0 1
33 334.5 0.75 0 0 1
34 334.5 0.75 0 0 1
35 334.5 0.75 0 0 1
36 334.5 0.75 0 0 1
37 334.5 0.75 0 0 1
33 336 0.75 0 0 1
34 336 0.75 0 0 1
35 336 0.75 0 0 1
36 336 0.75 0 0 1
37 336 0.75 0 0 1
33 337.5 0.75 0 0 1
34 337.5 0.75 0 0 1
35 337.5 0.75 0 0 1
36 337.5 0.75 0 0 1
37 337.5 0.75 0 0 1
41 331.5 0.75 0 0 1
42 331.5 0.75 0 0 1
43 331.5 0.75 0 0 1
44 331.5 0.75 0 0 1
45 331.5 0.75 0 0 1
41 333 0.75 0 0 1
42 333 0.75 0 0 1
43 333 0.75 0 0 1
44 333 0.75 0 0 1
45 333 0.75 0 0 1
41 334.5 0.75 0 0 1
42 334.5 0.75 0 0 1
43 334.5 0.75 0 0 1
44 334.5 0.75 0 0 1
45 334.5 0.75 0 0 1
41 336 0.75 0 0 1
42 336 0.75 0 0 1
43 336 0.75 0 0 1
44 336 0.75 0 0 1
45 336 0.75 0 0 1
41 337.5 0.75 0 0 1
42 337.5 0.75 0 0 1
43 337.5 0.75 0 0 1
44 337.5 0.75 0 0 1
45 337.5 0.75 0 0 1
49 331.5 0.75 0 0 1
50 331.5 0.75 0 0 1
51 331.5 0.75 0 0 1
52 331.5 0.75 0 0 1
53 331.5 0.75 0 0 1
49 333 0.75 0 0 1
50 333 0.75 0 0 1
51 333 0.75 0 0 1
52 333 0.75 0 0 1
53 333 0.75 0 0 1
49 334.5 0.75 0 0 1
50 334.5 0.75 0 0 1
51 334.5 0.75 0 0 1
52 334.5 0.75 0 0 1
53 334.5 0.75 0 0 1
49 336 0.75 0 0 1
50 336 0.75 0 0 1
51 336 0.75 0 0 1
52 336 0.75 0 0 1
53 336 0.75 0 0 1
49 337.5 0.75 0 0 1
50 337.5 0.75 0 0 1
51 337.5 0.75 0 0 1
52 337.5 0.75 0 0 1
53 337.5 0.75 0 0 1
57 331.5 0.75 0 0 1
58 331.5 0.75 0 0 1
59 331.5 0.75 0 0 1
60 331.5 0.75 0 0 1
61 331.5 0.75 0 0 1
57 333 0.75 0 0 1
58 333 0.75 0 0 1
59 333 0.75 0 0 1
60 333 0.75 0 0 1
61 333 0.75 0 0 1
57 334.5 0.75 0 0 1
58 334.5 0.75 0 0 1
59 334.5 0.75 0 0 1
60 334.5 0.75 0 0 1
61 334.5 0.75 0 0 1
57 336 0.75 0 0 1
58 336 0.75 0 0 1
59 336 0.75 0 0 1
60 336 0.75 0 0 1
61 336 0.75 0 0 1
57 337.5 0.75 0 0 1
58 337.5 0.75 0 0 1
59 337.5 0.75 0 0 1
60 337.5 0.75 0 0 1
61 337.5 0.75 0 0 1
65 331.5 0.75 0 0 1
66 331.5 0.75 0 0 1
67 331.5 0.75 0 0 1
68 331.5 0.75 0 0 1
69 331.5 0.75 0 0 1
65 333 0.75 0 0 1
66 333 0.75 0 0 1
67 333 0.75 0 0 1
68 333 0.75 0 0 1
69 333 0.75 0 0 1
65 334.5 0.75 0 0 1
66 334.5 0.75 0 0 1
67 334.5 0.75 0 0 1
68 334.5 0.75 0 0 1
69 334.5 0.75 0 0 1
65 336 0.75 0 0 1
66 336 0.75 0 0 1
67 336 0.75 0 0 1
68 336 0.75 0 0 1
69 336 0.75 0 0 1
65 337.5 0.75 0 0 1
66 337.5 0.75 0 0 1
67 337.5 0.75 0 0 1
68 337.5 0.75 0 0 1
69 337.5 0.75 0 0 1
73 331.5 0.75 0 0 1
74 331.5 0.75 0 0 1
75 331.5 0.75 0 0 1
76 331.5 0.75 0 0 1
77 331.5 0.75 0 0 1
73 333 0.75 0 0 1
74 333 0.75 0 0 1
75 333 0.75 0 0 1
76 333 0.75 0 0 1
77 333 0.75 0 0 1
73 334.5 0.75 0 0 1
74 334.5 0.75 0 0 1
75 334.5 0.75 0 0 1
76 334.5 0.75 0 0 1
77 334.5 0.75 0 0 1
73 336 0.75 0 0 1
74 336 0.75 0 0 1
75 336 0.75 0 0 1
76 336 0.75 0 0 1
77 336 0.75 0 0 1
73 337.5 0.75 0 0 1
74 337.5 0.75 0 0 1
75 337.5 0.75 0 0 1
76 337.5 0.75 0 0 1
77 337.5 0.75 0 0 1
81 331.5 0.75 0 0 1
82 331.5 0.75 0 0 1
83 331.5 0.75 0 0 1
84 331.5 0.75 0 0 1
85 331.5 0.75 0 0 1
81 333 0.75 0 0 1
82 333 0.75 0 0 1
83 333 0.75 0 0 1
84 333 0.75 0 0 1
85 333 0.75 0 0 1
81 334.5 0.75 0 0 1
82 334.5 0.75 0 0 1
83 334.5 0.75 0 0 1
84 334.5 0.75 0 0 1
85 334.5 0.75 0 0 1
81 336 0.75 0 0 1
82 336 0.75 0 0 1
83 336 0.75 0 0 1
84 336 0.75 0 0 1
85 336 0.75 0 0 1
81 337.5 0.75 0 0 1
82 337.5 0.75 0 0 1
83 337.5 0.75 0 0 1
84 337.5 0.75 0 0 1
85 337.5 0.75 0 0 1
89 331.5 0.75 0 0 1
90 331.5 0.75 0 0 1
91 331.5 0.75 0 0 1
92 331.5 0.75 0 0 1
93 331.5 0.75 0 0 1
89 333 0.75 0 0 1
90 333 0.75 0 0 1
91 333 0.75 0 0 1
92 333 0.75 0 0 1
93 333 0.75 0 0 1
89 334.5 0.75 0 0 1
90 334.5 0.75 0 0 1
91 334.5 0.75 0 0 1
92 334.5 0.75 0 0 1
93 334.5 0.75 0 0 1
89 336 0.75 0 0 1
90 336 0.75 0 0 1
91 336 0.75 0 0 1
92 336 0.75 0 0 1
93 336 0.75 0 0 1
89 337.5 0.75 0 0 1
90 337.5 0.75 0 0 1
91 337.5 0.75 0 0 1
92 337.5 0.75 0 0 1
93 337.5 0.75 0 0 1
97 331.5 0.75 0 0 1
98 331.5 0.75 0 0 1
99 331.5 0.75 0 0 1
100 331.5 0.75 0 0 1
101 331.5 0.75 0 0 1
97 333 0.75 0 0 1
98 333 0.75 0 0 1
99 333 0.75 0 0 1
100 333 0.75 0 0 1
101 333 0.75 0 0 1
97 334.5 0.75 0 0 1
98 334.5 0.75 0 0 1
99 334.5 0.75 0 0 1
100 334.5 0.75 0 0 1
101 334.5 0.75 0 0 1
97 336 0.75 0 0 1
98 336 0.75 0 0 1
99 336 0.75 0 0 1
100 336 0.75 0 0 1
101 336 0.75 0 0 1
97 337.5 0.75 0 0 1
98 337.5 0.75 0 0 1
99 337.5 0.75 0 0 1
100 337.5 0.75 0 0 1
101 337.5 0.75 0 0 1
105 331.5 0.75 0 0 1
106 331.5 0.75 0 0 1
107 331.5 0.75 0 0 1
108 331.5 0.75 0 0 1
109 331.5 0.75 0 0 1
105 333 0.75 0 0 1
106 333 0.75 0 0 1
107 333 0.75 0 0 1
108 333 0.75 0 0 1
109 333 0.75 0 0 1
105 334.5 0.75 0 0 1
106 334.5 0.75 0 0 1
107 334.5 0.75 0 0 1
108 334.5 0.75 0 0 1
109 334.5 0.75 0 0 1
105 336 0.75 0 0 1
106 336 0.75 0 0 1
107 336 0.75 0 0 1
108 336 0.75 0 0 1
109 336 0.75 0 0 1
105 337.5 0.75 0 0 1
106 337.5 0.75 0 0 1
107 337.5 0.75 0 0 1
108 337.5 0.75 0 0 1
109 337.5 0.75 0 0 1
113 331.5 0.75 0 0 1
114 331.5 0.75 0 0 1
115 331.5 0.75 0 0 1
116 331.5 0.75 0 0 1
117 331.5 0.75 0 0 1
113 333 0.75 0 0 1
114 333 0.75 0 0 1
115 333 0.75 0 0 1
116 333 0.75 0 0 1
117 333 0.75 0 0 1
113 334.5 0.75 0 0 1
114 334.5 0.75 0 0 1
115 334.5 0.75 0 0 1
116 334.5 0.75 0 0 1
117 334.5 0.75 0 0 1
113 336 0.75 0 0 1
114 336 0.75 0 0 1
115 336 0.75 0 0 1
116 336 0.75 0 0 1
117 336 0.75 0 0 1
113 337.5 0.75 0 0 1
114 337.5 0.75 0 0 1
115 337.5 0.75 0 0 1
116 337.5 0.75 0 0 1
117 337.5 0.75 0 0 1
121 331.5 0.75 0 0 1
122 331.5 0.75 0 0 1
123 331.5 0.75 0 0 1
124 331.5 0.75 0 0 1
125 331.5 0.75 0 0 1
121 333 0.75 0 0 1
122 333 0.75 0 0 1
123 333 0.75 0 0 1
124 333 0.75 0 0 1
125 333 0.75 0 0 1
121 334.5 0.75 0 0 1
122 334.5 0.75 0 0 1
123 334.5 0.75 0 0 1
124 334.5 0.75 0 0 1
125 334.5 0.75 0 0 1
121 336 0.75 0 0 1
122 336 0.75 0 0 1
123 336 0.75 0 0 1
124 336 0.75 0 0 1
125 336 0.75 0 0 1
121 337.5 0.75 0 0 1
122 337.5 0.75 0 0 1
123 337.5 0.75 0 0 1
124 337.5 0.75 0 0 1
125 337.5 0.75 0 0 1
129 331.5 0.75 0 0 1
130 331.5 0.75 0 0 1
131 331.5 0.75 0 0 1
132 331.5 0.75 0 0 1
133 331.5 0.75 0 0 1
129 333 0.75 0 0 1
130 333 0.75 0 0 1
131 333 0.75 0 0 1
132 333 0.75 0 0 1
133 333 0.75 0 0 1
129 334.5 0.75 0 0 1
130 334.5 0.75 0 0 1
131 334.5 0.75 0 0 1
132 334.5 0.75 0 0 1
133 334.5 0.75 0 0 1
129 336 0.75 0 0 1
130 336 0.75 0 0 1
131 336 0.75 0 0 1
132 336 0.75 0 0 1
133 336 0.75 0 0 1
129 337.5 0.75 0 0 1
130 337.5 0.75 0 0 1
131 337.5 0.75 0 0 1
132 337.5 0.75 0 0 1
133 337.5 0.75 0 0 1
137 331.5 0.75 0 0 1
138 331.5 0.75 0 0 1
139 331.5 0.75 0 0 1
140 331.5 0.75 0 0 1
141 331.5 0.75 0 0 1
137 333 0.75 0 0 1
138 333 0.75 0 0 1
139 333 0.75 0 0 1
140 333 0.75 0 0 1
141 333 0.75 0 0 1
137 334.5 0.75 0 0 1
138 334.5 0.75 0 0 1
139 334.5 0.75 0 0 1
140 334.5 0.75 0 0 1
141 334.5 0.75 0 0 1
137 336 0.75 0 0 1
138 336 0.75 0 0 1
139 336 0.75 0 0 1
140 336 0.75 0 0 1
141 336 0.75 0 0 1
137 337.5 0.75 0 0 1
138 337.5 0.75 0 0 1
139 337.5 0.75 0 0 1
140 337.5 0.75 0 0 1
141 337.5 0.75 0 0 1
145 331.5 0.75 0 0 1
146 331.5 0.75 0 0 1
147 331.5 0.75 0 0 1
148 331.5 0.75 0 0 1
149 331.5 0.75 0 0 1
145 333 0.75 0 0 1
146 333 0.75 0 0 1
147 333 0.75 0 0 1
148 333 0.75 0 0 1
149 333 0.75 0 0 1
145 334.5 0.75 0 0 1
146 334.5 0.75 0 0 1
147 334.5 0.75 0 0 1
148 334.5 0.75 0 0 1
149 334.5 0.75 0 0 1
145 336 0.75 0 0 1
146 336 0.75 0 0 1
147 336 0.75 0 0 1
148 336 0.75 0 0 1
149 336 0.75 0 0 1
145 337.5 0.75 0 0 1
146 337.5 0.75 0 0 1
147 337.5 0.75 0 0 1
148 337.5 0.75 0 0 1
149 337.5 0.75 0 0 1
153 331.5 0.75 0 0 1
154 331.5 0.75 0 0 1
155 331.5 0.75 0 0 1
156 331.5 0.75 0 0 1
157 331.5 0.75 0 0 1
153 333 0.75 0 0 1
154 333 0.75 0 0 1
155 333 0.75 0 0 1
156 333 0.75 0 0 1
157 333 0.75 0 0 1
153 334.5 0.75 0 0 1
154 334.5 0.75 0 0 1
155 334.5 0.75 0 0 1
156 334.5 0.75 0 0 1
157 334.5 0.75 0 0 1
153 336 0.75 0 0 1
154 336 0.75 0 0 1
155 336 0.75 0 0 1
156 336 0.75 0 0 1
157 336 0.75 0 0 1
153 337.5 0.75 0 0 1
154 337.5 0.75 0 0 1
155 337.5 0.75 0 0 1
156 337.5 0.75 0 0 1
157 337.5 0.75 0 0 1
161 331.5 0.75 0 0 1
162 331.5 0.75 0 0 1
163 331.5 0.75 0 0 1
164 331.5 0.75 0 0 1
165 331.5 0.75 0 0 1
161 333 0.75 0 0 1
162 333 0.75 0 0 1
163 333 0.75 0 0 1
164 333 0.75 0 0 1
165 333 0.75 0 0 1
161 334.5 0.75 0 0 1
162 334.5 0.75 0 0 1
163 334.5 0.75 0 0 1
164 334.5 0.75 0 0 1
165 334.5 0.75 0 0 1
161 336 0.75 0 0 1
162 336 0.75 0 0 1
163 336 0.75 0 0 1
164 336 0.75 0 0 1
165 336 0.75 0 0 1
161 337.5 0.75 0 0 1
162 337.5 0.75 0 0 1
163 337.5 0.75 0 0 1
164 337.5 0.75 0 0 1
165 337.5 0.75 0 0 1
169 331.5 0.75 0 0 1
170 331.5 0.75 0 0 1
171 331.5 0.75 0 0 1
172 331.5 0.75 0 0 1
173 331.5 0.75 0 0 1
169 333 0.75 0 0 1
170 333 0.75 0 0 1
171 333 0.75 0 0 1
172 333 0.75 0 0 1
173 333 0.75 0 0 1
169 334.5 0.75 0 0 1
170 334.5 0.75 0 0 1
171 334.5 0.75 0 0 1
172 334.5 0.75 0 0 1
173 334.5 0.75 0 0 1
169 336 0.75 0 0 1
170 336 0.75 0 0 1
171 336 0.75 0 0 1
172 336 0.75 0 0 1
173 336 0.75 0 0 1
169 337.5 0.75 0 0 1
170 337.5 0.75 0 0 1
171 337.5 0.75 0 0 1
172 337.5 0.75 0 0 1
173 337.5 0.75 0 0 1
177 331.5 0.75 0 0 1
178 331.5 0.75 0 0 1
179 331.5 0.75 0 0 1
180 331.5 0.75 0 0 1
181 331.5 0.75 0 0 1
177 333 0.75 0 0 1
178 333 0.75 0 0 1
179 333 0.75 0 0 1
180 333 0.75 0 0 1
181 333 0.75 0 0 1
177 334.5 0.75 0 0 1
178 334.5 0.75 0 0 1
179 334.5 0.75 0 0 1
180 334.5 0.75 0 0 1
181 334.5 0.75 0 0 1
177 336 0.75 0 0 1
178 336 0.75 0 0 1
179 336 0.75 0 0 1
180 336 0.75 0 0 1
181 336 0.75 0 0 1
177 337.5 0.75 0 0 1
178 337.5 0.75 0 0 1
179 337.5 0.75 0 0 1
180 337.5 0.75 0 0 1
181 337.5 0.75 0 0 1
185 331.5 0.75 0 0 1
186 331.5 0.75 0 0 1
187 331.5 0.75 0 0 1
188 331.5 0.75 0 0 1
189 331.5 0.75 0 0 1
185 333 0.75 0 0 1
186 333 0.75 0 0 1
187 333 0.75 0 0 1
188 333 0.75 0 0 1
189 333 0.75 0 0 1
185 334.5 0.75 0 0 1
186 334.5 0.75 0 0 1
187 334.5 0.75 0 0 1
188 334.5 0.75 0 0 1
189 334.5 0.75 0 0 1
185 336 0.75 0 0 1
186 336 0.75 0 0 1
187 336 0.75 0 0 1
188 336 0.75 0 0 1
189 336 0.75 0 0 1
185 337.5 0.75 0 0 1
186 337.5 0.75 0 0 1
187 337.5 0.75 0 0 1
188 337.5 0.75 0 0 1
189 337.5 0.75 0 0 1
193 331.5 0.75 0 0 1
194 331.5 0.75 0 0 1
195 331.5 0.75 0 0 1
196 331.5 0.75 0 0 1
197 331.5 0.75 0 0 1
193 333 0.75 0 0 1
194 333 0.75 0 0 1
195 333 0.75 0 0 1
196 333 0.75 0 0 1
197 333 0.75 0 0 1
193 334.5 0.75 0 0 1
194 334.5 0.75 0 0 1
195 334.5 0.75 0 0 1
196 334.5 0.75 0 0 1
197 334.5 0.75 0 0 1
193 336 0.75 0 0 1
194 336 0.75 0 0 1
195 336 0.75 0 0 1
196 336 0.75 0 0 1
197 336 0.75 0 0 1
193 337.5 0.75 0 0 1
194 337.5 0.75 0 0 1
195 337.5 0.75 0 0 1
196 337.5 0.75 0 0 1
197 337.5 0.75 0 0 1
201 331.5 0.75 0 0 1
202 331.5 0.75 0 0 1
203 331.5 0.75 0 0 1
204 331.5 0.75 0 0 1
205 331.5 0.75 0 0 1
201 333 0.75 0 0 1
202 333 0.75 0 0 1
203 333 0.75 0 0 1
204 333 0.75 0 0 1
205 333 0.75 0 0 1
201 334.5 0.75 0 0 1
202 334.5 0.75 0 0 1
203 334.5 0.75 0 0 1
204 334.5 0.75 0 0 1
205 334.5 0.75 0 0 1
201 336 0.75 0 0 1
202 336 0.75 0 0 1
203 336 0.75 0 0 1
204 336 0.75 0 0 1
205 336 0.75 0 0 1
201 337.5 0.75 0 0 1
202 337.5 0.75 0 0 1
203 337.5 0.75 0 0 1
204 337.5 0.75 0 0 1
205 337.5 0.75 0 0 1
209 331.5 0.75 0 0 1
210 331.5 0.75 0 0 1
211 331.5 0.75 0 0 1
212 331.5 0.75 0 0 1
213 331.5 0.75 0 0 1
209 333 0.75 0 0 1
210 333 0.75 0 0 1
211 333 0.75 0 0 1
212 333 0.75 0 0 1
213 333 0.75 0 0 1
209 334.5 0.75 0 0 1
210 334.5 0.75 0 0 1
211 334.5 0.75 0 0 1
212 334.5 0.75 0 0 1
213 334.5 0.75 0 0 1
209 336 0.75 0 0 1
210 336 0.75 0 0 1
211 336 0.75 0 0 1
212 336 0.75 0 0 1
213 336 0.75 0 0 1
209 337.5 0.75 0 0 1
210 337.5 0.75 0 0 1
211 337.5 0.75 0 0 1
212 337.5 0.75 0 0 1
213 337.5 0.75 0 0 1
217 331.5 0.75 0 0 1
218 331.5 0.75 0 0 1
219 331.5 0.75 0 0 1
220 331.5 0.75 0 0 1
221 331.5 0.75 0 0 1
217 333 0.75 0 0 1
218 333 0.75 0 0 1
219 333 0.75 0 0 1
220 333 0.75 0 0 1
221 333 0.75 0 0 1
217 334.5 0.75 0 0 1
218 334.5 0.75 0 0 1
219 334.5 0.75 0 0 1
220 334.5 0.75 0 0 1
221 334.5 0.75 0 0 1
217 336 0.75 0 0 1
218 336 0.75 0 0 1
219 336 0.75 0 0 1
220 336 0.75 0 0 1
221 336 0.75 0 0 1
217 337.5 0.75 0 0 1
218 337.5 0.75 0 0 1
219 337.5 0.75 0 0 1
220 337.5 0.75 0 0 1
221 337.5 0.75 0 0 1
225 331.5 0.75 0 0 1
226 331.5 0.75 0 0 1
227 331.5 0.75 0 0 1
228 331.5 0.75 0 0 1
229 331.5 0.75 0 0 1
225 333 0.75 0 0 1
226 333 0.75 0 0 1
227 333 0.75 0 0 1
228 333 0.75 0 0 1
229 333 0.75 0 0 1
225 334.5 0.75 0 0 1
226 334.5 0.75 0 0 1
227 334.5 0.75 0 0 1
228 334.5 0.75 0 0 1
229 334.5 0.75 0 0 1
225 336 0.75 0 0 1
226 336 0.75 0 0 1
227 336 0.75 0 0 1
228 336 0.75 0 0 1
229 336 0.75 0 0 1
225 337.5 0.75 0 0 1
226 337.5 0.75 0 0 1
227 337.5 0.75 0 0 1
228 337.5 0.75 0 0 1
229 337.5 0.75 0 0 1
233 331.5 0.75 0 0 1
234 331.5 0.75 0 0 1
235 331.5 0.75 0 0 1
236 331.5 0.75 0 0 1
237 331.5 0.75 0 0 1
233 333 0.75 0 0 1
234 333 0.75 0 0 1
235 333 0.75 0 0 1
236 333 0.75 0 0 1
237 333 0.75 0 0 1
233 334.5 0.75 0 0 1
234 334.5 0.75 0 0 1
235 334.5 0.75 0 0 1
236 334.5 0.75 0 0 1
237 334.5 0.75 0 0 1
233 336 0.75 0 0 1
234 336 0.75 0 0 1
235 336 0.75 0 0 1
236 336 0.75 0 0 1
237 336 0.75 0 0 1
233 337.5 0.75 0 0 1
234 337.5 0.75 0 0 1
235 337.5 0.75 0 0 1
236 337.5 0.75 0 0 1
237 337.5 0.75 0 0 1
241 331.5 0.75 0 0 1
242 331.5 0.75 0 0 1
243 331.5 0.75 0 0 1
244 331.5 0.75 0 0 1
245 331.5 0.75 0 0 1
241 333 0.75 0 0 1
242 333 0.75 0 0 1
243 333 0.75 0 0 1
244 333 0.75 0 0 1
245 333 0.75 0 0 1
241 334.5 0.75 0 0 1
242 334.5 0.75 0 0 1
243 334.5 0.75 0 0 1
244 334.5 0.75 0 0 1
245 334.5 0.75 0 0 1
241 336 0.75 0 0 1
242 336 0.75 0 0 1
243 336 0.75 0 0 1
244 336 0.75 0 0 1
245 336 0.75 0 0 1
241 337.5 0.75 0 0 1
242 337.5 0.75 0 0 1
243 337.5 0.75 0 0 1
244 337.5 0.75 0 0 1
245 337.5 0.75 0 0 1
249 331.5 0.75 0 0 1
250 331.5 0.75 0 0 1
251 331.5 0.75 0 0 1
252 331.5 0.75 0 0 1
253 331.5 0.75 0 0 1
249 333 0.75 0 0 1
250 333 0.75 0 0 1
251 333 0.75 0 0 1
252 333 0.75 0 0 1
253 333 0.75 0 0 1
249 334.5 0.75 0 0 1
250 334.5 0.75 0 0 1
251 334.5 0.75 0 0 1
252 334.5 0.75 0 0 1
253 334.5 0.75 0 0 1
249 336 0.75 0 0 1
250 336 0.75 0 0 1
251 336 0.75 0 0 1
252 336 0.75 0 0 1
253 336 0.75 0 0 1
249 337.5 0.75 0 0 1
250 337.5 0.75 0 0 1
251 337.5 0.75 0 0 1
252 337.5 0.75 0 0 1
253 337.5 0.75 0 0 1
1 342.5 0.75 0 0 1
2 342.5 0.75 0 0 1
3 342.5 0.75 0 0 1
4 342.5 0.75 0 0 1
5 342.5 0.75 0 0 1
1 344 0.75 0 0 1
2 344 0.75 0 0 1
3 344 0.75 0 0 1
4 344 0.75 0 0 1
5 344 0.75 0 0 1
1 345.5 0.75 0 0 1
2 345.5 0.75 0 0 1
3 345.5 0.75 0 0 1
4 345.5 0.75 0 0 1
5 345.5 0.75 0 0 1
1 347 0.75 0 0 1
2 347 0.75 0 0 1
3 347 0.75 0 0 1
4 347 0.75 0 0 1
5 347 0.75 0 0 1
1 348.5 0.75 0 0 1
2 348.5 0.75 0 0 1
3 348.5 0.75 0 0 1
4 348.5 0.75 0 0 1
5 348.5 0.75 0 0 1
9 342.5 0.75 0 0 1
10 342.5 0.75 0 0 1
11 342.5 0.75 0 0 1
12 342.5 0.75 0 0 1
13 342.5 0.75 0 0 1
9 344 0.75 0 0 1
10 344 0.75 0 0 1
11 344 0.75 0 0 1
12 344 0.75 0 0 1
13 344 0.75 0 0 1
9 345.5 0.75 0 0 1
10 345.5 0.75 0 0 1
11 345.5 0.75 0 0 1
12 345.5 0.75 0 0 1
13 345.5 0.75 0 0 1
9 347 0.75 0 0 1
10 347 0.75 0 0 1
11 347 0.75 0 0 1
12 347 0.75 0 0 1
13 347 0.75 0 0 1
9 348.5 0.75 0 0 1
10 348.5 0.75 0 0 1
11 348.5 0.75 0 0 1
12 348.5 0.75 0 0 1
13 348.5 0.75 0 0 1
17 342.5 0.75 0 0 1
18 342.5 0.75 0 0 1
19 342.5 0.75 0 0 1
20 342.5 0.75 0 0 1
21 342.5 0.75 0 0 1
17 344 0.75 0 0 1
18 344 0.75 0 0 1
19 344 0.75 0 0 1
20 344 0.75 0 0 1
21 344 0.75 0 0 1
17 345.5 0.75 0 0 1
18 345.5 0.75 0 0 1
19 345.5 0.75 0 0 1
20 345.5 0.75 0 0 1
21 345.5 0.75 0 0 1
17 347 0.75 0 0 1
18 347 0.75 0 0 1
19 347 0.75 0 0 1
20 347 0.75 0 0 1
21 347 0.75 0 0 1
17 348.5 0.75 0 0 1
18 348.5 0.75 0 0 1
19 348.5 0.75 0 0 1
20 348.5 0.75 0 0 1
21 348.5 0.75 0 0 1
25 342.5 0.75 0 0 1
26 342.5 0.75 0 0 1
27 342.5 0.75 0 0 1
28 342.5 0.75 0 0 1
29 342.5 0.75 0 0 1
25 344 0.75 0 0 1
26 344 0.75 0 0 1
27 344 0.75 0 0 1
28 344 0.75 0 0 1
29 344 0.75 0 0 1
25 345.5 0.75 0 0 1
26 345.5 0.75 0 0 1
27 345.5 0.75 0 0 1
28 345.5 0.75 0 0 1
29 345.5 0.75 0 0 1
25 347 0.75 0 0 1
26 347 0.75 0 0 1
27 347 0.75 0 0 1
28 347 0.75 0 0 1
29 347 0.75 0 0 1
25 348.5 0.75 0 0 1
26 348.5 0.75 0 0 1
27 348.5 0.75 0 0 1
28 348.5 0.75 0 0 1
29 348.5 0.75 0 0 1
33 342.5 0.75 0 0 1
34 342.5 0.75 0 0 1
35 342.5 0.75 0 0 1
36 342.5 0.75 0 0 1
37 342.5 0.75 0 0 1
33 344 0.75 0 0 1
34 344 0.75 0 0 1
35 344 0.75 0 0 1
36 344 0.75 0 0 1
37 344 0.75 0 0 1
33 345.5 0.75 0 0 1
34 345.5 0.75 0 0 1
35 345.5 0.75 0 0 1
36 345.5 0.75 0 0 1
37 345.5 0.75 0 0 1
33 347 0.75 0 0 1
34 347 0.75 0 0 1
35 347 0.75 0 0 1
36 347 0.75 0 0 1
37 347 0.75 0 0 1
33 348.5 0.75 0 0 1
34 348.5 0.75 0 0 1
35 348.5 0.75 0 0 1
36 348.5 0.75 0 0 1
37 348.5 0.75 0 0 1
41 342.5 0.75 0 0 1
42 342.5 0.75 0 0 1
43 342.5 0.75 0 0 1
44 342.5 0.75 0 0 1
45 342.5 0.75 0 0 1
41 344 0.75 0 0 1
42 344 0.75 0 0 1
43 344 0.75 0 0 1
44 344 0.75 0 0 1
45 344 0.75 0 0 1
41 345.5 0.75 0 0 1
42 345.5 0.75 0 0 1
43 345.5 0.75 0 0 1
44 345.5 0.75 0 0 1
45 345.5 0.75 0 0 1
41 347 0.75 0 0 1
42 347 0.75 0 0 1
43 347 0.75 0 0 1
44 347 0.75 0 0 1
45 347 0.75 0 0 1
41 348.5 0.75 0 0 1
42 348.5 0.75 0 0 1
43 348.5 0.75 0 0 1
44 348.5 0.75 0 0 1
45 348.5 0.75 0 0 1
49 342.5 0.75 0 0 1
50 342.5 0.75 0 0 1
51 342.5 0.75 0 0 1
52 342.5 0.75 0 0 1
53 342.5 0.75 0 0 1
49 344 0.75 0 0 1
50 344 0.75 0 0 1
51 344 0.75 0 0 1
52 344 0.75 0 0 1
53 344 0.75 0 0 1
49 345.5 0.75 0 0 1
50 345.5 0.75 0 0 1
51 345.5 0.75 0 0 1
52 345.5 0.75 0 0 1
53 345.5 0.75 0 0 1
49 347 0.75 0 0 1
50 347 0.75 0 0 1
51 347 0.75 0 0 1
52 347 0.75 0 0 1
53 347 0.75 0 0 1
49 348.5 0.75 0 0 1
50 348.5 0.75 0 0 1
51 348.5 0.75 0 0 1
52 348.5 0.75 0 0 1
53 348.5 0.75 0 0 1
57 342.5 0.75 0 0 1
58 342.5 0.75 0 0 1
59 342.5 0.75 0 0 1
60 342.5 0.75 0 0 1
61 342.5 0.75 0 0 1
57 344 0.75 0 0 1
58 344 0.75 0 0 1
59 344 0.75 0 0 1
60 344 0.75 0 0 1
61 344 0.75 0 0 1
57 345.5 0.75 0 0 1
58 345.5 0.75 0 0 1
59 345.5 0.75 0 0 1
60 345.5 0.75 0 0 1
61 345.5 0.75 0 0 1
57 347 0.75 0 0 1
58 347 0.75 0 0 1
59 347 0.75 0 0 1
60 347 0.75 0 0 1
61 347 0.75 0 0 1
57 348.5 0.75 0 0 1
58 348.5 0.75 0 0 1
59 348.5 0.75 0 0 1
60 348.5 0.75 0 0 1
61 348.5 0.75 0 0 1
